transaction_id,timestamp,user_id,receiver_id,amount,transaction_type,location,device_type,is_rooted_device,network_type,time_of_day,is_fraud
100001,2025-01-01 00:00:00.000000,1103,5974,257.67,merchant_payment,Ahmedabad,mobile,0,4G,night,0
100002,2025-01-01 01:45:08.461492,1436,5632,216.09,merchant_payment,Delhi,mobile,0,WiFi,night,0
100003,2025-01-01 03:30:16.922984,1861,5894,190.54,send,Pune,mobile,0,5G,night,0
100004,2025-01-01 05:15:25.384476,1271,5567,403.96,receive,Bangalore,mobile,1,4G,night,1
100005,2025-01-01 07:00:33.845969,1107,5027,591.74,merchant_payment,Kolkata,mobile,0,WiFi,morning,1
100006,2025-01-01 08:45:42.307461,1072,5630,138.5,send,Hyderabad,mobile,0,4G,morning,0
100007,2025-01-01 10:30:50.768953,1701,5733,170.09,send,Chennai,mobile,0,5G,morning,0
100008,2025-01-01 12:15:59.230446,1021,5231,246.05,merchant_payment,Kolkata,mobile,0,WiFi,afternoon,0
100009,2025-01-01 14:01:07.691938,1615,5565,189.62,receive,Chennai,mobile,0,4G,afternoon,0
100010,2025-01-01 15:46:16.153430,1122,5807,511.2,receive,Chennai,mobile,0,4G,afternoon,0
100011,2025-01-01 17:31:24.614922,1467,5321,707.14,receive,Hyderabad,mobile,0,5G,afternoon,0
100012,2025-01-01 19:16:33.076415,1215,5913,616.39,send,Hyderabad,mobile,0,5G,evening,1
100013,2025-01-01 21:01:41.537907,1331,5233,617.29,merchant_payment,Pune,mobile,0,WiFi,evening,0
100014,2025-01-01 22:46:49.999399,1459,5670,2620.16,send,Hyderabad,mobile,0,5G,evening,0
100015,2025-01-02 00:31:58.460892,1088,5437,752.71,send,Bangalore,mobile,0,4G,night,0
100016,2025-01-02 02:17:06.922384,1373,5781,1079.19,send,Delhi,tablet,0,WiFi,night,0
100017,2025-01-02 04:02:15.383876,1100,5533,325.51,send,Mumbai,mobile,0,WiFi,night,0
100018,2025-01-02 05:47:23.845369,1872,5403,1266.49,merchant_payment,Hyderabad,mobile,0,4G,night,0
100019,2025-01-02 07:32:32.306861,1664,5053,310.33,merchant_payment,Delhi,mobile,0,4G,morning,0
100020,2025-01-02 09:17:40.768353,1131,5787,743.56,merchant_payment,Pune,mobile,0,4G,morning,0
100021,2025-01-02 11:02:49.229845,1662,5313,125.04,send,Hyderabad,mobile,0,WiFi,morning,0
100022,2025-01-02 12:47:57.691338,1309,5281,581.86,merchant_payment,Mumbai,mobile,0,4G,afternoon,0
100023,2025-01-02 14:33:06.152830,1770,5726,185.79,receive,Kolkata,tablet,0,WiFi,afternoon,0
100024,2025-01-02 16:18:14.614322,1344,5031,1256.44,merchant_payment,Ahmedabad,mobile,0,WiFi,afternoon,0
100025,2025-01-02 18:03:23.075815,1492,5337,1183.08,merchant_payment,Hyderabad,mobile,0,4G,evening,0
100026,2025-01-02 19:48:31.537307,1414,5183,309.01,send,Delhi,tablet,0,5G,evening,0
100027,2025-01-02 21:33:39.998799,1806,5023,3826.0,send,Pune,mobile,0,4G,evening,0
100028,2025-01-02 23:18:48.460292,1386,5544,370.23,send,Pune,mobile,0,4G,evening,0
100029,2025-01-03 01:03:56.921784,1192,5446,98.3,receive,Ahmedabad,mobile,0,5G,night,0
100030,2025-01-03 02:49:05.383276,1956,5074,226.08,merchant_payment,Bangalore,mobile,0,5G,night,0
100031,2025-01-03 04:34:13.844768,1277,5010,173.44,send,Pune,mobile,0,5G,night,0
100032,2025-01-03 06:19:22.306261,1161,5484,720.25,send,Kolkata,tablet,0,WiFi,morning,1
100033,2025-01-03 08:04:30.767753,1460,5456,143.26,send,Pune,mobile,0,4G,morning,0
100034,2025-01-03 09:49:39.229245,1314,5566,287.37,merchant_payment,Pune,mobile,0,5G,morning,0
100035,2025-01-03 11:34:47.690738,1022,5564,674.89,send,Kolkata,mobile,0,WiFi,morning,0
100036,2025-01-03 13:19:56.152230,1253,5660,566.03,send,Ahmedabad,mobile,0,4G,afternoon,0
100037,2025-01-03 15:05:04.613722,1748,5160,486.56,send,Ahmedabad,mobile,0,5G,afternoon,0
100038,2025-01-03 16:50:13.075215,1857,5882,558.92,receive,Kolkata,mobile,1,5G,afternoon,1
100039,2025-01-03 18:35:21.536707,1561,5014,340.19,receive,Mumbai,mobile,0,WiFi,evening,0
100040,2025-01-03 20:20:29.998199,1475,5178,99.11,merchant_payment,Delhi,mobile,0,4G,evening,0
100041,2025-01-03 22:05:38.459691,1059,5412,331.35,send,Chennai,tablet,0,5G,evening,0
100042,2025-01-03 23:50:46.921184,1511,5878,787.41,receive,Pune,mobile,0,WiFi,evening,0
100043,2025-01-04 01:35:55.382676,1682,5053,429.69,send,Ahmedabad,tablet,0,4G,night,0
100044,2025-01-04 03:21:03.844168,1476,5408,728.86,send,Chennai,mobile,1,4G,night,0
100045,2025-01-04 05:06:12.305661,1700,5847,274.02,receive,Chennai,mobile,0,5G,night,0
100046,2025-01-04 06:51:20.767153,1976,5022,1331.87,send,Bangalore,mobile,0,4G,morning,0
100047,2025-01-04 08:36:29.228645,1783,5030,38.23,receive,Hyderabad,tablet,0,5G,morning,0
100048,2025-01-04 10:21:37.690138,1190,5703,567.61,send,Pune,tablet,0,4G,morning,0
100049,2025-01-04 12:06:46.151630,1958,5260,1898.62,send,Hyderabad,tablet,1,WiFi,afternoon,0
100050,2025-01-04 13:51:54.613122,1687,5205,2203.27,merchant_payment,Hyderabad,tablet,0,WiFi,afternoon,0
100051,2025-01-04 15:37:03.074614,1958,5059,390.79,receive,Bangalore,mobile,0,4G,afternoon,0
100052,2025-01-04 17:22:11.536107,1563,5471,130.82,merchant_payment,Chennai,mobile,0,4G,afternoon,1
100053,2025-01-04 19:07:19.997599,1876,5776,1932.31,merchant_payment,Kolkata,mobile,0,5G,evening,0
100054,2025-01-04 20:52:28.459091,1567,5466,467.84,receive,Hyderabad,mobile,0,4G,evening,0
100055,2025-01-04 22:37:36.920584,1244,5012,420.33,merchant_payment,Ahmedabad,tablet,0,5G,evening,0
100056,2025-01-05 00:22:45.382076,1832,5631,201.77,receive,Kolkata,mobile,0,4G,night,0
100057,2025-01-05 02:07:53.843568,1505,5927,141.19,send,Kolkata,mobile,0,4G,night,0
100058,2025-01-05 03:53:02.305061,1131,5974,865.98,send,Bangalore,mobile,0,4G,night,0
100059,2025-01-05 05:38:10.766553,1485,5290,962.82,receive,Ahmedabad,mobile,0,4G,night,1
100060,2025-01-05 07:23:19.228045,1819,5850,602.78,send,Bangalore,mobile,0,4G,morning,0
100061,2025-01-05 09:08:27.689537,1647,5760,229.51,send,Delhi,mobile,0,5G,morning,0
100062,2025-01-05 10:53:36.151030,1021,5354,169.86,send,Pune,mobile,0,5G,morning,0
100063,2025-01-05 12:38:44.612522,1841,5639,117.65,send,Hyderabad,mobile,0,5G,afternoon,0
100064,2025-01-05 14:23:53.074014,1167,5075,281.31,send,Chennai,mobile,0,5G,afternoon,0
100065,2025-01-05 16:09:01.535507,1274,5873,180.21,send,Mumbai,mobile,0,4G,afternoon,0
100066,2025-01-05 17:54:09.996999,1388,5716,89.18,send,Ahmedabad,tablet,0,4G,afternoon,0
100067,2025-01-05 19:39:18.458491,1601,5561,945.15,send,Bangalore,mobile,0,4G,evening,0
100068,2025-01-05 21:24:26.919983,1316,5591,131.75,receive,Kolkata,mobile,0,5G,evening,0
100069,2025-01-05 23:09:35.381476,1014,5441,1318.07,send,Delhi,mobile,0,5G,evening,0
100070,2025-01-06 00:54:43.842968,1242,5991,730.75,merchant_payment,Mumbai,mobile,0,5G,night,0
100071,2025-01-06 02:39:52.304460,1777,5241,661.39,merchant_payment,Bangalore,mobile,0,5G,night,1
100072,2025-01-06 04:25:00.765953,1346,5861,2605.32,receive,Delhi,mobile,0,4G,night,0
100073,2025-01-06 06:10:09.227445,1565,5154,136.21,merchant_payment,Kolkata,mobile,0,WiFi,morning,0
100074,2025-01-06 07:55:17.688937,1898,5786,1180.59,send,Hyderabad,mobile,0,WiFi,morning,0
100075,2025-01-06 09:40:26.150430,1340,5096,365.9,send,Pune,tablet,0,4G,morning,0
100076,2025-01-06 11:25:34.611922,1092,5726,6445.07,merchant_payment,Pune,mobile,0,5G,morning,0
100077,2025-01-06 13:10:43.073414,1367,5294,336.7,send,Delhi,mobile,0,5G,afternoon,0
100078,2025-01-06 14:55:51.534906,1956,5209,286.49,merchant_payment,Bangalore,tablet,0,5G,afternoon,0
100079,2025-01-06 16:40:59.996399,1455,5343,754.11,receive,Pune,mobile,0,WiFi,afternoon,0
100080,2025-01-06 18:26:08.457891,1428,5088,399.85,send,Pune,mobile,0,5G,evening,0
100081,2025-01-06 20:11:16.919383,1509,5818,230.8,receive,Hyderabad,mobile,0,5G,evening,0
100082,2025-01-06 21:56:25.380876,1776,5776,186.74,receive,Kolkata,mobile,0,5G,evening,0
100083,2025-01-06 23:41:33.842368,1943,5937,2117.95,send,Chennai,tablet,1,4G,evening,0
100084,2025-01-07 01:26:42.303860,1035,5390,153.94,send,Pune,mobile,0,4G,night,0
100085,2025-01-07 03:11:50.765353,1206,5325,615.9,merchant_payment,Delhi,mobile,0,4G,night,1
100086,2025-01-07 04:56:59.226845,1081,5940,1416.84,receive,Mumbai,tablet,0,4G,night,0
100087,2025-01-07 06:42:07.688337,1932,5889,1486.97,send,Ahmedabad,mobile,0,WiFi,morning,0
100088,2025-01-07 08:27:16.149829,1562,5832,269.98,send,Kolkata,mobile,0,4G,morning,0
100089,2025-01-07 10:12:24.611322,1872,5157,400.94,merchant_payment,Hyderabad,mobile,0,WiFi,morning,0
100090,2025-01-07 11:57:33.072814,1388,5668,330.24,receive,Kolkata,mobile,0,WiFi,morning,1
100091,2025-01-07 13:42:41.534306,1002,5651,106.16,receive,Hyderabad,mobile,0,WiFi,afternoon,0
100092,2025-01-07 15:27:49.995799,1390,5633,843.46,merchant_payment,Kolkata,mobile,0,4G,afternoon,0
100093,2025-01-07 17:12:58.457291,1566,5577,512.09,send,Ahmedabad,mobile,0,4G,afternoon,0
100094,2025-01-07 18:58:06.918783,1106,5619,2080.96,receive,Chennai,mobile,0,4G,evening,0
100095,2025-01-07 20:43:15.380276,1772,5659,216.33,merchant_payment,Delhi,mobile,0,WiFi,evening,0
100096,2025-01-07 22:28:23.841768,1822,5137,1463.66,merchant_payment,Mumbai,mobile,0,WiFi,evening,0
100097,2025-01-08 00:13:32.303260,1477,5923,1570.63,send,Pune,mobile,0,4G,night,0
100098,2025-01-08 01:58:40.764752,1703,5674,516.5,send,Chennai,mobile,0,4G,night,0
100099,2025-01-08 03:43:49.226245,1402,5428,56.21,merchant_payment,Delhi,tablet,0,5G,night,0
100100,2025-01-08 05:28:57.687737,1730,5452,295.13,send,Mumbai,mobile,0,4G,night,0
100101,2025-01-08 07:14:06.149229,1556,5612,2939.14,merchant_payment,Kolkata,mobile,0,WiFi,morning,0
100102,2025-01-08 08:59:14.610722,1162,5850,663.19,send,Ahmedabad,mobile,0,WiFi,morning,0
100103,2025-01-08 10:44:23.072214,1202,5911,985.75,send,Pune,mobile,0,5G,morning,0
100104,2025-01-08 12:29:31.533706,1958,5819,450.71,send,Mumbai,tablet,0,5G,afternoon,0
100105,2025-01-08 14:14:39.995199,1996,5141,394.08,merchant_payment,Bangalore,mobile,0,5G,afternoon,0
100106,2025-01-08 15:59:48.456691,1270,5083,76.15,merchant_payment,Mumbai,mobile,0,4G,afternoon,0
100107,2025-01-08 17:44:56.918183,1863,5177,1090.88,receive,Delhi,tablet,0,WiFi,afternoon,0
100108,2025-01-08 19:30:05.379675,1816,5198,1450.53,merchant_payment,Chennai,mobile,0,WiFi,evening,0
100109,2025-01-08 21:15:13.841168,1271,5624,190.4,send,Pune,mobile,0,4G,evening,0
100110,2025-01-08 23:00:22.302660,1456,5568,412.05,send,Chennai,mobile,0,4G,evening,0
100111,2025-01-09 00:45:30.764152,1462,5972,360.06,merchant_payment,Pune,tablet,0,4G,night,0
100112,2025-01-09 02:30:39.225645,1727,5691,750.06,merchant_payment,Bangalore,mobile,0,WiFi,night,0
100113,2025-01-09 04:15:47.687137,1252,5421,285.9,merchant_payment,Delhi,mobile,0,4G,night,0
100114,2025-01-09 06:00:56.148629,1702,5401,1250.55,merchant_payment,Ahmedabad,mobile,0,5G,morning,0
100115,2025-01-09 07:46:04.610122,1296,5698,529.18,send,Ahmedabad,mobile,0,4G,morning,0
100116,2025-01-09 09:31:13.071614,1725,5471,38.5,send,Mumbai,mobile,0,WiFi,morning,0
100117,2025-01-09 11:16:21.533106,1720,5218,767.18,merchant_payment,Bangalore,mobile,0,5G,morning,0
100118,2025-01-09 13:01:29.994598,1749,5925,1334.55,send,Kolkata,mobile,0,4G,afternoon,0
100119,2025-01-09 14:46:38.456091,1338,5929,155.7,send,Hyderabad,mobile,0,4G,afternoon,0
100120,2025-01-09 16:31:46.917583,1879,5828,741.54,merchant_payment,Kolkata,mobile,0,4G,afternoon,0
100121,2025-01-09 18:16:55.379075,1053,5987,3071.62,send,Delhi,mobile,0,5G,evening,0
100122,2025-01-09 20:02:03.840568,1792,5729,551.18,merchant_payment,Bangalore,mobile,0,5G,evening,0
100123,2025-01-09 21:47:12.302060,1922,5632,1543.22,send,Chennai,mobile,0,4G,evening,0
100124,2025-01-09 23:32:20.763552,1217,5951,316.67,merchant_payment,Bangalore,mobile,0,5G,evening,0
100125,2025-01-10 01:17:29.225045,1764,5906,483.98,receive,Hyderabad,mobile,0,4G,night,0
100126,2025-01-10 03:02:37.686537,1188,5175,401.57,receive,Ahmedabad,mobile,0,WiFi,night,1
100127,2025-01-10 04:47:46.148029,1380,5023,334.58,receive,Delhi,mobile,0,4G,night,0
100128,2025-01-10 06:32:54.609521,1493,5725,425.08,send,Bangalore,mobile,0,WiFi,morning,0
100129,2025-01-10 08:18:03.071014,1041,5917,96.48,receive,Pune,mobile,0,5G,morning,0
100130,2025-01-10 10:03:11.532506,1157,5235,353.94,receive,Kolkata,mobile,0,5G,morning,0
100131,2025-01-10 11:48:19.993998,1015,5013,1877.71,receive,Mumbai,mobile,0,4G,morning,0
100132,2025-01-10 13:33:28.455491,1813,5101,187.98,send,Kolkata,mobile,0,4G,afternoon,0
100133,2025-01-10 15:18:36.916983,1065,5929,169.67,send,Delhi,tablet,0,5G,afternoon,0
100134,2025-01-10 17:03:45.378475,1857,5536,523.85,send,Ahmedabad,mobile,0,5G,afternoon,0
100135,2025-01-10 18:48:53.839967,1839,5876,550.7,merchant_payment,Bangalore,tablet,0,4G,evening,0
100136,2025-01-10 20:34:02.301460,1521,5523,718.71,send,Ahmedabad,mobile,0,WiFi,evening,0
100137,2025-01-10 22:19:10.762952,1344,5785,439.77,merchant_payment,Kolkata,mobile,0,4G,evening,0
100138,2025-01-11 00:04:19.224444,1129,5452,529.46,merchant_payment,Bangalore,mobile,1,4G,night,0
100139,2025-01-11 01:49:27.685937,1648,5431,346.93,merchant_payment,Kolkata,mobile,0,5G,night,0
100140,2025-01-11 03:34:36.147429,1472,5793,137.58,merchant_payment,Delhi,mobile,0,WiFi,night,0
100141,2025-01-11 05:19:44.608921,1063,5606,458.8,send,Chennai,mobile,0,4G,night,0
100142,2025-01-11 07:04:53.070414,1139,5713,1016.98,merchant_payment,Ahmedabad,tablet,0,5G,morning,0
100143,2025-01-11 08:50:01.531906,1499,5533,824.73,receive,Ahmedabad,mobile,0,5G,morning,0
100144,2025-01-11 10:35:09.993398,1593,5852,86.12,merchant_payment,Kolkata,mobile,0,WiFi,morning,0
100145,2025-01-11 12:20:18.454890,1392,5979,633.92,merchant_payment,Mumbai,mobile,0,4G,afternoon,0
100146,2025-01-11 14:05:26.916383,1675,5723,201.79,send,Kolkata,tablet,0,WiFi,afternoon,0
100147,2025-01-11 15:50:35.377875,1419,5652,1982.6,send,Delhi,mobile,1,4G,afternoon,1
100148,2025-01-11 17:35:43.839367,1289,5293,682.85,receive,Kolkata,tablet,0,4G,afternoon,1
100149,2025-01-11 19:20:52.300860,1379,5810,1207.47,merchant_payment,Mumbai,mobile,0,4G,evening,0
100150,2025-01-11 21:06:00.762352,1773,5913,503.29,send,Pune,mobile,0,4G,evening,0
100151,2025-01-11 22:51:09.223844,1490,5101,461.25,send,Mumbai,mobile,0,5G,evening,0
100152,2025-01-12 00:36:17.685337,1231,5502,2199.19,send,Delhi,mobile,0,5G,night,0
100153,2025-01-12 02:21:26.146829,1041,5304,1303.46,receive,Bangalore,mobile,0,4G,night,0
100154,2025-01-12 04:06:34.608321,1028,5871,554.38,merchant_payment,Kolkata,mobile,0,4G,night,0
100155,2025-01-12 05:51:43.069813,1135,5540,403.56,merchant_payment,Chennai,mobile,0,4G,night,0
100156,2025-01-12 07:36:51.531306,1201,5553,89.37,send,Mumbai,mobile,0,4G,morning,0
100157,2025-01-12 09:21:59.992798,1840,5355,681.68,send,Pune,mobile,0,4G,morning,0
100158,2025-01-12 11:07:08.454290,1780,5303,434.37,send,Mumbai,mobile,0,4G,morning,0
100159,2025-01-12 12:52:16.915783,1930,5496,857.44,receive,Kolkata,mobile,0,4G,afternoon,0
100160,2025-01-12 14:37:25.377275,1033,5658,1161.91,merchant_payment,Bangalore,mobile,0,5G,afternoon,0
100161,2025-01-12 16:22:33.838767,1048,5768,1690.74,send,Ahmedabad,mobile,0,WiFi,afternoon,0
100162,2025-01-12 18:07:42.300260,1503,5974,690.21,receive,Kolkata,mobile,0,4G,evening,0
100163,2025-01-12 19:52:50.761752,1407,5227,173.06,merchant_payment,Ahmedabad,mobile,0,4G,evening,0
100164,2025-01-12 21:37:59.223244,1574,5236,57.44,merchant_payment,Pune,mobile,0,5G,evening,0
100165,2025-01-12 23:23:07.684736,1728,5873,216.0,send,Pune,mobile,1,4G,evening,0
100166,2025-01-13 01:08:16.146229,1805,5892,1869.62,send,Delhi,mobile,0,5G,night,0
100167,2025-01-13 02:53:24.607721,1099,5455,3051.81,send,Chennai,mobile,0,WiFi,night,0
100168,2025-01-13 04:38:33.069213,1684,5013,388.42,merchant_payment,Kolkata,mobile,0,5G,night,0
100169,2025-01-13 06:23:41.530706,1872,5210,114.32,merchant_payment,Mumbai,mobile,0,5G,morning,0
100170,2025-01-13 08:08:49.992198,1726,5741,257.65,send,Mumbai,tablet,0,4G,morning,0
100171,2025-01-13 09:53:58.453690,1987,5397,1537.34,send,Delhi,mobile,0,4G,morning,0
100172,2025-01-13 11:39:06.915183,1547,5100,272.87,merchant_payment,Bangalore,mobile,0,5G,morning,0
100173,2025-01-13 13:24:15.376675,1961,5031,888.14,merchant_payment,Kolkata,mobile,0,WiFi,afternoon,0
100174,2025-01-13 15:09:23.838167,1739,5898,583.22,merchant_payment,Hyderabad,mobile,0,WiFi,afternoon,0
100175,2025-01-13 16:54:32.299659,1613,5528,1002.25,send,Bangalore,mobile,1,4G,afternoon,0
100176,2025-01-13 18:39:40.761152,1943,5649,3035.13,send,Mumbai,mobile,0,4G,evening,0
100177,2025-01-13 20:24:49.222644,1462,5329,888.72,send,Pune,mobile,0,4G,evening,0
100178,2025-01-13 22:09:57.684136,1643,5166,570.73,send,Kolkata,mobile,0,4G,evening,0
100179,2025-01-13 23:55:06.145629,1769,5459,3389.28,receive,Pune,mobile,0,WiFi,evening,0
100180,2025-01-14 01:40:14.607121,1005,5822,698.93,send,Mumbai,mobile,0,4G,night,1
100181,2025-01-14 03:25:23.068613,1218,5952,222.97,send,Chennai,mobile,1,4G,night,1
100182,2025-01-14 05:10:31.530106,1503,5982,979.91,merchant_payment,Bangalore,mobile,0,WiFi,night,0
100183,2025-01-14 06:55:39.991598,1767,5993,770.82,send,Hyderabad,mobile,0,4G,morning,0
100184,2025-01-14 08:40:48.453090,1398,5100,362.16,merchant_payment,Chennai,mobile,0,5G,morning,0
100185,2025-01-14 10:25:56.914582,1871,5621,293.66,send,Hyderabad,mobile,0,4G,morning,0
100186,2025-01-14 12:11:05.376075,1795,5855,365.67,merchant_payment,Chennai,mobile,0,4G,afternoon,0
100187,2025-01-14 13:56:13.837567,1393,5173,289.49,send,Bangalore,mobile,0,4G,afternoon,0
100188,2025-01-14 15:41:22.299059,1207,5749,377.75,merchant_payment,Mumbai,mobile,1,5G,afternoon,1
100189,2025-01-14 17:26:30.760552,1015,5162,212.13,send,Hyderabad,mobile,0,5G,afternoon,1
100190,2025-01-14 19:11:39.222044,1858,5905,724.99,send,Ahmedabad,mobile,0,5G,evening,0
100191,2025-01-14 20:56:47.683536,1554,5728,672.63,merchant_payment,Bangalore,mobile,0,5G,evening,0
100192,2025-01-14 22:41:56.145029,1892,5776,695.9,send,Hyderabad,mobile,0,WiFi,evening,1
100193,2025-01-15 00:27:04.606521,1461,5263,462.96,send,Ahmedabad,mobile,0,4G,night,0
100194,2025-01-15 02:12:13.068013,1691,5804,412.54,merchant_payment,Bangalore,mobile,0,WiFi,night,0
100195,2025-01-15 03:57:21.529505,1575,5274,2083.92,merchant_payment,Chennai,mobile,0,4G,night,0
100196,2025-01-15 05:42:29.990998,1864,5003,527.11,send,Bangalore,mobile,0,4G,night,0
100197,2025-01-15 07:27:38.452490,1743,5028,1743.7,send,Chennai,mobile,0,4G,morning,0
100198,2025-01-15 09:12:46.913982,1241,5326,181.92,send,Mumbai,mobile,0,4G,morning,0
100199,2025-01-15 10:57:55.375475,1564,5940,888.18,send,Chennai,tablet,0,WiFi,morning,0
100200,2025-01-15 12:43:03.836967,1096,5149,236.35,merchant_payment,Delhi,mobile,0,4G,afternoon,0
100201,2025-01-15 14:28:12.298459,1900,5540,282.55,receive,Mumbai,mobile,0,4G,afternoon,0
100202,2025-01-15 16:13:20.759951,1734,5488,326.39,receive,Pune,mobile,0,5G,afternoon,0
100203,2025-01-15 17:58:29.221444,1485,5822,306.56,merchant_payment,Pune,mobile,0,4G,afternoon,0
100204,2025-01-15 19:43:37.682936,1407,5438,308.09,receive,Pune,mobile,0,WiFi,evening,0
100205,2025-01-15 21:28:46.144428,1231,5065,1664.49,merchant_payment,Kolkata,mobile,0,WiFi,evening,0
100206,2025-01-15 23:13:54.605921,1749,5356,515.64,send,Ahmedabad,mobile,0,4G,evening,0
100207,2025-01-16 00:59:03.067413,1655,5533,617.11,send,Kolkata,mobile,1,4G,night,0
100208,2025-01-16 02:44:11.528905,1171,5252,311.95,receive,Bangalore,mobile,1,4G,night,0
100209,2025-01-16 04:29:19.990398,1541,5235,1160.89,send,Bangalore,mobile,0,5G,night,0
100210,2025-01-16 06:14:28.451890,1036,5227,702.79,send,Ahmedabad,mobile,0,4G,morning,0
100211,2025-01-16 07:59:36.913382,1525,5525,361.79,send,Delhi,mobile,0,5G,morning,0
100212,2025-01-16 09:44:45.374874,1160,5313,101.06,send,Bangalore,mobile,0,5G,morning,0
100213,2025-01-16 11:29:53.836367,1839,5049,611.73,receive,Mumbai,mobile,0,4G,morning,0
100214,2025-01-16 13:15:02.297859,1699,5118,876.27,receive,Mumbai,mobile,0,4G,afternoon,0
100215,2025-01-16 15:00:10.759351,1243,5054,185.15,send,Pune,mobile,0,4G,afternoon,0
100216,2025-01-16 16:45:19.220844,1086,5650,366.72,send,Chennai,mobile,0,5G,afternoon,0
100217,2025-01-16 18:30:27.682336,1796,5565,843.16,merchant_payment,Hyderabad,mobile,0,4G,evening,1
100218,2025-01-16 20:15:36.143828,1578,5044,102.42,send,Bangalore,mobile,0,4G,evening,0
100219,2025-01-16 22:00:44.605321,1682,5815,257.53,receive,Delhi,mobile,0,4G,evening,0
100220,2025-01-16 23:45:53.066813,1557,5053,718.32,merchant_payment,Pune,mobile,0,5G,evening,0
100221,2025-01-17 01:31:01.528305,1574,5586,1487.75,send,Ahmedabad,mobile,0,4G,night,0
100222,2025-01-17 03:16:09.989797,1953,5558,4384.28,merchant_payment,Kolkata,mobile,0,WiFi,night,0
100223,2025-01-17 05:01:18.451290,1646,5525,3493.48,merchant_payment,Ahmedabad,mobile,0,5G,night,0
100224,2025-01-17 06:46:26.912782,1796,5677,568.94,send,Mumbai,mobile,0,5G,morning,0
100225,2025-01-17 08:31:35.374274,1028,5102,303.62,send,Mumbai,mobile,0,WiFi,morning,0
100226,2025-01-17 10:16:43.835767,1620,5792,1240.32,merchant_payment,Mumbai,mobile,0,5G,morning,0
100227,2025-01-17 12:01:52.297259,1556,5770,286.12,send,Hyderabad,mobile,0,5G,afternoon,0
100228,2025-01-17 13:47:00.758751,1340,5982,229.96,merchant_payment,Hyderabad,mobile,0,4G,afternoon,1
100229,2025-01-17 15:32:09.220244,1798,5849,363.12,receive,Bangalore,tablet,0,5G,afternoon,0
100230,2025-01-17 17:17:17.681736,1958,5868,320.32,send,Kolkata,mobile,0,4G,afternoon,0
100231,2025-01-17 19:02:26.143228,1331,5398,744.44,send,Delhi,mobile,0,4G,evening,0
100232,2025-01-17 20:47:34.604720,1640,5138,269.78,receive,Hyderabad,mobile,0,4G,evening,0
100233,2025-01-17 22:32:43.066213,1506,5675,536.53,send,Ahmedabad,mobile,0,5G,evening,1
100234,2025-01-18 00:17:51.527705,1348,5921,2428.32,merchant_payment,Chennai,tablet,0,5G,night,0
100235,2025-01-18 02:02:59.989197,1473,5387,556.76,merchant_payment,Hyderabad,mobile,0,5G,night,0
100236,2025-01-18 03:48:08.450690,1231,5111,2245.63,merchant_payment,Mumbai,tablet,0,5G,night,0
100237,2025-01-18 05:33:16.912182,1190,5614,1639.35,send,Ahmedabad,mobile,0,4G,night,1
100238,2025-01-18 07:18:25.373674,1225,5017,890.73,merchant_payment,Delhi,mobile,0,4G,morning,0
100239,2025-01-18 09:03:33.835167,1385,5780,345.8,merchant_payment,Bangalore,mobile,0,4G,morning,0
100240,2025-01-18 10:48:42.296659,1377,5182,1394.8,merchant_payment,Hyderabad,mobile,0,4G,morning,0
100241,2025-01-18 12:33:50.758151,1283,5884,383.76,receive,Mumbai,mobile,0,5G,afternoon,0
100242,2025-01-18 14:18:59.219643,1958,5536,491.76,merchant_payment,Pune,mobile,0,5G,afternoon,0
100243,2025-01-18 16:04:07.681136,1633,5541,685.53,receive,Chennai,mobile,0,4G,afternoon,0
100244,2025-01-18 17:49:16.142628,1628,5171,490.11,send,Chennai,mobile,0,WiFi,afternoon,0
100245,2025-01-18 19:34:24.604120,1973,5409,239.78,merchant_payment,Pune,mobile,0,WiFi,evening,0
100246,2025-01-18 21:19:33.065613,1745,5740,107.01,send,Bangalore,tablet,0,4G,evening,0
100247,2025-01-18 23:04:41.527105,1259,5378,1285.8,send,Bangalore,mobile,0,5G,evening,0
100248,2025-01-19 00:49:49.988597,1359,5188,871.61,merchant_payment,Hyderabad,mobile,0,4G,night,0
100249,2025-01-19 02:34:58.450090,1710,5858,88.18,send,Bangalore,mobile,0,5G,night,0
100250,2025-01-19 04:20:06.911582,1456,5230,233.51,merchant_payment,Ahmedabad,mobile,0,4G,night,0
100251,2025-01-19 06:05:15.373074,1411,5833,589.38,merchant_payment,Kolkata,mobile,0,5G,morning,0
100252,2025-01-19 07:50:23.834566,1649,5852,767.07,send,Kolkata,mobile,0,4G,morning,0
100253,2025-01-19 09:35:32.296059,1318,5119,107.94,send,Mumbai,mobile,0,WiFi,morning,0
100254,2025-01-19 11:20:40.757551,1677,5156,450.68,merchant_payment,Mumbai,mobile,0,5G,morning,0
100255,2025-01-19 13:05:49.219043,1225,5784,845.27,receive,Ahmedabad,mobile,0,4G,afternoon,0
100256,2025-01-19 14:50:57.680536,1819,5687,346.71,merchant_payment,Mumbai,mobile,0,5G,afternoon,0
100257,2025-01-19 16:36:06.142028,1234,5465,636.4,merchant_payment,Kolkata,mobile,0,5G,afternoon,1
100258,2025-01-19 18:21:14.603520,1684,5104,302.61,send,Hyderabad,mobile,0,5G,evening,0
100259,2025-01-19 20:06:23.065013,1664,5604,1223.16,send,Hyderabad,mobile,0,WiFi,evening,0
100260,2025-01-19 21:51:31.526505,1975,5698,221.56,merchant_payment,Bangalore,mobile,0,WiFi,evening,0
100261,2025-01-19 23:36:39.987997,1827,5972,157.26,receive,Hyderabad,mobile,0,5G,evening,0
100262,2025-01-20 01:21:48.449489,1374,5795,507.21,send,Mumbai,mobile,0,4G,night,0
100263,2025-01-20 03:06:56.910982,1672,5502,117.5,merchant_payment,Delhi,mobile,0,4G,night,1
100264,2025-01-20 04:52:05.372474,1608,5693,60.03,merchant_payment,Mumbai,mobile,0,WiFi,night,0
100265,2025-01-20 06:37:13.833966,1472,5682,1456.42,receive,Kolkata,mobile,0,WiFi,morning,0
100266,2025-01-20 08:22:22.295459,1233,5699,184.15,send,Pune,mobile,0,4G,morning,0
100267,2025-01-20 10:07:30.756951,1692,5175,129.85,merchant_payment,Delhi,mobile,0,5G,morning,0
100268,2025-01-20 11:52:39.218443,1113,5734,218.82,merchant_payment,Bangalore,mobile,0,5G,morning,1
100269,2025-01-20 13:37:47.679935,1830,5745,209.21,merchant_payment,Chennai,mobile,0,5G,afternoon,0
100270,2025-01-20 15:22:56.141428,1497,5674,427.47,merchant_payment,Pune,mobile,0,WiFi,afternoon,0
100271,2025-01-20 17:08:04.602920,1442,5421,165.09,receive,Hyderabad,mobile,0,4G,afternoon,0
100272,2025-01-20 18:53:13.064412,1564,5134,810.93,merchant_payment,Hyderabad,tablet,0,WiFi,evening,0
100273,2025-01-20 20:38:21.525905,1268,5391,940.33,merchant_payment,Kolkata,mobile,0,4G,evening,0
100274,2025-01-20 22:23:29.987397,1510,5992,137.69,send,Mumbai,mobile,0,5G,evening,0
100275,2025-01-21 00:08:38.448889,1807,5736,265.58,send,Mumbai,mobile,0,4G,night,0
100276,2025-01-21 01:53:46.910382,1386,5501,292.06,merchant_payment,Delhi,mobile,0,5G,night,0
100277,2025-01-21 03:38:55.371874,1387,5665,417.8,send,Hyderabad,mobile,0,5G,night,0
100278,2025-01-21 05:24:03.833366,1113,5033,1454.89,send,Pune,mobile,0,5G,night,0
100279,2025-01-21 07:09:12.294858,1613,5055,1541.2,send,Kolkata,mobile,0,5G,morning,0
100280,2025-01-21 08:54:20.756351,1625,5954,5996.12,send,Pune,mobile,0,5G,morning,0
100281,2025-01-21 10:39:29.217843,1952,5519,50.94,send,Bangalore,mobile,0,4G,morning,0
100282,2025-01-21 12:24:37.679335,1081,5756,195.53,send,Mumbai,mobile,0,WiFi,afternoon,0
100283,2025-01-21 14:09:46.140828,1699,5825,3023.01,merchant_payment,Ahmedabad,mobile,0,4G,afternoon,0
100284,2025-01-21 15:54:54.602320,1113,5638,81.39,merchant_payment,Pune,mobile,0,5G,afternoon,0
100285,2025-01-21 17:40:03.063812,1002,5012,2955.03,merchant_payment,Hyderabad,mobile,0,4G,afternoon,0
100286,2025-01-21 19:25:11.525305,1642,5528,570.98,send,Chennai,mobile,0,4G,evening,1
100287,2025-01-21 21:10:19.986797,1220,5720,592.37,merchant_payment,Kolkata,mobile,0,4G,evening,0
100288,2025-01-21 22:55:28.448289,1566,5555,137.03,merchant_payment,Delhi,mobile,0,WiFi,evening,0
100289,2025-01-22 00:40:36.909781,1855,5373,313.83,merchant_payment,Mumbai,tablet,0,4G,night,0
100290,2025-01-22 02:25:45.371274,1997,5484,2828.15,send,Mumbai,mobile,0,4G,night,0
100291,2025-01-22 04:10:53.832766,1736,5973,469.8,send,Bangalore,mobile,0,5G,night,0
100292,2025-01-22 05:56:02.294258,1225,5647,315.92,merchant_payment,Mumbai,tablet,0,4G,night,0
100293,2025-01-22 07:41:10.755751,1385,5228,739.31,merchant_payment,Kolkata,mobile,0,WiFi,morning,0
100294,2025-01-22 09:26:19.217243,1403,5623,406.58,merchant_payment,Hyderabad,mobile,0,WiFi,morning,0
100295,2025-01-22 11:11:27.678735,1638,5307,695.86,receive,Hyderabad,mobile,0,5G,morning,0
100296,2025-01-22 12:56:36.140228,1130,5457,210.66,send,Hyderabad,mobile,0,4G,afternoon,0
100297,2025-01-22 14:41:44.601720,1053,5160,456.16,merchant_payment,Ahmedabad,mobile,0,4G,afternoon,0
100298,2025-01-22 16:26:53.063212,1684,5331,259.54,send,Chennai,mobile,0,4G,afternoon,0
100299,2025-01-22 18:12:01.524704,1730,5776,81.13,merchant_payment,Chennai,mobile,0,4G,evening,0
100300,2025-01-22 19:57:09.986197,1672,5225,797.88,merchant_payment,Ahmedabad,mobile,0,4G,evening,0
100301,2025-01-22 21:42:18.447689,1710,5983,143.48,merchant_payment,Mumbai,mobile,0,WiFi,evening,0
100302,2025-01-22 23:27:26.909181,1416,5729,417.91,send,Pune,mobile,0,5G,evening,0
100303,2025-01-23 01:12:35.370674,1247,5504,1243.98,send,Chennai,mobile,0,4G,night,0
100304,2025-01-23 02:57:43.832166,1836,5456,110.19,merchant_payment,Pune,mobile,0,4G,night,0
100305,2025-01-23 04:42:52.293658,1439,5045,902.06,merchant_payment,Pune,mobile,0,5G,night,0
100306,2025-01-23 06:28:00.755151,1203,5214,365.11,receive,Chennai,mobile,1,4G,morning,0
100307,2025-01-23 08:13:09.216643,1184,5059,187.44,receive,Ahmedabad,mobile,0,WiFi,morning,0
100308,2025-01-23 09:58:17.678135,1123,5644,3725.38,send,Bangalore,tablet,0,4G,morning,0
100309,2025-01-23 11:43:26.139627,1401,5616,492.48,merchant_payment,Chennai,tablet,0,WiFi,morning,0
100310,2025-01-23 13:28:34.601120,1767,5195,279.19,merchant_payment,Delhi,mobile,0,5G,afternoon,0
100311,2025-01-23 15:13:43.062612,1294,5925,225.83,merchant_payment,Ahmedabad,mobile,0,WiFi,afternoon,0
100312,2025-01-23 16:58:51.524104,1280,5489,1189.35,send,Delhi,mobile,0,4G,afternoon,0
100313,2025-01-23 18:43:59.985597,1837,5157,267.19,merchant_payment,Pune,mobile,0,4G,evening,0
100314,2025-01-23 20:29:08.447089,1884,5610,1049.97,send,Delhi,tablet,0,5G,evening,1
100315,2025-01-23 22:14:16.908581,1610,5226,491.53,receive,Mumbai,mobile,0,WiFi,evening,0
100316,2025-01-23 23:59:25.370074,1198,5412,1504.46,merchant_payment,Hyderabad,mobile,0,5G,evening,0
100317,2025-01-24 01:44:33.831566,1982,5205,173.72,send,Bangalore,mobile,0,5G,night,0
100318,2025-01-24 03:29:42.293058,1907,5079,199.72,send,Mumbai,mobile,0,4G,night,1
100319,2025-01-24 05:14:50.754550,1511,5124,372.04,merchant_payment,Hyderabad,mobile,1,4G,night,1
100320,2025-01-24 06:59:59.216043,1752,5471,404.21,receive,Bangalore,mobile,0,4G,morning,0
100321,2025-01-24 08:45:07.677535,1144,5940,345.66,send,Pune,mobile,0,5G,morning,0
100322,2025-01-24 10:30:16.139027,1609,5218,6846.14,send,Bangalore,mobile,0,4G,morning,0
100323,2025-01-24 12:15:24.600520,1201,5516,3878.67,receive,Bangalore,mobile,0,4G,afternoon,0
100324,2025-01-24 14:00:33.062012,1124,5602,664.51,merchant_payment,Delhi,mobile,0,5G,afternoon,0
100325,2025-01-24 15:45:41.523504,1187,5104,747.68,send,Delhi,mobile,0,WiFi,afternoon,0
100326,2025-01-24 17:30:49.984996,1326,5393,389.0,merchant_payment,Delhi,mobile,0,5G,afternoon,0
100327,2025-01-24 19:15:58.446489,1464,5631,172.46,send,Bangalore,mobile,0,5G,evening,0
100328,2025-01-24 21:01:06.907981,1349,5645,410.73,send,Kolkata,mobile,1,WiFi,evening,0
100329,2025-01-24 22:46:15.369473,1771,5824,1065.41,send,Ahmedabad,mobile,0,4G,evening,0
100330,2025-01-25 00:31:23.830966,1660,5608,1818.24,merchant_payment,Bangalore,mobile,0,4G,night,0
100331,2025-01-25 02:16:32.292458,1764,5980,1333.69,send,Ahmedabad,mobile,0,5G,night,0
100332,2025-01-25 04:01:40.753950,1955,5434,108.88,merchant_payment,Ahmedabad,mobile,0,4G,night,0
100333,2025-01-25 05:46:49.215443,1932,5331,368.99,receive,Delhi,mobile,0,4G,night,0
100334,2025-01-25 07:31:57.676935,1403,5143,113.42,merchant_payment,Bangalore,mobile,0,4G,morning,0
100335,2025-01-25 09:17:06.138427,1346,5800,1585.8,merchant_payment,Delhi,mobile,0,5G,morning,0
100336,2025-01-25 11:02:14.599919,1963,5540,326.23,merchant_payment,Delhi,mobile,0,4G,morning,0
100337,2025-01-25 12:47:23.061412,1511,5278,470.07,merchant_payment,Delhi,mobile,0,4G,afternoon,0
100338,2025-01-25 14:32:31.522904,1147,5233,796.36,receive,Pune,mobile,1,4G,afternoon,0
100339,2025-01-25 16:17:39.984396,1148,5529,7833.31,merchant_payment,Pune,mobile,0,4G,afternoon,0
100340,2025-01-25 18:02:48.445889,1864,5571,644.37,send,Kolkata,mobile,0,WiFi,evening,0
100341,2025-01-25 19:47:56.907381,1711,5090,388.28,send,Hyderabad,mobile,0,WiFi,evening,0
100342,2025-01-25 21:33:05.368873,1820,5492,142.45,receive,Ahmedabad,mobile,0,WiFi,evening,0
100343,2025-01-25 23:18:13.830366,1489,5199,2118.87,send,Bangalore,mobile,0,WiFi,evening,0
100344,2025-01-26 01:03:22.291858,1929,5362,410.91,send,Mumbai,mobile,0,4G,night,0
100345,2025-01-26 02:48:30.753350,1936,5441,2584.13,receive,Delhi,tablet,0,WiFi,night,0
100346,2025-01-26 04:33:39.214842,1640,5026,1488.63,send,Kolkata,mobile,0,4G,night,0
100347,2025-01-26 06:18:47.676335,1551,5025,310.15,receive,Mumbai,mobile,0,5G,morning,0
100348,2025-01-26 08:03:56.137827,1338,5394,122.45,send,Pune,mobile,0,4G,morning,0
100349,2025-01-26 09:49:04.599319,1872,5507,647.14,merchant_payment,Hyderabad,mobile,0,WiFi,morning,0
100350,2025-01-26 11:34:13.060812,1641,5301,266.43,merchant_payment,Bangalore,mobile,0,4G,morning,0
100351,2025-01-26 13:19:21.522304,1779,5339,512.52,merchant_payment,Ahmedabad,mobile,0,4G,afternoon,0
100352,2025-01-26 15:04:29.983796,1988,5267,1406.77,send,Ahmedabad,tablet,0,WiFi,afternoon,1
100353,2025-01-26 16:49:38.445289,1953,5461,94.29,receive,Pune,mobile,0,5G,afternoon,0
100354,2025-01-26 18:34:46.906781,1473,5693,642.02,merchant_payment,Kolkata,mobile,0,5G,evening,0
100355,2025-01-26 20:19:55.368273,1946,5456,1053.21,merchant_payment,Delhi,mobile,0,5G,evening,0
100356,2025-01-26 22:05:03.829765,1151,5360,1105.56,merchant_payment,Delhi,mobile,0,4G,evening,0
100357,2025-01-26 23:50:12.291258,1415,5068,126.02,send,Ahmedabad,mobile,0,5G,evening,0
100358,2025-01-27 01:35:20.752750,1990,5863,749.45,receive,Delhi,tablet,0,4G,night,0
100359,2025-01-27 03:20:29.214242,1298,5412,1641.78,merchant_payment,Ahmedabad,tablet,0,WiFi,night,1
100360,2025-01-27 05:05:37.675735,1611,5971,694.53,send,Kolkata,mobile,0,5G,night,0
100361,2025-01-27 06:50:46.137227,1263,5491,438.92,receive,Pune,mobile,0,WiFi,morning,0
100362,2025-01-27 08:35:54.598719,1764,5833,1540.12,merchant_payment,Mumbai,mobile,0,5G,morning,0
100363,2025-01-27 10:21:03.060212,1144,5049,246.09,merchant_payment,Hyderabad,mobile,0,4G,morning,0
100364,2025-01-27 12:06:11.521704,1346,5687,106.72,receive,Bangalore,mobile,0,5G,afternoon,0
100365,2025-01-27 13:51:19.983196,1624,5564,403.19,receive,Ahmedabad,mobile,0,4G,afternoon,0
100366,2025-01-27 15:36:28.444688,1572,5102,841.38,merchant_payment,Hyderabad,mobile,0,4G,afternoon,0
100367,2025-01-27 17:21:36.906181,1881,5216,1392.61,receive,Pune,mobile,0,WiFi,afternoon,0
100368,2025-01-27 19:06:45.367673,1002,5438,837.57,merchant_payment,Delhi,mobile,0,4G,evening,0
100369,2025-01-27 20:51:53.829165,1897,5700,1136.63,merchant_payment,Hyderabad,mobile,0,5G,evening,0
100370,2025-01-27 22:37:02.290658,1304,5569,1401.52,merchant_payment,Mumbai,mobile,0,4G,evening,0
100371,2025-01-28 00:22:10.752150,1254,5559,350.94,merchant_payment,Chennai,mobile,0,4G,night,0
100372,2025-01-28 02:07:19.213642,1652,5159,424.99,receive,Pune,mobile,0,5G,night,0
100373,2025-01-28 03:52:27.675135,1453,5489,1784.99,receive,Chennai,mobile,0,WiFi,night,0
100374,2025-01-28 05:37:36.136627,1037,5686,146.91,receive,Bangalore,mobile,0,5G,night,0
100375,2025-01-28 07:22:44.598119,1160,5242,756.83,send,Bangalore,mobile,0,4G,morning,0
100376,2025-01-28 09:07:53.059611,1009,5794,240.64,send,Hyderabad,mobile,0,4G,morning,0
100377,2025-01-28 10:53:01.521104,1233,5753,1480.69,send,Bangalore,mobile,0,WiFi,morning,0
100378,2025-01-28 12:38:09.982596,1099,5882,483.99,merchant_payment,Pune,mobile,0,5G,afternoon,0
100379,2025-01-28 14:23:18.444088,1659,5005,496.51,send,Kolkata,mobile,0,WiFi,afternoon,0
100380,2025-01-28 16:08:26.905581,1816,5596,2776.32,send,Ahmedabad,mobile,0,4G,afternoon,0
100381,2025-01-28 17:53:35.367073,1208,5820,168.0,send,Mumbai,mobile,0,WiFi,afternoon,0
100382,2025-01-28 19:38:43.828565,1131,5361,611.44,merchant_payment,Delhi,mobile,0,WiFi,evening,0
100383,2025-01-28 21:23:52.290058,1404,5459,411.53,send,Delhi,mobile,0,WiFi,evening,1
100384,2025-01-28 23:09:00.751550,1152,5248,839.17,receive,Ahmedabad,mobile,0,4G,evening,0
100385,2025-01-29 00:54:09.213042,1054,5566,3392.53,send,Hyderabad,mobile,0,5G,night,1
100386,2025-01-29 02:39:17.674534,1120,5673,269.01,merchant_payment,Delhi,mobile,0,5G,night,0
100387,2025-01-29 04:24:26.136027,1673,5946,148.8,merchant_payment,Hyderabad,tablet,0,5G,night,0
100388,2025-01-29 06:09:34.597519,1920,5422,219.35,merchant_payment,Ahmedabad,mobile,0,5G,morning,0
100389,2025-01-29 07:54:43.059011,1628,5923,390.4,send,Bangalore,mobile,0,5G,morning,0
100390,2025-01-29 09:39:51.520504,1587,5738,525.44,receive,Ahmedabad,mobile,0,WiFi,morning,0
100391,2025-01-29 11:24:59.981996,1625,5015,552.54,receive,Bangalore,mobile,0,5G,morning,0
100392,2025-01-29 13:10:08.443488,1968,5736,2988.9,send,Kolkata,tablet,0,5G,afternoon,0
100393,2025-01-29 14:55:16.904980,1420,5573,2501.98,send,Kolkata,mobile,0,5G,afternoon,0
100394,2025-01-29 16:40:25.366473,1422,5122,1813.38,send,Mumbai,mobile,0,5G,afternoon,0
100395,2025-01-29 18:25:33.827965,1104,5277,6090.21,merchant_payment,Ahmedabad,mobile,0,4G,evening,0
100396,2025-01-29 20:10:42.289457,1852,5558,1123.38,send,Delhi,mobile,0,4G,evening,0
100397,2025-01-29 21:55:50.750950,1254,5453,1492.72,receive,Pune,mobile,0,5G,evening,0
100398,2025-01-29 23:40:59.212442,1227,5390,1101.88,receive,Kolkata,mobile,0,4G,evening,0
100399,2025-01-30 01:26:07.673934,1112,5294,935.34,receive,Ahmedabad,mobile,0,5G,night,0
100400,2025-01-30 03:11:16.135427,1510,5574,730.99,merchant_payment,Mumbai,mobile,0,WiFi,night,0
100401,2025-01-30 04:56:24.596919,1473,5598,331.34,merchant_payment,Chennai,mobile,0,5G,night,0
100402,2025-01-30 06:41:33.058411,1099,5446,141.63,merchant_payment,Kolkata,mobile,0,WiFi,morning,0
100403,2025-01-30 08:26:41.519903,1153,5210,432.4,receive,Mumbai,mobile,0,5G,morning,0
100404,2025-01-30 10:11:49.981396,1861,5590,867.64,send,Hyderabad,mobile,0,4G,morning,0
100405,2025-01-30 11:56:58.442888,1914,5714,529.67,send,Hyderabad,mobile,0,4G,morning,0
100406,2025-01-30 13:42:06.904380,1896,5302,169.81,merchant_payment,Mumbai,mobile,0,WiFi,afternoon,0
100407,2025-01-30 15:27:15.365873,1878,5909,417.43,merchant_payment,Bangalore,mobile,0,WiFi,afternoon,0
100408,2025-01-30 17:12:23.827365,1338,5223,396.23,merchant_payment,Chennai,mobile,0,4G,afternoon,0
100409,2025-01-30 18:57:32.288857,1706,5734,462.96,send,Mumbai,mobile,0,4G,evening,0
100410,2025-01-30 20:42:40.750350,1822,5003,805.06,send,Kolkata,mobile,0,4G,evening,0
100411,2025-01-30 22:27:49.211842,1163,5990,998.5,send,Bangalore,mobile,1,5G,evening,0
100412,2025-01-31 00:12:57.673334,1720,5518,298.85,merchant_payment,Mumbai,mobile,0,5G,night,0
100413,2025-01-31 01:58:06.134826,1957,5093,1314.38,merchant_payment,Delhi,mobile,0,5G,night,0
100414,2025-01-31 03:43:14.596319,1681,5520,1527.88,merchant_payment,Kolkata,mobile,0,WiFi,night,0
100415,2025-01-31 05:28:23.057811,1996,5428,678.78,receive,Kolkata,mobile,0,5G,night,0
100416,2025-01-31 07:13:31.519303,1161,5493,957.91,send,Hyderabad,mobile,0,4G,morning,0
100417,2025-01-31 08:58:39.980796,1580,5235,1318.48,send,Delhi,mobile,0,4G,morning,0
100418,2025-01-31 10:43:48.442288,1801,5620,164.41,send,Delhi,tablet,0,WiFi,morning,0
100419,2025-01-31 12:28:56.903780,1398,5161,1414.78,receive,Ahmedabad,tablet,0,5G,afternoon,0
100420,2025-01-31 14:14:05.365273,1277,5721,223.62,send,Ahmedabad,tablet,0,4G,afternoon,0
100421,2025-01-31 15:59:13.826765,1816,5752,246.48,merchant_payment,Kolkata,mobile,0,4G,afternoon,0
100422,2025-01-31 17:44:22.288257,1916,5331,599.62,merchant_payment,Chennai,mobile,0,5G,afternoon,0
100423,2025-01-31 19:29:30.749749,1504,5333,57.74,send,Pune,mobile,1,4G,evening,0
100424,2025-01-31 21:14:39.211242,1896,5050,587.35,send,Ahmedabad,mobile,0,5G,evening,0
100425,2025-01-31 22:59:47.672734,1392,5523,1315.25,send,Bangalore,mobile,0,5G,evening,0
100426,2025-02-01 00:44:56.134226,1135,5863,95.02,merchant_payment,Hyderabad,mobile,0,4G,night,0
100427,2025-02-01 02:30:04.595719,1195,5668,1464.12,receive,Delhi,mobile,0,5G,night,0
100428,2025-02-01 04:15:13.057211,1401,5492,244.99,send,Hyderabad,mobile,0,4G,night,1
100429,2025-02-01 06:00:21.518703,1640,5582,605.99,merchant_payment,Kolkata,mobile,0,4G,morning,0
100430,2025-02-01 07:45:29.980196,1033,5681,283.28,receive,Bangalore,mobile,0,4G,morning,0
100431,2025-02-01 09:30:38.441688,1688,5272,873.86,receive,Mumbai,mobile,0,5G,morning,0
100432,2025-02-01 11:15:46.903180,1460,5580,1373.27,merchant_payment,Delhi,tablet,0,5G,morning,0
100433,2025-02-01 13:00:55.364672,1955,5867,941.06,merchant_payment,Bangalore,tablet,0,4G,afternoon,0
100434,2025-02-01 14:46:03.826165,1883,5252,490.79,merchant_payment,Pune,mobile,0,WiFi,afternoon,0
100435,2025-02-01 16:31:12.287657,1470,5560,306.17,send,Hyderabad,mobile,0,4G,afternoon,0
100436,2025-02-01 18:16:20.749149,1375,5696,459.76,send,Kolkata,mobile,1,5G,evening,0
100437,2025-02-01 20:01:29.210642,1022,5832,949.53,merchant_payment,Bangalore,mobile,0,5G,evening,0
100438,2025-02-01 21:46:37.672134,1750,5699,982.66,receive,Mumbai,mobile,0,5G,evening,0
100439,2025-02-01 23:31:46.133626,1670,5090,854.77,merchant_payment,Ahmedabad,mobile,0,4G,evening,0
100440,2025-02-02 01:16:54.595119,1038,5446,136.65,merchant_payment,Ahmedabad,mobile,0,4G,night,0
100441,2025-02-02 03:02:03.056611,1230,5332,481.53,merchant_payment,Bangalore,mobile,0,5G,night,0
100442,2025-02-02 04:47:11.518103,1365,5139,261.54,send,Kolkata,tablet,0,4G,night,0
100443,2025-02-02 06:32:19.979595,1563,5357,958.08,send,Hyderabad,mobile,0,WiFi,morning,0
100444,2025-02-02 08:17:28.441088,1438,5601,229.3,send,Delhi,mobile,0,4G,morning,0
100445,2025-02-02 10:02:36.902580,1776,5274,774.37,merchant_payment,Pune,mobile,0,4G,morning,0
100446,2025-02-02 11:47:45.364072,1283,5019,371.6,send,Pune,mobile,0,4G,morning,0
100447,2025-02-02 13:32:53.825565,1027,5983,75.26,send,Delhi,mobile,0,5G,afternoon,0
100448,2025-02-02 15:18:02.287057,1226,5311,1250.08,send,Chennai,mobile,0,5G,afternoon,0
100449,2025-02-02 17:03:10.748549,1277,5870,480.45,send,Hyderabad,mobile,0,5G,afternoon,0
100450,2025-02-02 18:48:19.210042,1798,5886,1765.13,send,Pune,mobile,0,4G,evening,0
100451,2025-02-02 20:33:27.671534,1609,5978,93.19,send,Chennai,mobile,0,5G,evening,0
100452,2025-02-02 22:18:36.133026,1284,5154,368.15,merchant_payment,Chennai,mobile,0,4G,evening,0
100453,2025-02-03 00:03:44.594518,1879,5390,396.86,send,Kolkata,mobile,0,5G,night,0
100454,2025-02-03 01:48:53.056011,1960,5260,645.62,send,Kolkata,mobile,0,WiFi,night,1
100455,2025-02-03 03:34:01.517503,1481,5620,130.95,merchant_payment,Kolkata,mobile,0,4G,night,0
100456,2025-02-03 05:19:09.978995,1453,5883,848.98,merchant_payment,Mumbai,mobile,0,4G,night,0
100457,2025-02-03 07:04:18.440488,1829,5797,3333.11,send,Hyderabad,mobile,0,4G,morning,0
100458,2025-02-03 08:49:26.901980,1816,5571,791.98,send,Delhi,tablet,0,WiFi,morning,0
100459,2025-02-03 10:34:35.363472,1659,5125,540.7,merchant_payment,Hyderabad,mobile,0,5G,morning,0
100460,2025-02-03 12:19:43.824964,1516,5354,124.28,send,Kolkata,mobile,0,4G,afternoon,0
100461,2025-02-03 14:04:52.286457,1547,5273,227.18,send,Mumbai,mobile,0,4G,afternoon,0
100462,2025-02-03 15:50:00.747949,1192,5619,465.99,send,Hyderabad,mobile,0,5G,afternoon,0
100463,2025-02-03 17:35:09.209441,1049,5811,290.1,send,Hyderabad,mobile,0,4G,afternoon,0
100464,2025-02-03 19:20:17.670934,1512,5245,1375.07,receive,Chennai,mobile,0,4G,evening,0
100465,2025-02-03 21:05:26.132426,1017,5848,840.25,merchant_payment,Hyderabad,mobile,0,5G,evening,1
100466,2025-02-03 22:50:34.593918,1172,5450,7276.31,merchant_payment,Chennai,mobile,0,5G,evening,0
100467,2025-02-04 00:35:43.055411,1220,5930,184.78,receive,Chennai,mobile,0,4G,night,0
100468,2025-02-04 02:20:51.516903,1158,5247,509.34,send,Bangalore,mobile,0,4G,night,0
100469,2025-02-04 04:05:59.978395,1477,5520,123.53,receive,Kolkata,mobile,0,WiFi,night,0
100470,2025-02-04 05:51:08.439887,1046,5141,53.39,send,Pune,mobile,0,4G,night,0
100471,2025-02-04 07:36:16.901380,1373,5362,1015.08,send,Mumbai,mobile,0,5G,morning,0
100472,2025-02-04 09:21:25.362872,1518,5008,809.66,merchant_payment,Chennai,tablet,0,5G,morning,0
100473,2025-02-04 11:06:33.824364,1099,5478,209.64,merchant_payment,Hyderabad,mobile,0,4G,morning,0
100474,2025-02-04 12:51:42.285857,1892,5352,540.79,send,Chennai,mobile,0,5G,afternoon,0
100475,2025-02-04 14:36:50.747349,1745,5996,262.63,merchant_payment,Chennai,mobile,0,5G,afternoon,0
100476,2025-02-04 16:21:59.208841,1037,5495,300.6,send,Chennai,mobile,0,5G,afternoon,1
100477,2025-02-04 18:07:07.670334,1280,5606,357.71,send,Delhi,mobile,0,5G,evening,0
100478,2025-02-04 19:52:16.131826,1349,5833,201.03,send,Pune,mobile,0,WiFi,evening,0
100479,2025-02-04 21:37:24.593318,1497,5427,240.65,merchant_payment,Pune,tablet,0,5G,evening,0
100480,2025-02-04 23:22:33.054810,1302,5039,247.54,merchant_payment,Delhi,mobile,0,4G,evening,0
100481,2025-02-05 01:07:41.516303,1181,5593,752.11,merchant_payment,Delhi,mobile,0,4G,night,0
100482,2025-02-05 02:52:49.977795,1607,5187,30.75,send,Delhi,mobile,0,4G,night,0
100483,2025-02-05 04:37:58.439287,1099,5596,392.43,send,Pune,mobile,0,WiFi,night,0
100484,2025-02-05 06:23:06.900780,1700,5600,166.05,receive,Bangalore,tablet,1,WiFi,morning,0
100485,2025-02-05 08:08:15.362272,1993,5754,172.16,send,Chennai,mobile,0,4G,morning,0
100486,2025-02-05 09:53:23.823764,1116,5854,291.3,send,Bangalore,mobile,0,5G,morning,0
100487,2025-02-05 11:38:32.285257,1191,5093,485.73,merchant_payment,Hyderabad,mobile,0,4G,morning,1
100488,2025-02-05 13:23:40.746749,1253,5086,397.66,merchant_payment,Pune,mobile,0,WiFi,afternoon,0
100489,2025-02-05 15:08:49.208241,1981,5044,170.02,send,Kolkata,mobile,0,4G,afternoon,0
100490,2025-02-05 16:53:57.669733,1928,5137,1014.04,send,Pune,mobile,0,5G,afternoon,0
100491,2025-02-05 18:39:06.131226,1983,5421,199.82,send,Mumbai,mobile,0,4G,evening,0
100492,2025-02-05 20:24:14.592718,1161,5074,236.35,merchant_payment,Bangalore,mobile,1,4G,evening,1
100493,2025-02-05 22:09:23.054210,1256,5548,654.91,merchant_payment,Delhi,mobile,0,4G,evening,0
100494,2025-02-05 23:54:31.515703,1323,5613,678.83,merchant_payment,Ahmedabad,tablet,0,5G,evening,0
100495,2025-02-06 01:39:39.977195,1128,5988,267.28,send,Delhi,mobile,0,4G,night,0
100496,2025-02-06 03:24:48.438687,1018,5512,26.15,send,Hyderabad,mobile,0,4G,night,1
100497,2025-02-06 05:09:56.900180,1793,5156,203.26,merchant_payment,Chennai,mobile,0,4G,night,0
100498,2025-02-06 06:55:05.361672,1735,5938,579.34,merchant_payment,Mumbai,mobile,0,5G,morning,0
100499,2025-02-06 08:40:13.823164,1566,5255,981.03,receive,Bangalore,mobile,0,WiFi,morning,0
100500,2025-02-06 10:25:22.284656,1570,5171,455.18,send,Chennai,mobile,0,5G,morning,0
100501,2025-02-06 12:10:30.746149,1323,5981,305.21,receive,Chennai,tablet,0,5G,afternoon,0
100502,2025-02-06 13:55:39.207641,1872,5728,4881.52,merchant_payment,Kolkata,mobile,0,4G,afternoon,1
100503,2025-02-06 15:40:47.669133,1686,5170,339.51,merchant_payment,Kolkata,mobile,0,5G,afternoon,0
100504,2025-02-06 17:25:56.130626,1792,5764,908.9,merchant_payment,Bangalore,mobile,0,5G,afternoon,0
100505,2025-02-06 19:11:04.592118,1626,5872,129.66,send,Bangalore,tablet,1,4G,evening,0
100506,2025-02-06 20:56:13.053610,1288,5322,165.64,send,Bangalore,mobile,0,4G,evening,0
100507,2025-02-06 22:41:21.515103,1943,5567,941.36,send,Bangalore,mobile,0,4G,evening,0
100508,2025-02-07 00:26:29.976595,1854,5456,1400.47,merchant_payment,Delhi,mobile,0,4G,night,0
100509,2025-02-07 02:11:38.438087,1663,5944,333.71,receive,Pune,mobile,0,4G,night,1
100510,2025-02-07 03:56:46.899579,1962,5603,77.58,merchant_payment,Pune,mobile,0,4G,night,0
100511,2025-02-07 05:41:55.361072,1639,5790,416.73,send,Chennai,mobile,0,4G,night,0
100512,2025-02-07 07:27:03.822564,1155,5613,595.5,merchant_payment,Pune,mobile,1,5G,morning,1
100513,2025-02-07 09:12:12.284056,1490,5155,543.93,merchant_payment,Ahmedabad,mobile,1,5G,morning,0
100514,2025-02-07 10:57:20.745549,1386,5889,280.51,send,Chennai,mobile,0,WiFi,morning,0
100515,2025-02-07 12:42:29.207041,1986,5349,422.89,merchant_payment,Delhi,mobile,1,4G,afternoon,0
100516,2025-02-07 14:27:37.668533,1785,5451,232.81,send,Ahmedabad,mobile,1,4G,afternoon,0
100517,2025-02-07 16:12:46.130026,1104,5876,162.09,send,Pune,mobile,0,WiFi,afternoon,0
100518,2025-02-07 17:57:54.591518,1929,5653,1049.08,send,Chennai,mobile,0,4G,afternoon,0
100519,2025-02-07 19:43:03.053010,1393,5173,543.37,merchant_payment,Bangalore,mobile,0,5G,evening,0
100520,2025-02-07 21:28:11.514502,1811,5010,423.82,merchant_payment,Mumbai,tablet,0,5G,evening,0
100521,2025-02-07 23:13:19.975995,1246,5740,296.74,send,Pune,mobile,0,5G,evening,0
100522,2025-02-08 00:58:28.437487,1176,5265,411.51,merchant_payment,Ahmedabad,mobile,0,4G,night,0
100523,2025-02-08 02:43:36.898979,1039,5438,578.43,merchant_payment,Kolkata,mobile,0,WiFi,night,0
100524,2025-02-08 04:28:45.360472,1477,5760,2775.76,merchant_payment,Ahmedabad,mobile,1,4G,night,0
100525,2025-02-08 06:13:53.821964,1682,5247,948.17,send,Ahmedabad,mobile,0,4G,morning,0
100526,2025-02-08 07:59:02.283456,1759,5667,253.08,receive,Kolkata,mobile,0,5G,morning,0
100527,2025-02-08 09:44:10.744948,1538,5546,255.76,merchant_payment,Chennai,mobile,0,5G,morning,0
100528,2025-02-08 11:29:19.206441,1867,5499,218.84,send,Mumbai,mobile,0,WiFi,morning,0
100529,2025-02-08 13:14:27.667933,1818,5129,403.22,send,Kolkata,mobile,0,4G,afternoon,0
100530,2025-02-08 14:59:36.129425,1921,5672,218.67,merchant_payment,Pune,mobile,0,5G,afternoon,1
100531,2025-02-08 16:44:44.590918,1408,5601,792.21,send,Mumbai,tablet,0,5G,afternoon,0
100532,2025-02-08 18:29:53.052410,1525,5605,35.04,merchant_payment,Ahmedabad,mobile,0,4G,evening,0
100533,2025-02-08 20:15:01.513902,1828,5327,841.49,send,Delhi,mobile,0,5G,evening,0
100534,2025-02-08 22:00:09.975395,1506,5753,648.96,merchant_payment,Hyderabad,tablet,0,4G,evening,0
100535,2025-02-08 23:45:18.436887,1903,5835,1741.92,send,Chennai,mobile,0,5G,evening,0
100536,2025-02-09 01:30:26.898379,1825,5980,1184.16,send,Delhi,mobile,0,WiFi,night,0
100537,2025-02-09 03:15:35.359871,1036,5404,248.71,send,Delhi,mobile,0,5G,night,0
100538,2025-02-09 05:00:43.821364,1685,5629,1058.17,merchant_payment,Mumbai,mobile,0,WiFi,night,0
100539,2025-02-09 06:45:52.282856,1020,5606,416.52,merchant_payment,Chennai,mobile,0,5G,morning,0
100540,2025-02-09 08:31:00.744348,1321,5675,71.21,send,Delhi,mobile,0,5G,morning,0
100541,2025-02-09 10:16:09.205841,1776,5611,577.57,send,Bangalore,mobile,0,WiFi,morning,0
100542,2025-02-09 12:01:17.667333,1512,5625,263.95,receive,Delhi,mobile,0,4G,afternoon,0
100543,2025-02-09 13:46:26.128825,1400,5359,492.86,receive,Bangalore,mobile,0,WiFi,afternoon,0
100544,2025-02-09 15:31:34.590318,1654,5603,2569.46,merchant_payment,Hyderabad,mobile,0,4G,afternoon,0
100545,2025-02-09 17:16:43.051810,1972,5858,616.95,send,Bangalore,mobile,0,WiFi,afternoon,0
100546,2025-02-09 19:01:51.513302,1883,5718,178.16,receive,Bangalore,mobile,0,5G,evening,0
100547,2025-02-09 20:46:59.974794,1471,5017,1292.61,merchant_payment,Mumbai,mobile,0,WiFi,evening,0
100548,2025-02-09 22:32:08.436287,1143,5274,708.07,merchant_payment,Delhi,mobile,1,WiFi,evening,0
100549,2025-02-10 00:17:16.897779,1092,5685,158.35,merchant_payment,Hyderabad,mobile,1,5G,night,0
100550,2025-02-10 02:02:25.359271,1354,5116,98.87,send,Delhi,mobile,0,5G,night,0
100551,2025-02-10 03:47:33.820764,1834,5861,185.43,send,Pune,mobile,0,5G,night,1
100552,2025-02-10 05:32:42.282256,1800,5980,1137.17,receive,Pune,mobile,0,4G,night,0
100553,2025-02-10 07:17:50.743748,1727,5693,364.45,receive,Bangalore,mobile,0,4G,morning,0
100554,2025-02-10 09:02:59.205241,1959,5091,534.4,merchant_payment,Kolkata,mobile,0,4G,morning,0
100555,2025-02-10 10:48:07.666733,1854,5082,129.21,merchant_payment,Bangalore,mobile,0,5G,morning,0
100556,2025-02-10 12:33:16.128225,1051,5324,1168.2,receive,Delhi,mobile,0,4G,afternoon,0
100557,2025-02-10 14:18:24.589717,1665,5961,65.68,send,Ahmedabad,mobile,0,4G,afternoon,0
100558,2025-02-10 16:03:33.051210,1698,5114,255.86,send,Hyderabad,mobile,0,4G,afternoon,0
100559,2025-02-10 17:48:41.512702,1575,5769,748.79,send,Kolkata,tablet,0,4G,afternoon,0
100560,2025-02-10 19:33:49.974194,1190,5058,160.35,send,Hyderabad,tablet,0,4G,evening,0
100561,2025-02-10 21:18:58.435687,1125,5154,910.62,receive,Mumbai,mobile,0,4G,evening,0
100562,2025-02-10 23:04:06.897179,1150,5877,206.6,send,Bangalore,mobile,0,4G,evening,0
100563,2025-02-11 00:49:15.358671,1314,5404,144.59,send,Bangalore,mobile,0,5G,night,0
100564,2025-02-11 02:34:23.820164,1570,5628,1783.77,send,Pune,mobile,0,4G,night,0
100565,2025-02-11 04:19:32.281656,1342,5855,574.75,send,Mumbai,mobile,0,WiFi,night,0
100566,2025-02-11 06:04:40.743148,1305,5266,828.02,send,Pune,mobile,0,5G,morning,0
100567,2025-02-11 07:49:49.204640,1692,5315,1364.04,merchant_payment,Delhi,mobile,0,4G,morning,0
100568,2025-02-11 09:34:57.666133,1682,5715,35.9,send,Bangalore,mobile,0,4G,morning,0
100569,2025-02-11 11:20:06.127625,1838,5041,929.63,receive,Delhi,mobile,0,5G,morning,0
100570,2025-02-11 13:05:14.589117,1783,5105,230.21,receive,Hyderabad,tablet,0,4G,afternoon,0
100571,2025-02-11 14:50:23.050610,1054,5901,262.63,merchant_payment,Kolkata,mobile,0,WiFi,afternoon,0
100572,2025-02-11 16:35:31.512102,1444,5890,763.14,send,Kolkata,mobile,0,4G,afternoon,0
100573,2025-02-11 18:20:39.973594,1613,5193,342.74,send,Kolkata,mobile,0,5G,evening,1
100574,2025-02-11 20:05:48.435087,1993,5401,892.94,send,Pune,mobile,0,WiFi,evening,0
100575,2025-02-11 21:50:56.896579,1264,5278,473.03,receive,Chennai,mobile,0,5G,evening,0
100576,2025-02-11 23:36:05.358071,1053,5354,583.01,merchant_payment,Mumbai,mobile,0,WiFi,evening,0
100577,2025-02-12 01:21:13.819563,1572,5749,301.8,merchant_payment,Kolkata,mobile,0,WiFi,night,0
100578,2025-02-12 03:06:22.281056,1620,5937,169.88,merchant_payment,Bangalore,mobile,0,WiFi,night,0
100579,2025-02-12 04:51:30.742548,1005,5733,235.02,send,Mumbai,mobile,0,WiFi,night,0
100580,2025-02-12 06:36:39.204040,1103,5580,444.6,merchant_payment,Hyderabad,mobile,0,4G,morning,1
100581,2025-02-12 08:21:47.665533,1196,5709,3094.06,send,Hyderabad,mobile,1,4G,morning,0
100582,2025-02-12 10:06:56.127025,1774,5256,2147.17,receive,Pune,mobile,0,4G,morning,0
100583,2025-02-12 11:52:04.588517,1877,5651,256.39,receive,Hyderabad,mobile,0,WiFi,morning,0
100584,2025-02-12 13:37:13.050010,1992,5824,523.35,send,Hyderabad,mobile,0,4G,afternoon,0
100585,2025-02-12 15:22:21.511502,1884,5947,369.55,send,Ahmedabad,mobile,0,4G,afternoon,0
100586,2025-02-12 17:07:29.972994,1350,5661,561.31,merchant_payment,Chennai,mobile,0,5G,afternoon,0
100587,2025-02-12 18:52:38.434486,1047,5099,638.37,send,Ahmedabad,mobile,0,4G,evening,0
100588,2025-02-12 20:37:46.895979,1867,5588,835.07,send,Delhi,mobile,1,5G,evening,0
100589,2025-02-12 22:22:55.357471,1823,5282,27.08,send,Delhi,mobile,0,WiFi,evening,0
100590,2025-02-13 00:08:03.818963,1936,5883,710.88,send,Ahmedabad,mobile,0,5G,night,0
100591,2025-02-13 01:53:12.280456,1820,5403,330.66,merchant_payment,Kolkata,mobile,0,5G,night,0
100592,2025-02-13 03:38:20.741948,1656,5109,243.49,receive,Chennai,mobile,0,5G,night,0
100593,2025-02-13 05:23:29.203440,1269,5700,1090.35,merchant_payment,Pune,mobile,0,5G,night,0
100594,2025-02-13 07:08:37.664932,1370,5199,2136.29,send,Delhi,mobile,0,4G,morning,0
100595,2025-02-13 08:53:46.126425,1636,5303,981.42,merchant_payment,Ahmedabad,mobile,0,5G,morning,1
100596,2025-02-13 10:38:54.587917,1106,5327,293.37,merchant_payment,Pune,mobile,0,4G,morning,0
100597,2025-02-13 12:24:03.049409,1670,5154,168.01,send,Pune,mobile,0,5G,afternoon,0
100598,2025-02-13 14:09:11.510902,1659,5552,24.38,send,Hyderabad,mobile,0,5G,afternoon,0
100599,2025-02-13 15:54:19.972394,1657,5645,591.41,merchant_payment,Delhi,mobile,0,4G,afternoon,0
100600,2025-02-13 17:39:28.433886,1120,5405,879.2,send,Mumbai,mobile,0,5G,afternoon,0
100601,2025-02-13 19:24:36.895379,1831,5462,445.03,send,Kolkata,mobile,0,5G,evening,0
100602,2025-02-13 21:09:45.356871,1787,5132,1253.56,send,Delhi,mobile,0,4G,evening,0
100603,2025-02-13 22:54:53.818363,1604,5791,131.61,send,Mumbai,tablet,0,4G,evening,0
100604,2025-02-14 00:40:02.279855,1058,5874,415.2,send,Bangalore,mobile,0,5G,night,0
100605,2025-02-14 02:25:10.741348,1951,5084,383.64,send,Mumbai,mobile,0,5G,night,0
100606,2025-02-14 04:10:19.202840,1346,5399,441.37,merchant_payment,Mumbai,mobile,0,5G,night,0
100607,2025-02-14 05:55:27.664332,1741,5754,1584.35,send,Hyderabad,mobile,0,5G,night,1
100608,2025-02-14 07:40:36.125825,1474,5628,443.7,merchant_payment,Hyderabad,tablet,0,5G,morning,0
100609,2025-02-14 09:25:44.587317,1117,5109,366.94,send,Kolkata,mobile,0,WiFi,morning,1
100610,2025-02-14 11:10:53.048809,1830,5221,193.12,merchant_payment,Hyderabad,mobile,0,4G,morning,0
100611,2025-02-14 12:56:01.510302,1791,5904,1860.46,merchant_payment,Mumbai,mobile,0,WiFi,afternoon,0
100612,2025-02-14 14:41:09.971794,1127,5553,117.78,merchant_payment,Chennai,mobile,0,5G,afternoon,0
100613,2025-02-14 16:26:18.433286,1393,5368,283.44,merchant_payment,Hyderabad,mobile,0,5G,afternoon,0
100614,2025-02-14 18:11:26.894778,1908,5147,2680.98,merchant_payment,Hyderabad,tablet,0,5G,evening,0
100615,2025-02-14 19:56:35.356271,1641,5112,787.01,merchant_payment,Ahmedabad,mobile,0,4G,evening,0
100616,2025-02-14 21:41:43.817763,1058,5615,482.91,send,Mumbai,mobile,0,5G,evening,0
100617,2025-02-14 23:26:52.279255,1634,5558,503.55,send,Bangalore,mobile,0,4G,evening,0
100618,2025-02-15 01:12:00.740748,1513,5924,191.26,merchant_payment,Bangalore,tablet,0,4G,night,0
100619,2025-02-15 02:57:09.202240,1751,5494,460.11,send,Ahmedabad,mobile,0,5G,night,0
100620,2025-02-15 04:42:17.663732,1802,5505,347.28,merchant_payment,Delhi,mobile,0,4G,night,0
100621,2025-02-15 06:27:26.125225,1096,5475,589.71,merchant_payment,Kolkata,mobile,0,4G,morning,0
100622,2025-02-15 08:12:34.586717,1638,5836,109.26,send,Bangalore,mobile,0,WiFi,morning,0
100623,2025-02-15 09:57:43.048209,1118,5890,733.52,merchant_payment,Hyderabad,mobile,0,WiFi,morning,1
100624,2025-02-15 11:42:51.509701,1560,5271,1361.89,send,Chennai,mobile,0,5G,morning,0
100625,2025-02-15 13:27:59.971194,1601,5995,401.89,send,Delhi,mobile,0,WiFi,afternoon,0
100626,2025-02-15 15:13:08.432686,1488,5421,941.15,receive,Kolkata,mobile,0,WiFi,afternoon,0
100627,2025-02-15 16:58:16.894178,1237,5897,672.06,send,Chennai,mobile,0,5G,afternoon,0
100628,2025-02-15 18:43:25.355671,1885,5707,268.34,receive,Chennai,mobile,0,WiFi,evening,0
100629,2025-02-15 20:28:33.817163,1897,5367,170.97,receive,Hyderabad,tablet,0,4G,evening,0
100630,2025-02-15 22:13:42.278655,1272,5280,196.69,send,Mumbai,mobile,1,5G,evening,1
100631,2025-02-15 23:58:50.740148,1189,5283,660.43,merchant_payment,Mumbai,mobile,0,4G,evening,0
100632,2025-02-16 01:43:59.201640,1999,5040,465.85,receive,Mumbai,mobile,0,5G,night,0
100633,2025-02-16 03:29:07.663132,1704,5959,1763.57,send,Bangalore,tablet,0,WiFi,night,0
100634,2025-02-16 05:14:16.124624,1447,5189,1086.67,send,Mumbai,mobile,0,4G,night,0
100635,2025-02-16 06:59:24.586117,1581,5164,1084.4,merchant_payment,Kolkata,mobile,0,5G,morning,1
100636,2025-02-16 08:44:33.047609,1790,5994,641.03,merchant_payment,Ahmedabad,mobile,0,WiFi,morning,0
100637,2025-02-16 10:29:41.509101,1861,5989,188.26,send,Hyderabad,mobile,0,WiFi,morning,0
100638,2025-02-16 12:14:49.970594,1247,5536,682.21,send,Ahmedabad,mobile,0,4G,afternoon,0
100639,2025-02-16 13:59:58.432086,1963,5536,525.24,merchant_payment,Bangalore,tablet,0,WiFi,afternoon,0
100640,2025-02-16 15:45:06.893578,1076,5004,157.85,receive,Kolkata,mobile,0,4G,afternoon,0
100641,2025-02-16 17:30:15.355071,1154,5835,1652.34,send,Mumbai,mobile,0,5G,afternoon,0
100642,2025-02-16 19:15:23.816563,1656,5290,1483.69,receive,Kolkata,mobile,0,4G,evening,0
100643,2025-02-16 21:00:32.278055,1435,5953,156.94,receive,Ahmedabad,mobile,0,4G,evening,0
100644,2025-02-16 22:45:40.739547,1997,5433,260.4,merchant_payment,Chennai,mobile,0,4G,evening,0
100645,2025-02-17 00:30:49.201040,1086,5471,284.31,send,Hyderabad,mobile,1,4G,night,1
100646,2025-02-17 02:15:57.662532,1697,5181,906.74,receive,Hyderabad,mobile,0,5G,night,0
100647,2025-02-17 04:01:06.124024,1285,5248,808.13,send,Ahmedabad,tablet,0,4G,night,1
100648,2025-02-17 05:46:14.585517,1974,5628,515.12,merchant_payment,Kolkata,mobile,0,WiFi,night,0
100649,2025-02-17 07:31:23.047009,1220,5279,647.98,merchant_payment,Delhi,mobile,0,WiFi,morning,1
100650,2025-02-17 09:16:31.508501,1069,5877,135.96,merchant_payment,Ahmedabad,mobile,1,5G,morning,1
100651,2025-02-17 11:01:39.969993,1047,5581,721.52,merchant_payment,Hyderabad,mobile,0,5G,morning,0
100652,2025-02-17 12:46:48.431486,1094,5863,445.46,send,Chennai,mobile,0,5G,afternoon,0
100653,2025-02-17 14:31:56.892978,1750,5254,249.87,merchant_payment,Ahmedabad,mobile,0,4G,afternoon,0
100654,2025-02-17 16:17:05.354470,1958,5181,106.43,send,Ahmedabad,tablet,0,4G,afternoon,0
100655,2025-02-17 18:02:13.815963,1453,5830,506.21,merchant_payment,Hyderabad,mobile,0,WiFi,evening,0
100656,2025-02-17 19:47:22.277455,1204,5681,704.13,send,Ahmedabad,mobile,0,4G,evening,0
100657,2025-02-17 21:32:30.738947,1912,5825,89.79,send,Delhi,mobile,0,WiFi,evening,0
100658,2025-02-17 23:17:39.200440,1218,5509,501.94,receive,Hyderabad,mobile,0,4G,evening,0
100659,2025-02-18 01:02:47.661932,1474,5761,556.82,merchant_payment,Pune,mobile,0,4G,night,0
100660,2025-02-18 02:47:56.123424,1432,5700,283.09,merchant_payment,Hyderabad,mobile,0,4G,night,0
100661,2025-02-18 04:33:04.584916,1341,5566,720.42,receive,Delhi,mobile,0,5G,night,0
100662,2025-02-18 06:18:13.046409,1551,5326,431.53,send,Pune,mobile,0,5G,morning,0
100663,2025-02-18 08:03:21.507901,1612,5357,654.04,merchant_payment,Pune,mobile,0,4G,morning,1
100664,2025-02-18 09:48:29.969393,1289,5825,840.71,send,Hyderabad,mobile,0,5G,morning,0
100665,2025-02-18 11:33:38.430886,1254,5650,841.18,merchant_payment,Ahmedabad,mobile,0,WiFi,morning,1
100666,2025-02-18 13:18:46.892378,1734,5680,1362.15,receive,Kolkata,mobile,0,5G,afternoon,0
100667,2025-02-18 15:03:55.353870,1357,5391,691.13,send,Bangalore,mobile,0,4G,afternoon,0
100668,2025-02-18 16:49:03.815363,1023,5615,305.81,send,Pune,mobile,0,4G,afternoon,0
100669,2025-02-18 18:34:12.276855,1762,5934,257.81,send,Kolkata,mobile,0,5G,evening,0
100670,2025-02-18 20:19:20.738347,1522,5085,170.15,send,Hyderabad,mobile,0,5G,evening,0
100671,2025-02-18 22:04:29.199839,1758,5317,573.17,send,Mumbai,mobile,0,WiFi,evening,0
100672,2025-02-18 23:49:37.661332,1837,5212,1846.99,send,Mumbai,mobile,0,5G,evening,0
100673,2025-02-19 01:34:46.122824,1100,5515,344.31,send,Bangalore,mobile,0,4G,night,0
100674,2025-02-19 03:19:54.584316,1802,5384,772.48,receive,Pune,mobile,0,4G,night,0
100675,2025-02-19 05:05:03.045809,1180,5691,232.23,merchant_payment,Hyderabad,mobile,0,5G,night,0
100676,2025-02-19 06:50:11.507301,1223,5342,598.73,send,Chennai,mobile,0,4G,morning,0
100677,2025-02-19 08:35:19.968793,1906,5815,1736.01,send,Pune,mobile,0,WiFi,morning,0
100678,2025-02-19 10:20:28.430286,1762,5964,978.72,send,Hyderabad,mobile,1,4G,morning,1
100679,2025-02-19 12:05:36.891778,1659,5988,102.43,receive,Mumbai,mobile,0,5G,afternoon,0
100680,2025-02-19 13:50:45.353270,1442,5844,871.92,merchant_payment,Delhi,mobile,1,4G,afternoon,1
100681,2025-02-19 15:35:53.814762,1608,5038,912.53,receive,Bangalore,mobile,0,4G,afternoon,0
100682,2025-02-19 17:21:02.276255,1769,5511,586.1,merchant_payment,Delhi,mobile,0,5G,afternoon,1
100683,2025-02-19 19:06:10.737747,1325,5420,960.57,receive,Chennai,mobile,0,5G,evening,0
100684,2025-02-19 20:51:19.199239,1516,5751,214.11,receive,Hyderabad,mobile,1,4G,evening,0
100685,2025-02-19 22:36:27.660732,1016,5169,524.93,send,Ahmedabad,mobile,0,4G,evening,0
100686,2025-02-20 00:21:36.122224,1792,5965,1495.44,merchant_payment,Chennai,tablet,1,5G,night,1
100687,2025-02-20 02:06:44.583716,1336,5909,1366.42,merchant_payment,Delhi,mobile,0,WiFi,night,0
100688,2025-02-20 03:51:53.045209,1759,5343,852.39,receive,Hyderabad,mobile,0,4G,night,0
100689,2025-02-20 05:37:01.506701,1258,5826,203.77,merchant_payment,Pune,mobile,0,5G,night,0
100690,2025-02-20 07:22:09.968193,1497,5306,174.08,send,Kolkata,mobile,0,4G,morning,0
100691,2025-02-20 09:07:18.429685,1988,5542,552.55,merchant_payment,Kolkata,tablet,0,5G,morning,0
100692,2025-02-20 10:52:26.891178,1896,5702,590.38,send,Pune,tablet,0,5G,morning,0
100693,2025-02-20 12:37:35.352670,1160,5869,445.69,send,Chennai,mobile,0,4G,afternoon,0
100694,2025-02-20 14:22:43.814162,1475,5537,220.35,send,Ahmedabad,tablet,0,5G,afternoon,0
100695,2025-02-20 16:07:52.275655,1852,5112,762.77,merchant_payment,Kolkata,tablet,0,4G,afternoon,0
100696,2025-02-20 17:53:00.737147,1664,5411,550.14,merchant_payment,Ahmedabad,mobile,0,4G,afternoon,0
100697,2025-02-20 19:38:09.198639,1908,5947,658.41,merchant_payment,Ahmedabad,tablet,0,5G,evening,0
100698,2025-02-20 21:23:17.660132,1690,5206,891.97,merchant_payment,Kolkata,mobile,0,5G,evening,0
100699,2025-02-20 23:08:26.121624,1675,5185,374.78,receive,Mumbai,mobile,0,5G,evening,0
100700,2025-02-21 00:53:34.583116,1380,5382,302.25,merchant_payment,Kolkata,mobile,0,4G,night,0
100701,2025-02-21 02:38:43.044608,1545,5496,1491.54,merchant_payment,Mumbai,mobile,1,5G,night,0
100702,2025-02-21 04:23:51.506101,1929,5379,231.05,receive,Bangalore,mobile,0,4G,night,0
100703,2025-02-21 06:08:59.967593,1957,5047,308.22,send,Mumbai,mobile,1,4G,morning,0
100704,2025-02-21 07:54:08.429085,1691,5886,1692.98,merchant_payment,Mumbai,mobile,0,5G,morning,0
100705,2025-02-21 09:39:16.890578,1427,5740,285.14,merchant_payment,Delhi,mobile,0,5G,morning,0
100706,2025-02-21 11:24:25.352070,1613,5551,446.47,merchant_payment,Ahmedabad,mobile,0,WiFi,morning,0
100707,2025-02-21 13:09:33.813562,1268,5528,326.37,merchant_payment,Ahmedabad,mobile,0,5G,afternoon,0
100708,2025-02-21 14:54:42.275055,1835,5504,82.83,merchant_payment,Mumbai,mobile,0,4G,afternoon,0
100709,2025-02-21 16:39:50.736547,1577,5022,435.59,merchant_payment,Mumbai,mobile,0,WiFi,afternoon,0
100710,2025-02-21 18:24:59.198039,1417,5213,179.36,merchant_payment,Delhi,mobile,0,4G,evening,0
100711,2025-02-21 20:10:07.659531,1168,5310,635.61,merchant_payment,Mumbai,mobile,0,4G,evening,0
100712,2025-02-21 21:55:16.121024,1842,5661,1488.67,send,Kolkata,mobile,0,5G,evening,0
100713,2025-02-21 23:40:24.582516,1043,5968,53.83,receive,Pune,mobile,0,WiFi,evening,0
100714,2025-02-22 01:25:33.044008,1556,5753,328.02,receive,Mumbai,mobile,0,5G,night,0
100715,2025-02-22 03:10:41.505501,1285,5272,774.58,merchant_payment,Bangalore,tablet,0,5G,night,0
100716,2025-02-22 04:55:49.966993,1397,5571,55.51,receive,Mumbai,mobile,0,5G,night,0
100717,2025-02-22 06:40:58.428485,1012,5799,1874.82,send,Mumbai,mobile,0,5G,morning,0
100718,2025-02-22 08:26:06.889977,1607,5938,720.46,send,Bangalore,mobile,0,5G,morning,0
100719,2025-02-22 10:11:15.351470,1302,5202,1455.66,merchant_payment,Pune,mobile,0,4G,morning,0
100720,2025-02-22 11:56:23.812962,1898,5032,280.35,receive,Delhi,mobile,0,4G,morning,0
100721,2025-02-22 13:41:32.274454,1253,5443,316.3,send,Kolkata,mobile,0,4G,afternoon,0
100722,2025-02-22 15:26:40.735947,1499,5162,419.5,send,Pune,mobile,0,WiFi,afternoon,0
100723,2025-02-22 17:11:49.197439,1754,5767,4180.6,receive,Mumbai,mobile,1,5G,afternoon,1
100724,2025-02-22 18:56:57.658931,1035,5254,1841.08,send,Kolkata,mobile,1,5G,evening,0
100725,2025-02-22 20:42:06.120424,1727,5521,562.48,send,Chennai,mobile,0,4G,evening,0
100726,2025-02-22 22:27:14.581916,1849,5977,635.49,send,Ahmedabad,mobile,0,4G,evening,0
100727,2025-02-23 00:12:23.043408,1090,5651,929.74,receive,Kolkata,tablet,0,WiFi,night,0
100728,2025-02-23 01:57:31.504900,1776,5480,5385.98,receive,Delhi,mobile,0,4G,night,1
100729,2025-02-23 03:42:39.966393,1605,5010,722.5,send,Delhi,mobile,0,5G,night,0
100730,2025-02-23 05:27:48.427885,1922,5726,515.92,merchant_payment,Ahmedabad,mobile,0,4G,night,0
100731,2025-02-23 07:12:56.889377,1970,5505,351.22,send,Pune,mobile,0,5G,morning,0
100732,2025-02-23 08:58:05.350870,1602,5785,623.23,send,Mumbai,mobile,0,5G,morning,0
100733,2025-02-23 10:43:13.812362,1418,5836,273.96,send,Ahmedabad,mobile,0,5G,morning,0
100734,2025-02-23 12:28:22.273854,1115,5560,809.24,send,Bangalore,mobile,0,4G,afternoon,0
100735,2025-02-23 14:13:30.735347,1617,5436,117.61,send,Delhi,mobile,0,5G,afternoon,0
100736,2025-02-23 15:58:39.196839,1903,5111,379.74,send,Bangalore,mobile,1,5G,afternoon,0
100737,2025-02-23 17:43:47.658331,1196,5153,1027.24,receive,Pune,mobile,0,WiFi,afternoon,0
100738,2025-02-23 19:28:56.119823,1826,5635,712.74,receive,Pune,mobile,0,5G,evening,0
100739,2025-02-23 21:14:04.581316,1501,5917,310.25,receive,Chennai,mobile,0,4G,evening,0
100740,2025-02-23 22:59:13.042808,1626,5869,390.71,merchant_payment,Bangalore,mobile,0,5G,evening,0
100741,2025-02-24 00:44:21.504300,1493,5102,1387.61,send,Pune,mobile,0,5G,night,0
100742,2025-02-24 02:29:29.965793,1075,5753,146.88,merchant_payment,Pune,mobile,0,WiFi,night,1
100743,2025-02-24 04:14:38.427285,1413,5833,147.73,send,Pune,mobile,0,4G,night,0
100744,2025-02-24 05:59:46.888777,1376,5191,194.49,merchant_payment,Ahmedabad,mobile,0,4G,night,0
100745,2025-02-24 07:44:55.350270,1420,5729,487.52,send,Hyderabad,mobile,0,WiFi,morning,0
100746,2025-02-24 09:30:03.811762,1729,5563,126.88,merchant_payment,Pune,mobile,1,WiFi,morning,0
100747,2025-02-24 11:15:12.273254,1277,5804,1277.94,receive,Pune,mobile,0,4G,morning,0
100748,2025-02-24 13:00:20.734746,1761,5081,195.53,send,Bangalore,mobile,0,4G,afternoon,0
100749,2025-02-24 14:45:29.196239,1676,5489,616.68,receive,Delhi,mobile,0,4G,afternoon,0
100750,2025-02-24 16:30:37.657731,1394,5895,276.15,send,Bangalore,mobile,0,4G,afternoon,0
100751,2025-02-24 18:15:46.119223,1869,5088,461.51,merchant_payment,Bangalore,tablet,0,4G,evening,1
100752,2025-02-24 20:00:54.580716,1457,5194,99.15,merchant_payment,Hyderabad,mobile,0,4G,evening,0
100753,2025-02-24 21:46:03.042208,1920,5104,1341.19,send,Hyderabad,mobile,0,WiFi,evening,0
100754,2025-02-24 23:31:11.503700,1192,5783,188.39,send,Ahmedabad,mobile,0,4G,evening,0
100755,2025-02-25 01:16:19.965193,1739,5096,169.66,send,Mumbai,mobile,1,5G,night,0
100756,2025-02-25 03:01:28.426685,1689,5423,5318.83,merchant_payment,Delhi,mobile,0,5G,night,0
100757,2025-02-25 04:46:36.888177,1099,5891,857.75,send,Pune,mobile,0,5G,night,1
100758,2025-02-25 06:31:45.349669,1548,5198,1290.02,receive,Ahmedabad,mobile,0,5G,morning,0
100759,2025-02-25 08:16:53.811162,1978,5001,779.69,merchant_payment,Mumbai,mobile,0,5G,morning,0
100760,2025-02-25 10:02:02.272654,1999,5407,313.41,send,Pune,mobile,0,WiFi,morning,0
100761,2025-02-25 11:47:10.734146,1096,5378,133.37,merchant_payment,Pune,mobile,0,5G,morning,0
100762,2025-02-25 13:32:19.195639,1664,5167,365.47,receive,Hyderabad,mobile,0,4G,afternoon,0
100763,2025-02-25 15:17:27.657131,1663,5509,185.27,send,Pune,mobile,0,4G,afternoon,0
100764,2025-02-25 17:02:36.118623,1190,5638,196.74,send,Pune,mobile,0,WiFi,afternoon,0
100765,2025-02-25 18:47:44.580116,1736,5313,101.17,merchant_payment,Bangalore,mobile,0,5G,evening,0
100766,2025-02-25 20:32:53.041608,1037,5593,552.51,send,Hyderabad,mobile,0,WiFi,evening,0
100767,2025-02-25 22:18:01.503100,1780,5418,2376.57,send,Chennai,mobile,1,4G,evening,0
100768,2025-02-26 00:03:09.964592,1369,5763,861.04,send,Bangalore,mobile,0,4G,night,0
100769,2025-02-26 01:48:18.426085,1695,5681,443.28,merchant_payment,Mumbai,mobile,0,5G,night,0
100770,2025-02-26 03:33:26.887577,1525,5477,473.16,receive,Bangalore,mobile,0,4G,night,0
100771,2025-02-26 05:18:35.349069,1279,5073,23.39,receive,Ahmedabad,tablet,0,5G,night,0
100772,2025-02-26 07:03:43.810562,1217,5141,322.52,send,Chennai,mobile,0,WiFi,morning,0
100773,2025-02-26 08:48:52.272054,1867,5582,118.31,merchant_payment,Hyderabad,mobile,0,5G,morning,0
100774,2025-02-26 10:34:00.733546,1873,5262,563.64,merchant_payment,Delhi,mobile,0,4G,morning,0
100775,2025-02-26 12:19:09.195039,1798,5340,379.94,send,Pune,mobile,0,5G,afternoon,0
100776,2025-02-26 14:04:17.656531,1273,5308,206.58,send,Kolkata,mobile,0,5G,afternoon,0
100777,2025-02-26 15:49:26.118023,1881,5245,551.09,merchant_payment,Delhi,mobile,0,5G,afternoon,0
100778,2025-02-26 17:34:34.579515,1062,5515,546.36,merchant_payment,Delhi,mobile,0,5G,afternoon,0
100779,2025-02-26 19:19:43.041008,1596,5337,2249.86,receive,Pune,mobile,0,5G,evening,0
100780,2025-02-26 21:04:51.502500,1880,5575,978.89,merchant_payment,Hyderabad,tablet,0,5G,evening,0
100781,2025-02-26 22:49:59.963992,1729,5561,612.15,receive,Delhi,mobile,0,5G,evening,0
100782,2025-02-27 00:35:08.425485,1342,5076,191.04,send,Chennai,mobile,0,5G,night,0
100783,2025-02-27 02:20:16.886977,1397,5880,168.44,merchant_payment,Pune,mobile,0,4G,night,1
100784,2025-02-27 04:05:25.348469,1699,5175,896.81,receive,Hyderabad,mobile,0,5G,night,0
100785,2025-02-27 05:50:33.809961,1019,5109,403.4,merchant_payment,Ahmedabad,mobile,0,5G,night,1
100786,2025-02-27 07:35:42.271454,1177,5183,632.3,send,Delhi,mobile,0,4G,morning,0
100787,2025-02-27 09:20:50.732946,1612,5192,1310.29,receive,Pune,mobile,0,WiFi,morning,0
100788,2025-02-27 11:05:59.194438,1396,5065,108.51,merchant_payment,Kolkata,mobile,0,4G,morning,0
100789,2025-02-27 12:51:07.655931,1445,5849,1992.28,send,Mumbai,mobile,0,4G,afternoon,0
100790,2025-02-27 14:36:16.117423,1233,5963,1299.04,send,Hyderabad,mobile,0,5G,afternoon,0
100791,2025-02-27 16:21:24.578915,1915,5474,63.15,merchant_payment,Hyderabad,mobile,0,4G,afternoon,0
100792,2025-02-27 18:06:33.040408,1076,5783,5182.76,send,Bangalore,mobile,0,5G,evening,0
100793,2025-02-27 19:51:41.501900,1265,5100,679.51,receive,Ahmedabad,mobile,0,5G,evening,0
100794,2025-02-27 21:36:49.963392,1455,5544,305.35,merchant_payment,Pune,mobile,0,4G,evening,0
100795,2025-02-27 23:21:58.424884,1796,5864,828.04,send,Delhi,mobile,0,WiFi,evening,0
100796,2025-02-28 01:07:06.886377,1718,5128,185.4,merchant_payment,Mumbai,mobile,0,4G,night,0
100797,2025-02-28 02:52:15.347869,1735,5452,850.76,merchant_payment,Pune,mobile,0,5G,night,0
100798,2025-02-28 04:37:23.809361,1384,5914,222.85,receive,Kolkata,mobile,0,WiFi,night,0
100799,2025-02-28 06:22:32.270854,1564,5369,3715.84,send,Chennai,mobile,0,5G,morning,0
100800,2025-02-28 08:07:40.732346,1851,5851,523.27,merchant_payment,Hyderabad,mobile,0,WiFi,morning,0
100801,2025-02-28 09:52:49.193838,1506,5043,943.71,send,Chennai,mobile,0,WiFi,morning,0
100802,2025-02-28 11:37:57.655331,1367,5884,224.51,send,Chennai,mobile,0,WiFi,morning,0
100803,2025-02-28 13:23:06.116823,1144,5419,1114.87,send,Chennai,mobile,0,4G,afternoon,0
100804,2025-02-28 15:08:14.578315,1885,5488,486.59,send,Ahmedabad,mobile,0,5G,afternoon,0
100805,2025-02-28 16:53:23.039807,1069,5078,120.08,receive,Bangalore,mobile,0,WiFi,afternoon,0
100806,2025-02-28 18:38:31.501300,1099,5826,388.09,merchant_payment,Pune,mobile,0,WiFi,evening,0
100807,2025-02-28 20:23:39.962792,1396,5801,3398.57,merchant_payment,Chennai,mobile,0,WiFi,evening,0
100808,2025-02-28 22:08:48.424284,1025,5270,1163.25,send,Delhi,mobile,0,WiFi,evening,0
100809,2025-02-28 23:53:56.885777,1948,5674,337.32,send,Delhi,mobile,0,5G,evening,0
100810,2025-03-01 01:39:05.347269,1891,5701,76.01,merchant_payment,Mumbai,mobile,0,4G,night,0
100811,2025-03-01 03:24:13.808761,1469,5759,214.33,send,Mumbai,tablet,0,4G,night,0
100812,2025-03-01 05:09:22.270254,1484,5900,120.73,merchant_payment,Kolkata,mobile,0,4G,night,0
100813,2025-03-01 06:54:30.731746,1565,5728,77.87,merchant_payment,Chennai,mobile,0,4G,morning,0
100814,2025-03-01 08:39:39.193238,1151,5315,1080.95,merchant_payment,Chennai,mobile,0,4G,morning,0
100815,2025-03-01 10:24:47.654730,1144,5925,524.47,send,Bangalore,mobile,0,4G,morning,0
100816,2025-03-01 12:09:56.116223,1569,5851,2966.41,receive,Pune,mobile,0,4G,afternoon,0
100817,2025-03-01 13:55:04.577715,1039,5902,181.7,send,Chennai,mobile,0,WiFi,afternoon,0
100818,2025-03-01 15:40:13.039207,1109,5889,491.63,send,Chennai,mobile,0,4G,afternoon,0
100819,2025-03-01 17:25:21.500700,1693,5993,122.22,receive,Ahmedabad,mobile,0,4G,afternoon,0
100820,2025-03-01 19:10:29.962192,1042,5945,271.82,merchant_payment,Pune,mobile,0,5G,evening,0
100821,2025-03-01 20:55:38.423684,1186,5168,394.61,merchant_payment,Chennai,mobile,0,WiFi,evening,0
100822,2025-03-01 22:40:46.885177,1935,5339,338.78,merchant_payment,Hyderabad,mobile,0,4G,evening,0
100823,2025-03-02 00:25:55.346669,1398,5193,519.85,merchant_payment,Hyderabad,mobile,0,4G,night,0
100824,2025-03-02 02:11:03.808161,1223,5453,1301.94,send,Ahmedabad,mobile,0,4G,night,0
100825,2025-03-02 03:56:12.269653,1634,5283,1171.94,receive,Ahmedabad,mobile,0,4G,night,0
100826,2025-03-02 05:41:20.731146,1133,5336,228.3,send,Bangalore,mobile,0,4G,night,0
100827,2025-03-02 07:26:29.192638,1163,5390,478.02,send,Ahmedabad,mobile,0,5G,morning,0
100828,2025-03-02 09:11:37.654130,1215,6000,1090.18,receive,Bangalore,tablet,0,WiFi,morning,0
100829,2025-03-02 10:56:46.115623,1733,5525,1388.16,merchant_payment,Ahmedabad,mobile,0,5G,morning,0
100830,2025-03-02 12:41:54.577115,1235,5240,254.38,merchant_payment,Ahmedabad,mobile,0,4G,afternoon,0
100831,2025-03-02 14:27:03.038607,1843,5832,1000.41,send,Delhi,mobile,0,4G,afternoon,0
100832,2025-03-02 16:12:11.500100,1658,5958,686.18,send,Bangalore,mobile,0,4G,afternoon,0
100833,2025-03-02 17:57:19.961592,1751,5483,169.7,send,Kolkata,mobile,0,4G,afternoon,0
100834,2025-03-02 19:42:28.423084,1588,5659,1096.81,send,Delhi,mobile,0,5G,evening,0
100835,2025-03-02 21:27:36.884576,1009,5716,573.38,send,Ahmedabad,tablet,0,WiFi,evening,0
100836,2025-03-02 23:12:45.346069,1074,5592,86.37,merchant_payment,Pune,mobile,0,4G,evening,0
100837,2025-03-03 00:57:53.807561,1954,5891,367.29,merchant_payment,Chennai,mobile,0,WiFi,night,0
100838,2025-03-03 02:43:02.269053,1492,5555,512.79,send,Ahmedabad,mobile,0,WiFi,night,0
100839,2025-03-03 04:28:10.730546,1913,5458,268.86,merchant_payment,Bangalore,mobile,0,4G,night,0
100840,2025-03-03 06:13:19.192038,1253,5089,1682.82,send,Kolkata,mobile,0,4G,morning,0
100841,2025-03-03 07:58:27.653530,1230,5660,1744.93,merchant_payment,Bangalore,mobile,0,4G,morning,0
100842,2025-03-03 09:43:36.115023,1519,5095,336.13,send,Ahmedabad,mobile,0,5G,morning,0
100843,2025-03-03 11:28:44.576515,1174,5452,301.2,merchant_payment,Bangalore,mobile,0,4G,morning,0
100844,2025-03-03 13:13:53.038007,1653,5428,432.15,merchant_payment,Delhi,mobile,0,4G,afternoon,0
100845,2025-03-03 14:59:01.499499,1168,5151,403.4,merchant_payment,Pune,mobile,0,WiFi,afternoon,1
100846,2025-03-03 16:44:09.960992,1170,5514,272.46,send,Pune,mobile,0,4G,afternoon,0
100847,2025-03-03 18:29:18.422484,1393,5376,12.08,merchant_payment,Delhi,mobile,0,4G,evening,0
100848,2025-03-03 20:14:26.883976,1946,5022,2849.25,send,Ahmedabad,mobile,0,5G,evening,0
100849,2025-03-03 21:59:35.345469,1795,5883,492.96,send,Mumbai,tablet,0,WiFi,evening,0
100850,2025-03-03 23:44:43.806961,1634,5313,412.27,send,Delhi,mobile,0,4G,evening,0
100851,2025-03-04 01:29:52.268453,1194,5997,682.1,merchant_payment,Delhi,mobile,1,4G,night,1
100852,2025-03-04 03:15:00.729945,1517,5840,454.84,merchant_payment,Hyderabad,mobile,0,5G,night,0
100853,2025-03-04 05:00:09.191438,1029,5519,320.44,send,Ahmedabad,mobile,0,5G,night,1
100854,2025-03-04 06:45:17.652930,1165,5206,180.25,receive,Bangalore,mobile,0,WiFi,morning,0
100855,2025-03-04 08:30:26.114422,1422,5952,78.37,merchant_payment,Delhi,mobile,0,4G,morning,0
100856,2025-03-04 10:15:34.575915,1339,5375,127.18,receive,Bangalore,mobile,1,5G,morning,0
100857,2025-03-04 12:00:43.037407,1648,5451,161.31,send,Bangalore,mobile,0,4G,afternoon,0
100858,2025-03-04 13:45:51.498899,1496,5626,944.75,receive,Hyderabad,mobile,0,WiFi,afternoon,0
100859,2025-03-04 15:30:59.960392,1365,5784,1017.01,merchant_payment,Ahmedabad,mobile,0,4G,afternoon,0
100860,2025-03-04 17:16:08.421884,1833,5595,204.02,receive,Bangalore,mobile,0,4G,afternoon,0
100861,2025-03-04 19:01:16.883376,1342,5179,34.34,merchant_payment,Kolkata,mobile,0,4G,evening,0
100862,2025-03-04 20:46:25.344868,1500,5210,497.26,send,Delhi,mobile,0,4G,evening,1
100863,2025-03-04 22:31:33.806361,1657,5500,323.26,send,Bangalore,mobile,0,4G,evening,0
100864,2025-03-05 00:16:42.267853,1511,5464,315.37,send,Mumbai,tablet,0,4G,night,0
100865,2025-03-05 02:01:50.729345,1327,5840,1281.69,send,Mumbai,tablet,0,4G,night,0
100866,2025-03-05 03:46:59.190838,1217,5124,566.03,receive,Hyderabad,mobile,1,4G,night,1
100867,2025-03-05 05:32:07.652330,1301,5993,185.6,send,Kolkata,mobile,0,WiFi,night,0
100868,2025-03-05 07:17:16.113822,1132,5113,147.46,merchant_payment,Pune,mobile,0,4G,morning,1
100869,2025-03-05 09:02:24.575315,1804,5012,378.94,send,Pune,mobile,0,5G,morning,0
100870,2025-03-05 10:47:33.036807,1070,5126,199.06,merchant_payment,Delhi,mobile,0,5G,morning,0
100871,2025-03-05 12:32:41.498299,1252,5565,458.34,merchant_payment,Ahmedabad,mobile,0,4G,afternoon,1
100872,2025-03-05 14:17:49.959791,1415,5331,1374.91,merchant_payment,Hyderabad,mobile,0,4G,afternoon,0
100873,2025-03-05 16:02:58.421284,1787,5901,123.99,merchant_payment,Mumbai,mobile,0,WiFi,afternoon,0
100874,2025-03-05 17:48:06.882776,1445,5283,537.96,receive,Kolkata,mobile,0,4G,afternoon,1
100875,2025-03-05 19:33:15.344268,1876,5140,1230.35,send,Delhi,mobile,0,4G,evening,0
100876,2025-03-05 21:18:23.805761,1182,5401,452.06,merchant_payment,Bangalore,mobile,0,4G,evening,1
100877,2025-03-05 23:03:32.267253,1167,5902,1013.92,merchant_payment,Delhi,mobile,0,4G,evening,0
100878,2025-03-06 00:48:40.728745,1091,5097,369.71,merchant_payment,Chennai,mobile,0,4G,night,0
100879,2025-03-06 02:33:49.190238,1714,5517,584.54,merchant_payment,Delhi,mobile,0,WiFi,night,0
100880,2025-03-06 04:18:57.651730,1858,5569,765.7,receive,Bangalore,tablet,0,WiFi,night,0
100881,2025-03-06 06:04:06.113222,1531,5924,278.1,send,Chennai,mobile,0,WiFi,morning,0
100882,2025-03-06 07:49:14.574714,1039,5846,3607.16,merchant_payment,Pune,mobile,0,4G,morning,1
100883,2025-03-06 09:34:23.036207,1126,5069,877.94,send,Kolkata,mobile,0,WiFi,morning,0
100884,2025-03-06 11:19:31.497699,1451,5118,1813.45,send,Hyderabad,mobile,0,5G,morning,0
100885,2025-03-06 13:04:39.959191,1173,5888,1438.02,receive,Kolkata,tablet,0,WiFi,afternoon,0
100886,2025-03-06 14:49:48.420684,1653,5059,683.54,receive,Delhi,mobile,0,5G,afternoon,0
100887,2025-03-06 16:34:56.882176,1754,5033,1970.0,send,Pune,mobile,0,4G,afternoon,0
100888,2025-03-06 18:20:05.343668,1220,5318,594.62,merchant_payment,Hyderabad,mobile,0,WiFi,evening,0
100889,2025-03-06 20:05:13.805161,1638,5050,237.51,merchant_payment,Delhi,mobile,0,5G,evening,1
100890,2025-03-06 21:50:22.266653,1058,5880,500.11,merchant_payment,Mumbai,tablet,0,WiFi,evening,1
100891,2025-03-06 23:35:30.728145,1660,5489,180.16,receive,Mumbai,mobile,0,4G,evening,0
100892,2025-03-07 01:20:39.189637,1476,5019,60.24,merchant_payment,Bangalore,mobile,0,WiFi,night,0
100893,2025-03-07 03:05:47.651130,1456,5726,210.07,send,Pune,mobile,0,4G,night,0
100894,2025-03-07 04:50:56.112622,1829,5197,530.0,merchant_payment,Ahmedabad,mobile,0,4G,night,0
100895,2025-03-07 06:36:04.574114,1895,5891,1425.0,send,Pune,mobile,0,5G,morning,0
100896,2025-03-07 08:21:13.035607,1361,5450,209.45,send,Ahmedabad,mobile,0,5G,morning,0
100897,2025-03-07 10:06:21.497099,1935,5990,1353.11,receive,Kolkata,mobile,0,5G,morning,0
100898,2025-03-07 11:51:29.958591,1001,5559,146.84,merchant_payment,Mumbai,mobile,0,5G,morning,0
100899,2025-03-07 13:36:38.420084,1387,5679,196.46,send,Chennai,mobile,0,4G,afternoon,0
100900,2025-03-07 15:21:46.881576,1973,5452,2098.87,send,Chennai,mobile,0,5G,afternoon,0
100901,2025-03-07 17:06:55.343068,1348,5289,516.78,receive,Pune,mobile,0,4G,afternoon,0
100902,2025-03-07 18:52:03.804560,1190,5141,414.21,receive,Pune,mobile,0,5G,evening,0
100903,2025-03-07 20:37:12.266053,1505,5084,623.46,receive,Delhi,mobile,0,4G,evening,0
100904,2025-03-07 22:22:20.727545,1191,5694,147.47,send,Pune,mobile,0,4G,evening,0
100905,2025-03-08 00:07:29.189037,1508,5391,353.95,receive,Hyderabad,mobile,0,WiFi,night,0
100906,2025-03-08 01:52:37.650530,1369,5591,494.06,send,Chennai,tablet,0,4G,night,0
100907,2025-03-08 03:37:46.112022,1409,5215,1688.14,send,Delhi,mobile,0,5G,night,0
100908,2025-03-08 05:22:54.573514,1824,5526,92.72,receive,Ahmedabad,mobile,0,4G,night,0
100909,2025-03-08 07:08:03.035007,1929,5215,2872.65,merchant_payment,Hyderabad,mobile,0,4G,morning,0
100910,2025-03-08 08:53:11.496499,1934,5403,435.0,send,Pune,mobile,0,5G,morning,0
100911,2025-03-08 10:38:19.957991,1117,5128,162.3,send,Pune,mobile,0,4G,morning,0
100912,2025-03-08 12:23:28.419483,1134,5822,135.42,receive,Mumbai,tablet,0,5G,afternoon,0
100913,2025-03-08 14:08:36.880976,1058,5477,647.52,send,Delhi,mobile,0,WiFi,afternoon,0
100914,2025-03-08 15:53:45.342468,1556,5760,128.1,send,Hyderabad,mobile,0,WiFi,afternoon,0
100915,2025-03-08 17:38:53.803960,1685,5404,281.43,send,Bangalore,mobile,0,WiFi,afternoon,0
100916,2025-03-08 19:24:02.265453,1672,5029,383.79,send,Pune,mobile,0,5G,evening,0
100917,2025-03-08 21:09:10.726945,1173,5792,1546.39,send,Kolkata,mobile,0,5G,evening,0
100918,2025-03-08 22:54:19.188437,1829,5338,1364.38,merchant_payment,Kolkata,mobile,0,5G,evening,0
100919,2025-03-09 00:39:27.649929,1815,5831,259.05,merchant_payment,Pune,mobile,0,5G,night,0
100920,2025-03-09 02:24:36.111422,1149,5714,398.34,merchant_payment,Bangalore,mobile,0,5G,night,0
100921,2025-03-09 04:09:44.572914,1080,5361,99.94,receive,Chennai,mobile,0,4G,night,0
100922,2025-03-09 05:54:53.034406,1886,5569,64.13,merchant_payment,Kolkata,mobile,0,4G,night,0
100923,2025-03-09 07:40:01.495899,1213,5392,144.16,merchant_payment,Hyderabad,mobile,0,4G,morning,0
100924,2025-03-09 09:25:09.957391,1203,5218,1514.89,merchant_payment,Pune,mobile,0,4G,morning,0
100925,2025-03-09 11:10:18.418883,1764,5574,1075.01,send,Pune,tablet,0,4G,morning,0
100926,2025-03-09 12:55:26.880376,1229,5669,723.02,receive,Pune,mobile,0,5G,afternoon,0
100927,2025-03-09 14:40:35.341868,1676,5202,114.71,send,Bangalore,mobile,0,4G,afternoon,0
100928,2025-03-09 16:25:43.803360,1227,5017,241.86,receive,Chennai,mobile,0,5G,afternoon,1
100929,2025-03-09 18:10:52.264852,1659,5322,208.97,receive,Delhi,mobile,0,5G,evening,0
100930,2025-03-09 19:56:00.726345,1532,5518,417.38,merchant_payment,Pune,mobile,0,4G,evening,0
100931,2025-03-09 21:41:09.187837,1441,5570,391.88,merchant_payment,Delhi,tablet,0,4G,evening,1
100932,2025-03-09 23:26:17.649329,1402,5325,180.92,send,Hyderabad,mobile,0,4G,evening,0
100933,2025-03-10 01:11:26.110822,1047,5412,698.7,send,Hyderabad,mobile,0,5G,night,0
100934,2025-03-10 02:56:34.572314,1233,5318,619.52,send,Ahmedabad,mobile,0,5G,night,0
100935,2025-03-10 04:41:43.033806,1305,5681,237.74,send,Hyderabad,mobile,0,5G,night,1
100936,2025-03-10 06:26:51.495299,1526,5965,667.99,send,Kolkata,mobile,0,4G,morning,0
100937,2025-03-10 08:11:59.956791,1143,5082,1516.69,send,Hyderabad,tablet,0,5G,morning,1
100938,2025-03-10 09:57:08.418283,1415,5474,2055.06,send,Ahmedabad,mobile,0,5G,morning,0
100939,2025-03-10 11:42:16.879775,1513,5468,804.86,merchant_payment,Pune,mobile,0,4G,morning,0
100940,2025-03-10 13:27:25.341268,1373,5425,781.54,send,Bangalore,mobile,0,5G,afternoon,0
100941,2025-03-10 15:12:33.802760,1566,5945,387.56,send,Bangalore,mobile,0,5G,afternoon,0
100942,2025-03-10 16:57:42.264252,1886,5731,1379.83,send,Chennai,mobile,0,4G,afternoon,0
100943,2025-03-10 18:42:50.725745,1259,5689,168.96,receive,Bangalore,tablet,0,5G,evening,0
100944,2025-03-10 20:27:59.187237,1656,5204,1228.87,send,Ahmedabad,mobile,0,4G,evening,0
100945,2025-03-10 22:13:07.648729,1471,5583,369.59,receive,Kolkata,mobile,0,4G,evening,0
100946,2025-03-10 23:58:16.110222,1953,5387,2188.42,send,Ahmedabad,mobile,1,4G,evening,0
100947,2025-03-11 01:43:24.571714,1971,5778,887.32,receive,Delhi,mobile,0,4G,night,0
100948,2025-03-11 03:28:33.033206,1012,5098,460.42,merchant_payment,Ahmedabad,mobile,0,4G,night,0
100949,2025-03-11 05:13:41.494698,1330,5345,388.97,send,Chennai,mobile,0,5G,night,1
100950,2025-03-11 06:58:49.956191,1736,5803,833.48,send,Bangalore,mobile,0,WiFi,morning,0
100951,2025-03-11 08:43:58.417683,1784,5208,794.03,receive,Hyderabad,mobile,0,5G,morning,0
100952,2025-03-11 10:29:06.879175,1968,5514,330.85,merchant_payment,Bangalore,mobile,0,4G,morning,0
100953,2025-03-11 12:14:15.340668,1358,5636,540.14,receive,Mumbai,mobile,0,WiFi,afternoon,0
100954,2025-03-11 13:59:23.802160,1972,5792,1207.6,receive,Chennai,mobile,0,4G,afternoon,0
100955,2025-03-11 15:44:32.263652,1408,5586,126.05,merchant_payment,Pune,mobile,0,4G,afternoon,1
100956,2025-03-11 17:29:40.725145,1668,5166,1018.29,receive,Pune,mobile,0,5G,afternoon,0
100957,2025-03-11 19:14:49.186637,1373,5022,829.82,send,Kolkata,mobile,0,5G,evening,0
100958,2025-03-11 20:59:57.648129,1008,5154,1614.29,send,Bangalore,mobile,0,4G,evening,0
100959,2025-03-11 22:45:06.109621,1122,5939,240.89,merchant_payment,Bangalore,mobile,0,5G,evening,0
100960,2025-03-12 00:30:14.571114,1348,5439,495.57,merchant_payment,Kolkata,tablet,0,4G,night,0
100961,2025-03-12 02:15:23.032606,1676,5295,604.9,merchant_payment,Ahmedabad,mobile,0,5G,night,0
100962,2025-03-12 04:00:31.494098,1090,5219,1031.53,merchant_payment,Delhi,mobile,0,5G,night,0
100963,2025-03-12 05:45:39.955591,1648,5669,756.81,merchant_payment,Hyderabad,mobile,0,WiFi,night,1
100964,2025-03-12 07:30:48.417083,1698,5495,142.66,receive,Ahmedabad,mobile,0,WiFi,morning,0
100965,2025-03-12 09:15:56.878575,1316,5230,659.21,merchant_payment,Hyderabad,mobile,0,5G,morning,0
100966,2025-03-12 11:01:05.340068,1178,5020,3656.38,send,Delhi,tablet,0,4G,morning,0
100967,2025-03-12 12:46:13.801560,1540,5987,908.47,receive,Delhi,mobile,0,5G,afternoon,0
100968,2025-03-12 14:31:22.263052,1732,5553,2535.25,send,Mumbai,mobile,0,4G,afternoon,0
100969,2025-03-12 16:16:30.724544,1869,5950,1398.37,send,Ahmedabad,mobile,0,WiFi,afternoon,0
100970,2025-03-12 18:01:39.186037,1041,5148,1924.46,merchant_payment,Kolkata,tablet,0,WiFi,evening,0
100971,2025-03-12 19:46:47.647529,1740,5108,671.81,receive,Chennai,mobile,0,4G,evening,0
100972,2025-03-12 21:31:56.109021,1704,5403,830.35,send,Hyderabad,mobile,0,5G,evening,0
100973,2025-03-12 23:17:04.570514,1923,5596,636.2,send,Delhi,mobile,0,4G,evening,0
100974,2025-03-13 01:02:13.032006,1502,5483,494.89,merchant_payment,Delhi,mobile,0,4G,night,0
100975,2025-03-13 02:47:21.493498,1959,5367,1035.04,merchant_payment,Kolkata,mobile,0,5G,night,0
100976,2025-03-13 04:32:29.954990,1145,5834,292.66,receive,Pune,mobile,0,4G,night,0
100977,2025-03-13 06:17:38.416483,1201,5414,3246.66,send,Chennai,tablet,0,WiFi,morning,0
100978,2025-03-13 08:02:46.877975,1929,5309,194.8,send,Delhi,tablet,0,4G,morning,0
100979,2025-03-13 09:47:55.339467,1724,5802,1109.19,send,Pune,mobile,0,WiFi,morning,0
100980,2025-03-13 11:33:03.800960,1461,5918,1956.03,receive,Mumbai,mobile,0,5G,morning,0
100981,2025-03-13 13:18:12.262452,1732,5835,412.97,merchant_payment,Chennai,mobile,0,WiFi,afternoon,0
100982,2025-03-13 15:03:20.723944,1752,5134,161.91,send,Pune,mobile,0,4G,afternoon,0
100983,2025-03-13 16:48:29.185437,1925,5719,1564.83,send,Mumbai,mobile,0,5G,afternoon,0
100984,2025-03-13 18:33:37.646929,1909,5283,603.89,send,Bangalore,mobile,0,WiFi,evening,0
100985,2025-03-13 20:18:46.108421,1558,5778,1111.33,receive,Hyderabad,mobile,0,5G,evening,0
100986,2025-03-13 22:03:54.569913,1547,5073,441.66,send,Delhi,mobile,0,4G,evening,0
100987,2025-03-13 23:49:03.031406,1253,5481,2784.78,receive,Pune,mobile,0,5G,evening,0
100988,2025-03-14 01:34:11.492898,1390,5352,59.32,receive,Chennai,tablet,0,WiFi,night,0
100989,2025-03-14 03:19:19.954390,1594,5560,717.79,merchant_payment,Mumbai,mobile,0,5G,night,0
100990,2025-03-14 05:04:28.415883,1883,5326,1885.13,receive,Hyderabad,mobile,0,5G,night,0
100991,2025-03-14 06:49:36.877375,1256,5745,547.49,send,Ahmedabad,mobile,0,WiFi,morning,0
100992,2025-03-14 08:34:45.338867,1709,5443,666.71,receive,Hyderabad,mobile,0,4G,morning,0
100993,2025-03-14 10:19:53.800360,1815,5100,319.25,merchant_payment,Ahmedabad,mobile,0,WiFi,morning,0
100994,2025-03-14 12:05:02.261852,1921,5059,503.05,send,Ahmedabad,mobile,0,5G,afternoon,0
100995,2025-03-14 13:50:10.723344,1450,5508,92.59,receive,Delhi,mobile,0,4G,afternoon,0
100996,2025-03-14 15:35:19.184836,1010,5258,240.22,merchant_payment,Pune,mobile,0,4G,afternoon,1
100997,2025-03-14 17:20:27.646329,1824,5413,224.36,send,Ahmedabad,mobile,0,4G,afternoon,0
100998,2025-03-14 19:05:36.107821,1798,5452,962.11,receive,Hyderabad,tablet,0,5G,evening,0
100999,2025-03-14 20:50:44.569313,1242,5065,278.28,merchant_payment,Delhi,mobile,0,5G,evening,0
101000,2025-03-14 22:35:53.030806,1251,5595,286.44,receive,Pune,mobile,0,WiFi,evening,0
101001,2025-03-15 00:21:01.492298,1877,5154,337.67,merchant_payment,Ahmedabad,tablet,0,WiFi,night,0
101002,2025-03-15 02:06:09.953790,1005,5985,233.07,send,Pune,mobile,0,4G,night,0
101003,2025-03-15 03:51:18.415283,1119,5266,644.85,send,Bangalore,mobile,0,5G,night,0
101004,2025-03-15 05:36:26.876775,1801,5821,718.83,merchant_payment,Delhi,mobile,0,5G,night,0
101005,2025-03-15 07:21:35.338267,1374,5079,1124.42,merchant_payment,Kolkata,mobile,0,4G,morning,0
101006,2025-03-15 09:06:43.799759,1065,5315,946.48,merchant_payment,Ahmedabad,mobile,0,5G,morning,0
101007,2025-03-15 10:51:52.261252,1146,5662,856.42,send,Mumbai,mobile,0,4G,morning,0
101008,2025-03-15 12:37:00.722744,1224,5947,354.61,receive,Kolkata,mobile,0,4G,afternoon,0
101009,2025-03-15 14:22:09.184236,1239,5560,332.59,send,Pune,mobile,0,4G,afternoon,0
101010,2025-03-15 16:07:17.645729,1177,5917,206.19,send,Pune,mobile,0,5G,afternoon,0
101011,2025-03-15 17:52:26.107221,1779,5891,202.5,send,Hyderabad,mobile,0,5G,afternoon,0
101012,2025-03-15 19:37:34.568713,1853,5248,598.4,send,Hyderabad,mobile,0,5G,evening,0
101013,2025-03-15 21:22:43.030206,1282,5790,239.99,send,Hyderabad,mobile,0,5G,evening,0
101014,2025-03-15 23:07:51.491698,1063,5868,2139.49,send,Pune,mobile,0,4G,evening,0
101015,2025-03-16 00:52:59.953190,1217,5610,474.61,send,Delhi,mobile,0,4G,night,0
101016,2025-03-16 02:38:08.414682,1854,5414,2211.42,merchant_payment,Chennai,mobile,0,4G,night,0
101017,2025-03-16 04:23:16.876175,1827,5025,872.85,merchant_payment,Delhi,mobile,0,4G,night,0
101018,2025-03-16 06:08:25.337667,1795,5284,226.5,send,Mumbai,mobile,0,WiFi,morning,0
101019,2025-03-16 07:53:33.799159,1689,5449,463.11,merchant_payment,Delhi,mobile,0,5G,morning,0
101020,2025-03-16 09:38:42.260652,1461,5881,92.44,receive,Hyderabad,mobile,0,4G,morning,0
101021,2025-03-16 11:23:50.722144,1929,5301,596.11,merchant_payment,Bangalore,tablet,0,4G,morning,0
101022,2025-03-16 13:08:59.183636,1610,5068,248.2,send,Mumbai,mobile,0,5G,afternoon,0
101023,2025-03-16 14:54:07.645129,1105,5007,161.83,receive,Kolkata,tablet,0,5G,afternoon,0
101024,2025-03-16 16:39:16.106621,1099,5817,2257.8,merchant_payment,Bangalore,mobile,0,5G,afternoon,0
101025,2025-03-16 18:24:24.568113,1511,5137,1381.03,send,Mumbai,mobile,0,4G,evening,0
101026,2025-03-16 20:09:33.029605,1385,5164,1343.51,merchant_payment,Mumbai,mobile,0,5G,evening,0
101027,2025-03-16 21:54:41.491098,1405,5083,1077.19,merchant_payment,Pune,mobile,0,4G,evening,0
101028,2025-03-16 23:39:49.952590,1823,5897,143.32,merchant_payment,Hyderabad,mobile,0,WiFi,evening,0
101029,2025-03-17 01:24:58.414082,1518,5650,330.14,send,Pune,mobile,0,4G,night,1
101030,2025-03-17 03:10:06.875575,1476,5420,350.9,send,Ahmedabad,mobile,0,4G,night,0
101031,2025-03-17 04:55:15.337067,1977,5073,89.14,send,Kolkata,mobile,0,5G,night,1
101032,2025-03-17 06:40:23.798559,1709,5237,282.31,merchant_payment,Delhi,mobile,0,4G,morning,1
101033,2025-03-17 08:25:32.260052,1863,5046,285.4,send,Pune,mobile,0,5G,morning,0
101034,2025-03-17 10:10:40.721544,1645,5618,558.92,receive,Ahmedabad,mobile,0,4G,morning,0
101035,2025-03-17 11:55:49.183036,1870,5928,6200.51,send,Kolkata,mobile,0,4G,morning,0
101036,2025-03-17 13:40:57.644528,1771,5800,482.56,send,Hyderabad,mobile,0,WiFi,afternoon,1
101037,2025-03-17 15:26:06.106021,1437,5262,559.2,send,Hyderabad,mobile,0,4G,afternoon,0
101038,2025-03-17 17:11:14.567513,1023,5176,383.67,receive,Ahmedabad,mobile,0,4G,afternoon,0
101039,2025-03-17 18:56:23.029005,1997,5166,1030.41,merchant_payment,Pune,mobile,1,4G,evening,1
101040,2025-03-17 20:41:31.490498,1565,5657,168.36,send,Hyderabad,mobile,0,WiFi,evening,1
101041,2025-03-17 22:26:39.951990,1677,5842,3281.44,merchant_payment,Bangalore,mobile,0,5G,evening,0
101042,2025-03-18 00:11:48.413482,1714,5370,435.22,merchant_payment,Kolkata,mobile,0,WiFi,night,0
101043,2025-03-18 01:56:56.874974,1458,5795,331.89,receive,Kolkata,tablet,0,WiFi,night,0
101044,2025-03-18 03:42:05.336467,1083,5054,1299.89,receive,Mumbai,mobile,0,5G,night,1
101045,2025-03-18 05:27:13.797959,1145,5690,202.16,send,Chennai,mobile,0,5G,night,1
101046,2025-03-18 07:12:22.259451,1085,5419,1011.56,send,Delhi,mobile,0,WiFi,morning,0
101047,2025-03-18 08:57:30.720944,1078,5756,2008.55,merchant_payment,Ahmedabad,mobile,0,4G,morning,1
101048,2025-03-18 10:42:39.182436,1457,5507,387.09,send,Hyderabad,mobile,0,WiFi,morning,0
101049,2025-03-18 12:27:47.643928,1878,5341,3838.52,receive,Kolkata,mobile,0,5G,afternoon,0
101050,2025-03-18 14:12:56.105421,1001,5127,938.51,send,Kolkata,mobile,0,5G,afternoon,0
101051,2025-03-18 15:58:04.566913,1051,5409,950.22,merchant_payment,Mumbai,mobile,0,4G,afternoon,0
101052,2025-03-18 17:43:13.028405,1685,5924,1931.14,send,Ahmedabad,mobile,0,5G,afternoon,0
101053,2025-03-18 19:28:21.489897,1717,5367,2516.78,receive,Delhi,mobile,0,5G,evening,0
101054,2025-03-18 21:13:29.951390,1772,5271,640.24,send,Chennai,tablet,0,5G,evening,0
101055,2025-03-18 22:58:38.412882,1446,5644,1093.24,merchant_payment,Chennai,mobile,0,WiFi,evening,0
101056,2025-03-19 00:43:46.874374,1449,5605,1990.9,send,Hyderabad,mobile,1,5G,night,1
101057,2025-03-19 02:28:55.335867,1881,5379,154.19,receive,Chennai,mobile,0,4G,night,0
101058,2025-03-19 04:14:03.797359,1488,5073,87.4,receive,Chennai,tablet,0,5G,night,0
101059,2025-03-19 05:59:12.258851,1800,5923,465.19,merchant_payment,Pune,tablet,0,5G,night,0
101060,2025-03-19 07:44:20.720344,1034,5922,85.33,send,Delhi,mobile,0,WiFi,morning,0
101061,2025-03-19 09:29:29.181836,1348,5915,359.96,merchant_payment,Ahmedabad,mobile,0,5G,morning,0
101062,2025-03-19 11:14:37.643328,1095,5248,674.77,send,Delhi,mobile,0,4G,morning,0
101063,2025-03-19 12:59:46.104820,1072,5860,374.04,send,Pune,mobile,0,4G,afternoon,0
101064,2025-03-19 14:44:54.566313,1551,5785,427.69,merchant_payment,Hyderabad,mobile,0,4G,afternoon,0
101065,2025-03-19 16:30:03.027805,1154,5043,180.97,merchant_payment,Kolkata,mobile,0,4G,afternoon,0
101066,2025-03-19 18:15:11.489297,1250,5377,1083.71,merchant_payment,Mumbai,tablet,1,5G,evening,0
101067,2025-03-19 20:00:19.950790,1674,5041,170.13,merchant_payment,Hyderabad,mobile,0,4G,evening,0
101068,2025-03-19 21:45:28.412282,1438,5170,60.17,send,Bangalore,mobile,0,4G,evening,0
101069,2025-03-19 23:30:36.873774,1118,5946,400.48,merchant_payment,Chennai,mobile,0,5G,evening,0
101070,2025-03-20 01:15:45.335267,1771,5212,1230.31,send,Pune,mobile,0,4G,night,0
101071,2025-03-20 03:00:53.796759,1891,5493,533.7,merchant_payment,Mumbai,mobile,0,4G,night,0
101072,2025-03-20 04:46:02.258251,1306,5680,153.73,receive,Kolkata,mobile,0,5G,night,1
101073,2025-03-20 06:31:10.719743,1268,5039,545.64,receive,Kolkata,mobile,0,4G,morning,0
101074,2025-03-20 08:16:19.181236,1961,5369,763.8,send,Delhi,mobile,0,5G,morning,0
101075,2025-03-20 10:01:27.642728,1054,5757,539.32,receive,Bangalore,mobile,0,5G,morning,0
101076,2025-03-20 11:46:36.104220,1236,5151,378.2,send,Ahmedabad,mobile,0,WiFi,morning,0
101077,2025-03-20 13:31:44.565713,1389,5111,801.14,send,Kolkata,mobile,0,4G,afternoon,0
101078,2025-03-20 15:16:53.027205,1990,5480,86.62,send,Bangalore,mobile,0,4G,afternoon,0
101079,2025-03-20 17:02:01.488697,1734,5436,201.55,receive,Chennai,mobile,0,5G,afternoon,0
101080,2025-03-20 18:47:09.950190,1763,5047,133.59,send,Delhi,mobile,0,4G,evening,0
101081,2025-03-20 20:32:18.411682,1825,5575,1897.68,send,Mumbai,mobile,1,5G,evening,0
101082,2025-03-20 22:17:26.873174,1401,5737,1004.29,send,Delhi,mobile,0,4G,evening,0
101083,2025-03-21 00:02:35.334666,1624,5366,592.96,send,Chennai,tablet,0,5G,night,0
101084,2025-03-21 01:47:43.796159,1767,5069,115.51,merchant_payment,Pune,mobile,0,WiFi,night,0
101085,2025-03-21 03:32:52.257651,1303,5299,1037.06,merchant_payment,Kolkata,mobile,0,WiFi,night,0
101086,2025-03-21 05:18:00.719143,1919,5944,1971.48,send,Bangalore,mobile,0,WiFi,night,0
101087,2025-03-21 07:03:09.180636,1207,5802,872.62,receive,Pune,mobile,0,4G,morning,0
101088,2025-03-21 08:48:17.642128,1229,5296,475.72,merchant_payment,Chennai,mobile,0,5G,morning,0
101089,2025-03-21 10:33:26.103620,1853,5203,926.78,receive,Kolkata,mobile,0,5G,morning,0
101090,2025-03-21 12:18:34.565113,1910,5061,647.37,merchant_payment,Hyderabad,mobile,0,WiFi,afternoon,0
101091,2025-03-21 14:03:43.026605,1578,5946,1243.99,send,Ahmedabad,mobile,0,WiFi,afternoon,0
101092,2025-03-21 15:48:51.488097,1075,5963,1216.44,receive,Bangalore,tablet,0,WiFi,afternoon,0
101093,2025-03-21 17:33:59.949589,1435,5830,395.02,send,Chennai,tablet,0,WiFi,afternoon,0
101094,2025-03-21 19:19:08.411082,1103,5314,254.51,send,Mumbai,mobile,1,5G,evening,0
101095,2025-03-21 21:04:16.872574,1422,5161,330.36,receive,Mumbai,mobile,0,5G,evening,0
101096,2025-03-21 22:49:25.334066,1704,5331,842.06,receive,Kolkata,mobile,0,WiFi,evening,0
101097,2025-03-22 00:34:33.795559,1764,5528,350.92,send,Kolkata,mobile,0,5G,night,0
101098,2025-03-22 02:19:42.257051,1738,5338,232.63,receive,Mumbai,mobile,0,WiFi,night,0
101099,2025-03-22 04:04:50.718543,1806,5606,492.28,merchant_payment,Ahmedabad,tablet,0,WiFi,night,0
101100,2025-03-22 05:49:59.180036,1306,5304,1491.38,merchant_payment,Hyderabad,mobile,0,5G,night,0
101101,2025-03-22 07:35:07.641528,1098,5503,564.03,receive,Delhi,mobile,0,4G,morning,0
101102,2025-03-22 09:20:16.103020,1850,5650,373.82,receive,Mumbai,mobile,0,4G,morning,1
101103,2025-03-22 11:05:24.564512,1798,5338,678.87,receive,Ahmedabad,mobile,0,4G,morning,0
101104,2025-03-22 12:50:33.026005,1335,5550,535.95,send,Ahmedabad,mobile,0,5G,afternoon,0
101105,2025-03-22 14:35:41.487497,1859,5639,71.26,send,Kolkata,mobile,0,5G,afternoon,0
101106,2025-03-22 16:20:49.948989,1435,5275,989.06,send,Kolkata,mobile,0,5G,afternoon,0
101107,2025-03-22 18:05:58.410482,1447,5164,740.6,receive,Hyderabad,mobile,0,5G,evening,0
101108,2025-03-22 19:51:06.871974,1994,5443,500.78,receive,Mumbai,mobile,0,WiFi,evening,0
101109,2025-03-22 21:36:15.333466,1308,5319,1425.61,merchant_payment,Hyderabad,mobile,0,4G,evening,0
101110,2025-03-22 23:21:23.794958,1249,5589,1657.39,merchant_payment,Ahmedabad,mobile,0,WiFi,evening,0
101111,2025-03-23 01:06:32.256451,1166,5504,1095.28,send,Mumbai,tablet,0,4G,night,0
101112,2025-03-23 02:51:40.717943,1481,5686,210.54,send,Delhi,mobile,0,5G,night,0
101113,2025-03-23 04:36:49.179435,1984,5387,217.96,send,Chennai,mobile,0,5G,night,0
101114,2025-03-23 06:21:57.640928,1335,5970,1506.19,merchant_payment,Mumbai,mobile,1,5G,morning,1
101115,2025-03-23 08:07:06.102420,1542,5870,75.4,merchant_payment,Chennai,tablet,0,5G,morning,0
101116,2025-03-23 09:52:14.563912,1759,5833,424.6,merchant_payment,Mumbai,mobile,0,4G,morning,1
101117,2025-03-23 11:37:23.025405,1106,5888,764.96,receive,Delhi,mobile,0,4G,morning,0
101118,2025-03-23 13:22:31.486897,1563,5603,85.59,merchant_payment,Ahmedabad,mobile,0,4G,afternoon,0
101119,2025-03-23 15:07:39.948389,1081,5750,622.87,receive,Pune,mobile,0,4G,afternoon,0
101120,2025-03-23 16:52:48.409881,1133,5776,1279.76,merchant_payment,Kolkata,tablet,0,5G,afternoon,0
101121,2025-03-23 18:37:56.871374,1797,5691,111.54,merchant_payment,Chennai,mobile,0,5G,evening,0
101122,2025-03-23 20:23:05.332866,1900,5494,2586.78,receive,Ahmedabad,mobile,0,WiFi,evening,0
101123,2025-03-23 22:08:13.794358,1138,5490,179.5,receive,Hyderabad,tablet,0,WiFi,evening,1
101124,2025-03-23 23:53:22.255851,1184,5721,875.45,merchant_payment,Mumbai,mobile,0,5G,evening,0
101125,2025-03-24 01:38:30.717343,1401,5073,453.23,send,Kolkata,mobile,0,4G,night,0
101126,2025-03-24 03:23:39.178835,1330,5509,528.22,send,Mumbai,mobile,0,5G,night,0
101127,2025-03-24 05:08:47.640328,1785,5390,136.52,send,Hyderabad,mobile,0,5G,night,1
101128,2025-03-24 06:53:56.101820,1508,5619,1737.97,receive,Ahmedabad,mobile,0,5G,morning,0
101129,2025-03-24 08:39:04.563312,1852,5857,682.58,receive,Delhi,mobile,0,5G,morning,1
101130,2025-03-24 10:24:13.024804,1984,5295,2492.0,send,Bangalore,tablet,0,5G,morning,0
101131,2025-03-24 12:09:21.486297,1069,5369,140.13,send,Mumbai,tablet,0,WiFi,afternoon,0
101132,2025-03-24 13:54:29.947789,1546,5956,411.07,send,Pune,mobile,0,WiFi,afternoon,0
101133,2025-03-24 15:39:38.409281,1774,5796,607.61,receive,Hyderabad,mobile,0,WiFi,afternoon,0
101134,2025-03-24 17:24:46.870774,1053,5865,523.42,send,Bangalore,mobile,0,WiFi,afternoon,0
101135,2025-03-24 19:09:55.332266,1450,5694,959.86,send,Mumbai,mobile,0,WiFi,evening,0
101136,2025-03-24 20:55:03.793758,1205,5549,405.89,send,Chennai,tablet,0,4G,evening,0
101137,2025-03-24 22:40:12.255251,1126,5649,4113.49,send,Ahmedabad,mobile,0,WiFi,evening,0
101138,2025-03-25 00:25:20.716743,1747,5850,512.78,merchant_payment,Kolkata,tablet,0,4G,night,0
101139,2025-03-25 02:10:29.178235,1043,5568,27.55,send,Kolkata,tablet,0,5G,night,0
101140,2025-03-25 03:55:37.639727,1752,5187,536.04,merchant_payment,Hyderabad,mobile,0,4G,night,0
101141,2025-03-25 05:40:46.101220,1971,5853,1739.69,receive,Chennai,mobile,0,4G,night,0
101142,2025-03-25 07:25:54.562712,1883,5770,195.72,merchant_payment,Delhi,tablet,0,4G,morning,0
101143,2025-03-25 09:11:03.024204,1111,5445,183.69,send,Bangalore,mobile,0,4G,morning,0
101144,2025-03-25 10:56:11.485697,1761,5570,212.64,send,Hyderabad,mobile,0,4G,morning,0
101145,2025-03-25 12:41:19.947189,1663,5363,167.93,send,Pune,mobile,0,4G,afternoon,0
101146,2025-03-25 14:26:28.408681,1183,5123,305.09,send,Mumbai,mobile,0,WiFi,afternoon,0
101147,2025-03-25 16:11:36.870174,1848,5188,1223.29,merchant_payment,Kolkata,mobile,0,WiFi,afternoon,0
101148,2025-03-25 17:56:45.331666,1095,5742,2267.27,send,Mumbai,mobile,1,5G,afternoon,0
101149,2025-03-25 19:41:53.793158,1971,5680,43.63,send,Bangalore,mobile,0,WiFi,evening,0
101150,2025-03-25 21:27:02.254650,1374,5420,337.49,merchant_payment,Chennai,mobile,0,5G,evening,0
101151,2025-03-25 23:12:10.716143,1912,5626,666.94,receive,Chennai,mobile,0,WiFi,evening,0
101152,2025-03-26 00:57:19.177635,1520,5252,603.46,send,Hyderabad,mobile,0,5G,night,0
101153,2025-03-26 02:42:27.639127,1900,5619,3294.27,send,Hyderabad,mobile,0,5G,night,0
101154,2025-03-26 04:27:36.100620,1360,5549,65.98,send,Chennai,tablet,0,WiFi,night,1
101155,2025-03-26 06:12:44.562112,1900,5335,37.0,merchant_payment,Hyderabad,mobile,0,4G,morning,0
101156,2025-03-26 07:57:53.023604,1696,5092,3874.66,merchant_payment,Chennai,mobile,0,4G,morning,0
101157,2025-03-26 09:43:01.485097,1281,5530,1046.74,merchant_payment,Bangalore,tablet,0,5G,morning,0
101158,2025-03-26 11:28:09.946589,1195,5866,278.28,merchant_payment,Hyderabad,mobile,0,4G,morning,0
101159,2025-03-26 13:13:18.408081,1864,5063,584.99,receive,Chennai,mobile,0,5G,afternoon,0
101160,2025-03-26 14:58:26.869573,1195,5662,628.43,send,Hyderabad,mobile,0,4G,afternoon,0
101161,2025-03-26 16:43:35.331066,1667,5512,271.64,send,Mumbai,tablet,0,WiFi,afternoon,0
101162,2025-03-26 18:28:43.792558,1093,5139,567.81,merchant_payment,Ahmedabad,mobile,0,WiFi,evening,0
101163,2025-03-26 20:13:52.254050,1672,5698,702.62,merchant_payment,Kolkata,mobile,0,4G,evening,0
101164,2025-03-26 21:59:00.715543,1946,5185,3697.94,send,Mumbai,mobile,1,4G,evening,1
101165,2025-03-26 23:44:09.177035,1061,5205,1291.36,receive,Delhi,mobile,0,4G,evening,0
101166,2025-03-27 01:29:17.638527,1634,5772,2805.46,merchant_payment,Chennai,mobile,0,5G,night,0
101167,2025-03-27 03:14:26.100020,1051,5214,128.56,send,Delhi,mobile,1,4G,night,0
101168,2025-03-27 04:59:34.561512,1403,5256,348.21,merchant_payment,Chennai,mobile,0,5G,night,0
101169,2025-03-27 06:44:43.023004,1789,5135,627.82,send,Ahmedabad,mobile,0,4G,morning,0
101170,2025-03-27 08:29:51.484496,1005,5573,72.16,receive,Kolkata,mobile,0,4G,morning,0
101171,2025-03-27 10:14:59.945989,1466,5875,1606.57,send,Hyderabad,mobile,0,4G,morning,0
101172,2025-03-27 12:00:08.407481,1604,5822,936.56,receive,Chennai,mobile,0,5G,afternoon,0
101173,2025-03-27 13:45:16.868973,1682,5088,341.33,receive,Ahmedabad,mobile,0,4G,afternoon,0
101174,2025-03-27 15:30:25.330466,1829,5836,410.21,send,Mumbai,tablet,0,5G,afternoon,0
101175,2025-03-27 17:15:33.791958,1534,5988,1726.53,merchant_payment,Hyderabad,mobile,0,4G,afternoon,0
101176,2025-03-27 19:00:42.253450,1405,5207,222.42,merchant_payment,Kolkata,mobile,0,4G,evening,0
101177,2025-03-27 20:45:50.714942,1838,5129,1797.56,merchant_payment,Mumbai,mobile,0,4G,evening,0
101178,2025-03-27 22:30:59.176435,1513,5823,382.97,send,Hyderabad,mobile,0,5G,evening,0
101179,2025-03-28 00:16:07.637927,1645,5003,1049.42,merchant_payment,Chennai,mobile,0,5G,night,0
101180,2025-03-28 02:01:16.099419,1233,5974,537.41,send,Chennai,tablet,0,WiFi,night,0
101181,2025-03-28 03:46:24.560912,1524,5934,4597.16,send,Mumbai,mobile,0,4G,night,0
101182,2025-03-28 05:31:33.022404,1346,5754,202.88,send,Bangalore,mobile,0,4G,night,0
101183,2025-03-28 07:16:41.483896,1046,5121,277.75,send,Chennai,mobile,0,4G,morning,0
101184,2025-03-28 09:01:49.945389,1546,5385,109.28,merchant_payment,Ahmedabad,mobile,0,4G,morning,0
101185,2025-03-28 10:46:58.406881,1945,5614,164.55,send,Bangalore,mobile,1,4G,morning,0
101186,2025-03-28 12:32:06.868373,1078,5038,1005.39,send,Hyderabad,mobile,0,4G,afternoon,0
101187,2025-03-28 14:17:15.329865,1730,5341,2441.0,merchant_payment,Bangalore,mobile,1,4G,afternoon,0
101188,2025-03-28 16:02:23.791358,1813,5925,1126.06,receive,Mumbai,mobile,0,5G,afternoon,0
101189,2025-03-28 17:47:32.252850,1923,5645,490.1,merchant_payment,Delhi,mobile,0,5G,afternoon,0
101190,2025-03-28 19:32:40.714342,1073,5714,201.62,send,Delhi,mobile,0,4G,evening,0
101191,2025-03-28 21:17:49.175835,1794,5860,1210.05,merchant_payment,Mumbai,mobile,0,5G,evening,1
101192,2025-03-28 23:02:57.637327,1249,5021,190.83,send,Pune,mobile,0,5G,evening,0
101193,2025-03-29 00:48:06.098819,1047,5242,127.87,merchant_payment,Ahmedabad,mobile,0,4G,night,0
101194,2025-03-29 02:33:14.560312,1121,5455,361.96,receive,Delhi,mobile,0,5G,night,0
101195,2025-03-29 04:18:23.021804,1214,5963,64.46,merchant_payment,Mumbai,mobile,0,WiFi,night,0
101196,2025-03-29 06:03:31.483296,1239,5621,123.79,send,Chennai,mobile,0,WiFi,morning,0
101197,2025-03-29 07:48:39.944788,1056,5303,3248.64,send,Bangalore,mobile,1,5G,morning,0
101198,2025-03-29 09:33:48.406281,1350,5596,102.84,send,Delhi,mobile,0,5G,morning,0
101199,2025-03-29 11:18:56.867773,1107,5595,150.18,send,Chennai,mobile,0,5G,morning,0
101200,2025-03-29 13:04:05.329265,1831,5803,529.45,send,Delhi,tablet,0,4G,afternoon,0
101201,2025-03-29 14:49:13.790758,1048,5964,557.75,merchant_payment,Hyderabad,tablet,0,5G,afternoon,1
101202,2025-03-29 16:34:22.252250,1573,5069,389.7,send,Mumbai,mobile,0,4G,afternoon,0
101203,2025-03-29 18:19:30.713742,1337,5129,66.46,merchant_payment,Mumbai,mobile,0,WiFi,evening,1
101204,2025-03-29 20:04:39.175235,1026,5196,1151.12,send,Ahmedabad,tablet,0,4G,evening,1
101205,2025-03-29 21:49:47.636727,1804,5140,316.38,send,Chennai,mobile,0,4G,evening,0
101206,2025-03-29 23:34:56.098219,1257,5444,1669.78,merchant_payment,Pune,mobile,0,5G,evening,0
101207,2025-03-30 01:20:04.559711,1008,5283,258.57,merchant_payment,Hyderabad,mobile,0,5G,night,0
101208,2025-03-30 03:05:13.021204,1625,5312,1316.19,receive,Bangalore,mobile,1,4G,night,1
101209,2025-03-30 04:50:21.482696,1867,5746,1800.97,send,Ahmedabad,mobile,0,5G,night,1
101210,2025-03-30 06:35:29.944188,1253,5535,308.91,receive,Hyderabad,mobile,0,4G,morning,0
101211,2025-03-30 08:20:38.405681,1692,5665,1188.5,send,Pune,mobile,0,5G,morning,0
101212,2025-03-30 10:05:46.867173,1719,5277,130.51,send,Hyderabad,mobile,0,4G,morning,0
101213,2025-03-30 11:50:55.328665,1303,5061,641.42,receive,Kolkata,mobile,0,4G,morning,0
101214,2025-03-30 13:36:03.790158,1639,5319,1672.76,send,Bangalore,mobile,0,4G,afternoon,0
101215,2025-03-30 15:21:12.251650,1056,5890,827.57,send,Ahmedabad,mobile,0,4G,afternoon,0
101216,2025-03-30 17:06:20.713142,1726,5052,5465.57,merchant_payment,Bangalore,mobile,0,5G,afternoon,0
101217,2025-03-30 18:51:29.174634,1526,5856,875.12,merchant_payment,Hyderabad,mobile,0,4G,evening,0
101218,2025-03-30 20:36:37.636127,1474,5153,341.97,send,Ahmedabad,mobile,0,WiFi,evening,0
101219,2025-03-30 22:21:46.097619,1028,5749,8441.26,receive,Delhi,mobile,0,4G,evening,1
101220,2025-03-31 00:06:54.559111,1983,5311,2524.25,send,Kolkata,mobile,0,4G,night,0
101221,2025-03-31 01:52:03.020604,1078,5814,99.2,merchant_payment,Delhi,mobile,0,5G,night,0
101222,2025-03-31 03:37:11.482096,1216,5544,224.94,receive,Hyderabad,mobile,0,4G,night,0
101223,2025-03-31 05:22:19.943588,1386,5567,174.49,send,Delhi,tablet,0,4G,night,0
101224,2025-03-31 07:07:28.405081,1365,5864,939.76,send,Bangalore,mobile,0,4G,morning,0
101225,2025-03-31 08:52:36.866573,1666,5389,872.32,send,Ahmedabad,mobile,0,4G,morning,0
101226,2025-03-31 10:37:45.328065,1526,5548,865.63,receive,Bangalore,mobile,0,5G,morning,0
101227,2025-03-31 12:22:53.789557,1699,5622,96.55,merchant_payment,Delhi,mobile,0,5G,afternoon,1
101228,2025-03-31 14:08:02.251050,1312,5177,260.32,send,Ahmedabad,mobile,0,4G,afternoon,0
101229,2025-03-31 15:53:10.712542,1883,5362,424.42,send,Bangalore,mobile,0,5G,afternoon,0
101230,2025-03-31 17:38:19.174034,1007,5314,79.68,send,Mumbai,mobile,0,WiFi,afternoon,0
101231,2025-03-31 19:23:27.635527,1003,5807,206.06,send,Bangalore,mobile,0,WiFi,evening,0
101232,2025-03-31 21:08:36.097019,1623,5848,1913.01,send,Hyderabad,mobile,0,4G,evening,0
101233,2025-03-31 22:53:44.558511,1919,5097,104.16,receive,Chennai,mobile,0,4G,evening,0
101234,2025-04-01 00:38:53.020004,1750,5881,2111.73,merchant_payment,Delhi,mobile,0,5G,night,0
101235,2025-04-01 02:24:01.481496,1363,5213,1467.26,merchant_payment,Kolkata,mobile,0,4G,night,1
101236,2025-04-01 04:09:09.942988,1751,5829,368.43,merchant_payment,Pune,mobile,0,4G,night,0
101237,2025-04-01 05:54:18.404480,1508,5137,257.53,receive,Delhi,mobile,0,4G,night,0
101238,2025-04-01 07:39:26.865973,1274,5006,1132.1,merchant_payment,Pune,mobile,0,4G,morning,0
101239,2025-04-01 09:24:35.327465,1506,5109,224.14,merchant_payment,Pune,mobile,0,5G,morning,0
101240,2025-04-01 11:09:43.788957,1806,5547,235.57,send,Bangalore,tablet,0,5G,morning,1
101241,2025-04-01 12:54:52.250450,1739,5039,481.13,send,Bangalore,mobile,0,4G,afternoon,0
101242,2025-04-01 14:40:00.711942,1883,5662,58.54,send,Ahmedabad,mobile,0,5G,afternoon,0
101243,2025-04-01 16:25:09.173434,1015,5425,115.59,receive,Ahmedabad,mobile,0,5G,afternoon,0
101244,2025-04-01 18:10:17.634926,1192,5630,359.37,merchant_payment,Chennai,mobile,0,5G,evening,0
101245,2025-04-01 19:55:26.096419,1985,5261,792.9,send,Chennai,mobile,1,WiFi,evening,1
101246,2025-04-01 21:40:34.557911,1631,5426,221.06,receive,Kolkata,mobile,0,WiFi,evening,0
101247,2025-04-01 23:25:43.019403,1485,5087,404.39,receive,Hyderabad,mobile,0,5G,evening,0
101248,2025-04-02 01:10:51.480896,1028,5465,98.15,send,Mumbai,mobile,0,WiFi,night,0
101249,2025-04-02 02:55:59.942388,1714,5076,1251.98,send,Hyderabad,mobile,0,4G,night,0
101250,2025-04-02 04:41:08.403880,1039,5471,614.05,send,Ahmedabad,mobile,0,5G,night,0
101251,2025-04-02 06:26:16.865373,1953,5976,670.85,send,Kolkata,tablet,0,5G,morning,0
101252,2025-04-02 08:11:25.326865,1273,5963,802.92,merchant_payment,Delhi,mobile,0,5G,morning,0
101253,2025-04-02 09:56:33.788357,1231,5414,532.79,merchant_payment,Bangalore,mobile,0,4G,morning,0
101254,2025-04-02 11:41:42.249849,1086,5825,303.76,merchant_payment,Hyderabad,mobile,0,4G,morning,0
101255,2025-04-02 13:26:50.711342,1474,5895,1524.85,merchant_payment,Pune,mobile,0,4G,afternoon,0
101256,2025-04-02 15:11:59.172834,1126,5726,576.45,merchant_payment,Bangalore,mobile,0,5G,afternoon,0
101257,2025-04-02 16:57:07.634326,1812,5457,417.5,merchant_payment,Bangalore,mobile,0,WiFi,afternoon,0
101258,2025-04-02 18:42:16.095819,1537,5285,488.5,merchant_payment,Hyderabad,mobile,0,4G,evening,0
101259,2025-04-02 20:27:24.557311,1145,5239,478.2,merchant_payment,Hyderabad,mobile,0,WiFi,evening,0
101260,2025-04-02 22:12:33.018803,1525,5677,413.33,receive,Pune,mobile,0,4G,evening,0
101261,2025-04-02 23:57:41.480296,1212,5599,769.78,send,Ahmedabad,mobile,0,WiFi,evening,0
101262,2025-04-03 01:42:49.941788,1025,5653,193.28,merchant_payment,Pune,mobile,0,WiFi,night,0
101263,2025-04-03 03:27:58.403280,1580,5672,207.93,send,Chennai,mobile,0,4G,night,1
101264,2025-04-03 05:13:06.864772,1394,5558,862.01,receive,Ahmedabad,tablet,0,4G,night,0
101265,2025-04-03 06:58:15.326265,1067,5372,426.14,send,Kolkata,mobile,0,4G,morning,0
101266,2025-04-03 08:43:23.787757,1233,5495,1301.66,send,Kolkata,mobile,0,WiFi,morning,0
101267,2025-04-03 10:28:32.249249,1109,5624,741.65,merchant_payment,Pune,mobile,0,4G,morning,0
101268,2025-04-03 12:13:40.710742,1146,5919,283.55,send,Mumbai,mobile,0,5G,afternoon,0
101269,2025-04-03 13:58:49.172234,1111,5045,875.76,send,Ahmedabad,mobile,0,4G,afternoon,0
101270,2025-04-03 15:43:57.633726,1228,5401,1631.4,send,Pune,mobile,0,WiFi,afternoon,0
101271,2025-04-03 17:29:06.095219,1111,5247,770.45,merchant_payment,Chennai,mobile,1,4G,afternoon,0
101272,2025-04-03 19:14:14.556711,1470,5616,958.71,receive,Mumbai,mobile,0,4G,evening,0
101273,2025-04-03 20:59:23.018203,1034,5597,414.98,receive,Hyderabad,mobile,0,4G,evening,0
101274,2025-04-03 22:44:31.479695,1623,5450,1330.14,merchant_payment,Kolkata,mobile,0,5G,evening,0
101275,2025-04-04 00:29:39.941188,1776,5485,275.7,send,Kolkata,mobile,0,4G,night,0
101276,2025-04-04 02:14:48.402680,1936,5646,691.28,send,Mumbai,mobile,0,5G,night,0
101277,2025-04-04 03:59:56.864172,1369,5620,6434.99,send,Delhi,mobile,0,4G,night,0
101278,2025-04-04 05:45:05.325665,1748,5018,844.62,merchant_payment,Chennai,mobile,0,5G,night,0
101279,2025-04-04 07:30:13.787157,1595,5606,323.53,receive,Chennai,mobile,0,5G,morning,0
101280,2025-04-04 09:15:22.248649,1554,5662,322.7,send,Chennai,mobile,0,4G,morning,0
101281,2025-04-04 11:00:30.710142,1425,5758,458.82,send,Kolkata,mobile,0,4G,morning,0
101282,2025-04-04 12:45:39.171634,1613,5289,1154.3,send,Bangalore,mobile,0,5G,afternoon,0
101283,2025-04-04 14:30:47.633126,1518,5414,570.08,receive,Kolkata,mobile,1,4G,afternoon,0
101284,2025-04-04 16:15:56.094618,1692,5721,257.62,send,Bangalore,mobile,0,4G,afternoon,0
101285,2025-04-04 18:01:04.556111,1282,5638,257.16,send,Kolkata,mobile,0,5G,evening,0
101286,2025-04-04 19:46:13.017603,1320,5235,573.67,send,Ahmedabad,mobile,0,4G,evening,0
101287,2025-04-04 21:31:21.479095,1738,5416,514.09,merchant_payment,Hyderabad,mobile,0,5G,evening,0
101288,2025-04-04 23:16:29.940588,1443,5938,776.64,merchant_payment,Kolkata,mobile,0,4G,evening,0
101289,2025-04-05 01:01:38.402080,1952,5499,1233.35,send,Ahmedabad,mobile,0,4G,night,0
101290,2025-04-05 02:46:46.863572,1315,5974,7535.34,merchant_payment,Ahmedabad,mobile,0,5G,night,0
101291,2025-04-05 04:31:55.325065,1877,5634,114.2,receive,Hyderabad,mobile,0,4G,night,0
101292,2025-04-05 06:17:03.786557,1966,5650,979.32,merchant_payment,Ahmedabad,mobile,0,4G,morning,0
101293,2025-04-05 08:02:12.248049,1741,5115,543.65,send,Bangalore,mobile,1,5G,morning,1
101294,2025-04-05 09:47:20.709541,1377,5932,77.9,receive,Chennai,mobile,0,4G,morning,0
101295,2025-04-05 11:32:29.171034,1289,5674,1719.06,receive,Bangalore,mobile,0,5G,morning,0
101296,2025-04-05 13:17:37.632526,1437,5713,750.83,send,Mumbai,mobile,0,WiFi,afternoon,0
101297,2025-04-05 15:02:46.094018,1662,5234,1096.42,merchant_payment,Chennai,tablet,0,5G,afternoon,0
101298,2025-04-05 16:47:54.555511,1277,5540,90.07,send,Kolkata,mobile,0,4G,afternoon,0
101299,2025-04-05 18:33:03.017003,1710,5011,395.28,send,Kolkata,mobile,0,5G,evening,0
101300,2025-04-05 20:18:11.478495,1582,5206,167.47,send,Kolkata,mobile,0,4G,evening,0
101301,2025-04-05 22:03:19.939987,1503,5679,4285.96,send,Kolkata,mobile,0,4G,evening,0
101302,2025-04-05 23:48:28.401480,1624,5247,1547.74,send,Kolkata,mobile,0,WiFi,evening,0
101303,2025-04-06 01:33:36.862972,1516,5559,249.39,receive,Bangalore,tablet,0,4G,night,0
101304,2025-04-06 03:18:45.324464,1350,5758,105.99,merchant_payment,Pune,mobile,0,4G,night,0
101305,2025-04-06 05:03:53.785957,1843,5127,598.28,merchant_payment,Hyderabad,mobile,0,4G,night,0
101306,2025-04-06 06:49:02.247449,1446,5147,1469.12,send,Pune,mobile,0,WiFi,morning,0
101307,2025-04-06 08:34:10.708941,1830,5118,86.92,receive,Bangalore,mobile,0,4G,morning,0
101308,2025-04-06 10:19:19.170434,1350,5911,194.07,merchant_payment,Delhi,tablet,0,4G,morning,0
101309,2025-04-06 12:04:27.631926,1607,5382,163.11,send,Ahmedabad,mobile,0,5G,afternoon,0
101310,2025-04-06 13:49:36.093418,1664,5412,1172.56,receive,Pune,tablet,0,5G,afternoon,0
101311,2025-04-06 15:34:44.554910,1823,5664,340.42,merchant_payment,Bangalore,mobile,0,4G,afternoon,0
101312,2025-04-06 17:19:53.016403,1137,5584,354.98,receive,Ahmedabad,mobile,0,WiFi,afternoon,0
101313,2025-04-06 19:05:01.477895,1759,5363,586.78,send,Chennai,mobile,0,4G,evening,0
101314,2025-04-06 20:50:09.939387,1899,5509,204.74,send,Kolkata,mobile,0,4G,evening,0
101315,2025-04-06 22:35:18.400880,1243,5137,116.32,receive,Bangalore,mobile,0,4G,evening,0
101316,2025-04-07 00:20:26.862372,1543,5175,1938.53,merchant_payment,Pune,mobile,0,5G,night,0
101317,2025-04-07 02:05:35.323864,1040,5289,2127.04,send,Hyderabad,mobile,0,4G,night,0
101318,2025-04-07 03:50:43.785357,1229,5958,589.68,merchant_payment,Pune,mobile,0,WiFi,night,0
101319,2025-04-07 05:35:52.246849,1548,5481,634.07,send,Kolkata,mobile,0,WiFi,night,0
101320,2025-04-07 07:21:00.708341,1920,5019,1738.91,send,Pune,mobile,0,4G,morning,0
101321,2025-04-07 09:06:09.169833,1223,5195,576.31,send,Mumbai,mobile,0,WiFi,morning,0
101322,2025-04-07 10:51:17.631326,1006,5330,324.06,receive,Delhi,mobile,0,4G,morning,0
101323,2025-04-07 12:36:26.092818,1322,5936,512.52,send,Chennai,mobile,0,4G,afternoon,0
101324,2025-04-07 14:21:34.554310,1468,5175,1984.59,send,Hyderabad,mobile,0,5G,afternoon,0
101325,2025-04-07 16:06:43.015803,1732,5449,519.74,merchant_payment,Delhi,mobile,0,5G,afternoon,1
101326,2025-04-07 17:51:51.477295,1075,5925,252.3,merchant_payment,Bangalore,mobile,0,5G,afternoon,0
101327,2025-04-07 19:36:59.938787,1004,5946,570.78,send,Delhi,mobile,0,5G,evening,0
101328,2025-04-07 21:22:08.400280,1847,5354,949.77,send,Kolkata,mobile,0,WiFi,evening,0
101329,2025-04-07 23:07:16.861772,1646,5499,842.4,merchant_payment,Kolkata,mobile,0,5G,evening,0
101330,2025-04-08 00:52:25.323264,1118,5141,856.47,receive,Mumbai,mobile,0,4G,night,0
101331,2025-04-08 02:37:33.784756,1881,5758,215.58,send,Ahmedabad,mobile,0,WiFi,night,0
101332,2025-04-08 04:22:42.246249,1606,5897,1064.33,merchant_payment,Delhi,mobile,0,WiFi,night,0
101333,2025-04-08 06:07:50.707741,1504,5930,506.98,send,Pune,mobile,0,4G,morning,0
101334,2025-04-08 07:52:59.169233,1998,5093,241.82,receive,Delhi,mobile,0,5G,morning,0
101335,2025-04-08 09:38:07.630726,1947,5944,1055.9,send,Kolkata,mobile,1,WiFi,morning,1
101336,2025-04-08 11:23:16.092218,1574,5239,313.05,receive,Ahmedabad,mobile,0,WiFi,morning,0
101337,2025-04-08 13:08:24.553710,1441,5205,102.07,send,Bangalore,mobile,0,4G,afternoon,0
101338,2025-04-08 14:53:33.015203,1194,5560,181.16,merchant_payment,Bangalore,mobile,0,5G,afternoon,0
101339,2025-04-08 16:38:41.476695,1847,5433,410.91,merchant_payment,Chennai,mobile,0,WiFi,afternoon,0
101340,2025-04-08 18:23:49.938187,1715,5245,878.58,receive,Pune,mobile,0,4G,evening,0
101341,2025-04-08 20:08:58.399679,1392,5832,207.67,receive,Pune,mobile,0,5G,evening,0
101342,2025-04-08 21:54:06.861172,1026,5317,387.35,send,Bangalore,tablet,0,5G,evening,0
101343,2025-04-08 23:39:15.322664,1435,5925,145.97,merchant_payment,Delhi,tablet,0,4G,evening,0
101344,2025-04-09 01:24:23.784156,1173,5295,1315.58,merchant_payment,Mumbai,mobile,0,4G,night,0
101345,2025-04-09 03:09:32.245649,1300,5640,2744.44,merchant_payment,Bangalore,mobile,0,5G,night,1
101346,2025-04-09 04:54:40.707141,1645,5856,2463.36,receive,Pune,mobile,0,4G,night,0
101347,2025-04-09 06:39:49.168633,1326,5282,1293.34,merchant_payment,Pune,mobile,0,4G,morning,0
101348,2025-04-09 08:24:57.630126,1410,5017,1167.37,send,Kolkata,mobile,0,5G,morning,0
101349,2025-04-09 10:10:06.091618,1118,5071,62.06,receive,Kolkata,mobile,0,5G,morning,0
101350,2025-04-09 11:55:14.553110,1836,5269,588.26,receive,Chennai,mobile,0,4G,morning,0
101351,2025-04-09 13:40:23.014602,1787,5325,300.04,receive,Ahmedabad,tablet,0,5G,afternoon,1
101352,2025-04-09 15:25:31.476095,1724,5794,1188.52,merchant_payment,Chennai,mobile,0,5G,afternoon,0
101353,2025-04-09 17:10:39.937587,1225,5305,38.95,merchant_payment,Delhi,mobile,0,4G,afternoon,0
101354,2025-04-09 18:55:48.399079,1532,5451,597.63,send,Bangalore,mobile,0,5G,evening,0
101355,2025-04-09 20:40:56.860572,1113,5007,397.64,send,Bangalore,mobile,0,5G,evening,0
101356,2025-04-09 22:26:05.322064,1140,5314,1507.83,send,Chennai,mobile,0,4G,evening,0
101357,2025-04-10 00:11:13.783556,1559,5817,2316.9,receive,Bangalore,mobile,0,WiFi,night,1
101358,2025-04-10 01:56:22.245049,1001,5103,194.64,send,Delhi,mobile,0,5G,night,0
101359,2025-04-10 03:41:30.706541,1090,5821,203.63,send,Mumbai,mobile,0,4G,night,0
101360,2025-04-10 05:26:39.168033,1654,5193,620.48,merchant_payment,Ahmedabad,mobile,0,4G,night,0
101361,2025-04-10 07:11:47.629525,1320,5753,2789.9,merchant_payment,Kolkata,mobile,0,5G,morning,0
101362,2025-04-10 08:56:56.091018,1550,5574,523.29,merchant_payment,Delhi,mobile,0,4G,morning,0
101363,2025-04-10 10:42:04.552510,1805,5529,137.12,merchant_payment,Bangalore,tablet,0,4G,morning,0
101364,2025-04-10 12:27:13.014002,1894,5171,268.84,merchant_payment,Delhi,mobile,0,4G,afternoon,0
101365,2025-04-10 14:12:21.475495,1139,5537,603.45,send,Kolkata,mobile,0,5G,afternoon,0
101366,2025-04-10 15:57:29.936987,1511,5251,626.53,merchant_payment,Hyderabad,mobile,0,4G,afternoon,0
101367,2025-04-10 17:42:38.398479,1868,5765,243.69,send,Pune,tablet,0,WiFi,afternoon,0
101368,2025-04-10 19:27:46.859971,1845,5387,263.54,merchant_payment,Kolkata,mobile,0,5G,evening,0
101369,2025-04-10 21:12:55.321464,1259,5207,184.64,receive,Pune,mobile,0,5G,evening,0
101370,2025-04-10 22:58:03.782956,1673,5541,1542.52,merchant_payment,Kolkata,mobile,0,5G,evening,0
101371,2025-04-11 00:43:12.244448,1902,5629,213.84,send,Hyderabad,mobile,0,5G,night,0
101372,2025-04-11 02:28:20.705941,1690,5416,309.58,send,Bangalore,mobile,0,5G,night,0
101373,2025-04-11 04:13:29.167433,1010,5794,300.89,receive,Bangalore,mobile,0,5G,night,0
101374,2025-04-11 05:58:37.628925,1261,5380,98.89,send,Ahmedabad,mobile,0,4G,night,0
101375,2025-04-11 07:43:46.090418,1919,5144,207.8,merchant_payment,Mumbai,mobile,0,4G,morning,0
101376,2025-04-11 09:28:54.551910,1650,5025,1682.67,receive,Kolkata,mobile,0,WiFi,morning,0
101377,2025-04-11 11:14:03.013402,1172,5822,147.04,receive,Delhi,mobile,0,5G,morning,0
101378,2025-04-11 12:59:11.474894,1898,5668,187.98,merchant_payment,Mumbai,mobile,0,4G,afternoon,1
101379,2025-04-11 14:44:19.936387,1013,5073,129.99,receive,Bangalore,mobile,0,4G,afternoon,0
101380,2025-04-11 16:29:28.397879,1168,5632,450.06,send,Bangalore,mobile,0,5G,afternoon,0
101381,2025-04-11 18:14:36.859371,1642,5824,3246.97,send,Ahmedabad,mobile,0,4G,evening,0
101382,2025-04-11 19:59:45.320864,1596,5833,431.52,receive,Ahmedabad,tablet,0,WiFi,evening,0
101383,2025-04-11 21:44:53.782356,1321,5093,526.77,merchant_payment,Ahmedabad,mobile,0,5G,evening,0
101384,2025-04-11 23:30:02.243848,1319,5505,222.42,merchant_payment,Chennai,mobile,0,4G,evening,0
101385,2025-04-12 01:15:10.705341,1613,5598,463.3,merchant_payment,Mumbai,mobile,0,4G,night,0
101386,2025-04-12 03:00:19.166833,1329,5336,1684.21,send,Bangalore,mobile,0,4G,night,0
101387,2025-04-12 04:45:27.628325,1785,5425,568.45,send,Hyderabad,mobile,0,4G,night,0
101388,2025-04-12 06:30:36.089817,1777,5499,4153.76,send,Pune,mobile,0,WiFi,morning,0
101389,2025-04-12 08:15:44.551310,1971,5364,1736.24,merchant_payment,Chennai,mobile,0,WiFi,morning,0
101390,2025-04-12 10:00:53.012802,1911,5947,452.0,send,Delhi,mobile,1,WiFi,morning,1
101391,2025-04-12 11:46:01.474294,1920,5630,443.28,send,Pune,mobile,0,5G,morning,0
101392,2025-04-12 13:31:09.935787,1550,5745,2517.25,receive,Chennai,mobile,0,5G,afternoon,0
101393,2025-04-12 15:16:18.397279,1419,5199,565.28,send,Ahmedabad,mobile,0,WiFi,afternoon,0
101394,2025-04-12 17:01:26.858771,1606,5718,2016.1,merchant_payment,Kolkata,mobile,0,WiFi,afternoon,0
101395,2025-04-12 18:46:35.320264,1095,5413,3651.55,receive,Kolkata,mobile,0,WiFi,evening,0
101396,2025-04-12 20:31:43.781756,1817,5339,401.73,send,Delhi,mobile,0,WiFi,evening,0
101397,2025-04-12 22:16:52.243248,1581,5659,700.61,send,Hyderabad,mobile,1,5G,evening,1
101398,2025-04-13 00:02:00.704740,1318,5962,1312.91,merchant_payment,Delhi,mobile,0,4G,night,0
101399,2025-04-13 01:47:09.166233,1956,5937,1061.57,send,Mumbai,mobile,0,4G,night,0
101400,2025-04-13 03:32:17.627725,1236,5429,1054.15,send,Pune,mobile,1,5G,night,1
101401,2025-04-13 05:17:26.089217,1946,5783,129.87,send,Delhi,mobile,0,5G,night,0
101402,2025-04-13 07:02:34.550710,1334,5899,210.94,send,Delhi,mobile,0,WiFi,morning,0
101403,2025-04-13 08:47:43.012202,1885,5139,300.29,merchant_payment,Chennai,mobile,1,WiFi,morning,0
101404,2025-04-13 10:32:51.473694,1376,5693,1659.75,send,Hyderabad,tablet,0,5G,morning,0
101405,2025-04-13 12:17:59.935187,1459,5942,143.25,merchant_payment,Delhi,mobile,0,4G,afternoon,0
101406,2025-04-13 14:03:08.396679,1137,5542,2260.24,send,Mumbai,mobile,0,4G,afternoon,0
101407,2025-04-13 15:48:16.858171,1930,5057,1074.74,merchant_payment,Chennai,mobile,0,4G,afternoon,0
101408,2025-04-13 17:33:25.319663,1588,5232,1562.79,merchant_payment,Hyderabad,mobile,0,4G,afternoon,0
101409,2025-04-13 19:18:33.781156,1995,5658,194.51,receive,Hyderabad,mobile,0,5G,evening,0
101410,2025-04-13 21:03:42.242648,1547,5435,529.7,merchant_payment,Bangalore,mobile,0,4G,evening,0
101411,2025-04-13 22:48:50.704140,1513,5384,664.44,send,Kolkata,mobile,0,4G,evening,0
101412,2025-04-14 00:33:59.165633,1296,5560,635.85,receive,Pune,mobile,0,4G,night,0
101413,2025-04-14 02:19:07.627125,1320,5194,662.26,send,Mumbai,mobile,0,5G,night,0
101414,2025-04-14 04:04:16.088617,1918,5736,373.71,send,Kolkata,mobile,0,4G,night,0
101415,2025-04-14 05:49:24.550110,1572,5648,564.09,merchant_payment,Chennai,mobile,0,WiFi,night,0
101416,2025-04-14 07:34:33.011602,1832,5534,1385.15,send,Chennai,mobile,0,4G,morning,0
101417,2025-04-14 09:19:41.473094,1349,5518,153.47,merchant_payment,Mumbai,mobile,0,4G,morning,0
101418,2025-04-14 11:04:49.934586,1840,5716,2314.73,send,Hyderabad,mobile,0,5G,morning,0
101419,2025-04-14 12:49:58.396079,1779,5751,1315.4,receive,Ahmedabad,mobile,0,WiFi,afternoon,0
101420,2025-04-14 14:35:06.857571,1873,5185,187.69,merchant_payment,Delhi,mobile,0,5G,afternoon,0
101421,2025-04-14 16:20:15.319063,1229,5872,723.31,merchant_payment,Mumbai,mobile,0,5G,afternoon,0
101422,2025-04-14 18:05:23.780556,1270,5292,1213.78,receive,Chennai,mobile,1,WiFi,evening,0
101423,2025-04-14 19:50:32.242048,1828,5335,143.27,merchant_payment,Kolkata,tablet,0,5G,evening,0
101424,2025-04-14 21:35:40.703540,1798,5732,513.87,merchant_payment,Pune,mobile,0,4G,evening,0
101425,2025-04-14 23:20:49.165033,1291,5116,455.54,send,Mumbai,mobile,0,5G,evening,0
101426,2025-04-15 01:05:57.626525,1725,5825,258.38,receive,Hyderabad,mobile,0,WiFi,night,1
101427,2025-04-15 02:51:06.088017,1165,5049,540.43,send,Pune,mobile,0,5G,night,1
101428,2025-04-15 04:36:14.549509,1005,5685,270.35,send,Pune,mobile,0,WiFi,night,0
101429,2025-04-15 06:21:23.011002,1851,5082,1947.51,send,Pune,mobile,0,5G,morning,0
101430,2025-04-15 08:06:31.472494,1379,5834,263.32,send,Bangalore,mobile,1,4G,morning,0
101431,2025-04-15 09:51:39.933986,1078,5333,1087.87,receive,Pune,mobile,0,5G,morning,0
101432,2025-04-15 11:36:48.395479,1410,5557,94.12,merchant_payment,Bangalore,mobile,0,5G,morning,0
101433,2025-04-15 13:21:56.856971,1574,5335,419.13,merchant_payment,Delhi,mobile,0,WiFi,afternoon,0
101434,2025-04-15 15:07:05.318463,1132,5532,498.85,receive,Delhi,mobile,0,WiFi,afternoon,0
101435,2025-04-15 16:52:13.779955,1601,5960,405.74,send,Pune,mobile,0,WiFi,afternoon,0
101436,2025-04-15 18:37:22.241448,1749,5221,331.52,send,Hyderabad,mobile,0,WiFi,evening,0
101437,2025-04-15 20:22:30.702940,1042,5635,252.77,send,Kolkata,mobile,0,4G,evening,0
101438,2025-04-15 22:07:39.164432,1089,5746,1047.9,receive,Delhi,mobile,0,WiFi,evening,0
101439,2025-04-15 23:52:47.625925,1402,5733,1338.7,send,Bangalore,mobile,0,4G,evening,0
101440,2025-04-16 01:37:56.087417,1296,5323,453.88,receive,Hyderabad,mobile,0,4G,night,1
101441,2025-04-16 03:23:04.548909,1840,5851,164.57,merchant_payment,Pune,mobile,0,5G,night,0
101442,2025-04-16 05:08:13.010402,1295,5003,2962.98,merchant_payment,Hyderabad,mobile,0,5G,night,0
101443,2025-04-16 06:53:21.471894,1616,5694,204.43,merchant_payment,Hyderabad,mobile,0,WiFi,morning,0
101444,2025-04-16 08:38:29.933386,1526,5206,114.5,merchant_payment,Mumbai,mobile,0,5G,morning,0
101445,2025-04-16 10:23:38.394878,1800,5832,65.85,send,Kolkata,mobile,0,WiFi,morning,0
101446,2025-04-16 12:08:46.856371,1691,5040,544.27,send,Pune,mobile,0,4G,afternoon,0
101447,2025-04-16 13:53:55.317863,1637,5059,396.46,merchant_payment,Kolkata,mobile,0,WiFi,afternoon,0
101448,2025-04-16 15:39:03.779355,1422,5951,1381.54,merchant_payment,Delhi,mobile,1,5G,afternoon,0
101449,2025-04-16 17:24:12.240848,1865,5574,907.85,receive,Ahmedabad,mobile,0,5G,afternoon,0
101450,2025-04-16 19:09:20.702340,1023,5644,658.66,send,Kolkata,mobile,0,4G,evening,0
101451,2025-04-16 20:54:29.163832,1575,5507,375.64,receive,Chennai,mobile,0,5G,evening,0
101452,2025-04-16 22:39:37.625325,1143,5572,1495.14,send,Bangalore,mobile,0,5G,evening,0
101453,2025-04-17 00:24:46.086817,1993,5884,3188.77,send,Delhi,mobile,1,5G,night,0
101454,2025-04-17 02:09:54.548309,1665,5843,1351.51,send,Pune,mobile,0,5G,night,0
101455,2025-04-17 03:55:03.009801,1145,5122,309.97,send,Kolkata,tablet,0,4G,night,1
101456,2025-04-17 05:40:11.471294,1225,5479,1076.6,send,Bangalore,mobile,0,4G,night,0
101457,2025-04-17 07:25:19.932786,1503,5619,329.61,send,Pune,mobile,0,4G,morning,0
101458,2025-04-17 09:10:28.394278,1962,5096,163.19,merchant_payment,Pune,mobile,0,WiFi,morning,0
101459,2025-04-17 10:55:36.855771,1974,5859,200.53,receive,Delhi,mobile,0,5G,morning,0
101460,2025-04-17 12:40:45.317263,1821,5414,344.41,receive,Chennai,mobile,0,WiFi,afternoon,0
101461,2025-04-17 14:25:53.778755,1616,5235,546.73,receive,Bangalore,mobile,1,5G,afternoon,0
101462,2025-04-17 16:11:02.240248,1104,5898,3868.34,merchant_payment,Ahmedabad,mobile,0,WiFi,afternoon,0
101463,2025-04-17 17:56:10.701740,1947,5062,204.04,send,Ahmedabad,mobile,0,4G,afternoon,0
101464,2025-04-17 19:41:19.163232,1039,5256,1851.01,send,Ahmedabad,mobile,0,4G,evening,0
101465,2025-04-17 21:26:27.624724,1947,5561,358.79,receive,Chennai,tablet,0,5G,evening,0
101466,2025-04-17 23:11:36.086217,1198,5905,65.6,send,Bangalore,mobile,0,5G,evening,0
101467,2025-04-18 00:56:44.547709,1646,5348,297.16,receive,Mumbai,mobile,0,5G,night,0
101468,2025-04-18 02:41:53.009201,1579,5671,1598.3,receive,Pune,mobile,0,4G,night,0
101469,2025-04-18 04:27:01.470694,1391,5124,695.53,merchant_payment,Mumbai,mobile,0,4G,night,0
101470,2025-04-18 06:12:09.932186,1179,5482,738.37,merchant_payment,Bangalore,mobile,0,5G,morning,0
101471,2025-04-18 07:57:18.393678,1968,5317,1860.32,merchant_payment,Ahmedabad,mobile,0,5G,morning,0
101472,2025-04-18 09:42:26.855171,1554,5504,174.8,send,Bangalore,mobile,0,5G,morning,0
101473,2025-04-18 11:27:35.316663,1448,5719,172.13,merchant_payment,Chennai,tablet,0,4G,morning,0
101474,2025-04-18 13:12:43.778155,1500,5048,51.23,send,Pune,mobile,0,5G,afternoon,0
101475,2025-04-18 14:57:52.239647,1015,5409,1184.51,receive,Kolkata,mobile,0,4G,afternoon,0
101476,2025-04-18 16:43:00.701140,1623,5932,864.79,merchant_payment,Pune,mobile,0,5G,afternoon,0
101477,2025-04-18 18:28:09.162632,1669,5136,1016.34,send,Hyderabad,mobile,0,5G,evening,0
101478,2025-04-18 20:13:17.624124,1289,5201,150.96,receive,Bangalore,mobile,0,4G,evening,0
101479,2025-04-18 21:58:26.085617,1478,5250,99.06,send,Delhi,mobile,0,4G,evening,0
101480,2025-04-18 23:43:34.547109,1231,5314,131.68,send,Delhi,mobile,0,4G,evening,0
101481,2025-04-19 01:28:43.008601,1923,5869,195.87,merchant_payment,Delhi,mobile,0,WiFi,night,1
101482,2025-04-19 03:13:51.470094,1420,5368,2330.78,send,Mumbai,mobile,0,5G,night,1
101483,2025-04-19 04:58:59.931586,1157,5429,1339.6,send,Kolkata,mobile,0,5G,night,1
101484,2025-04-19 06:44:08.393078,1550,5830,311.62,send,Chennai,mobile,0,5G,morning,0
101485,2025-04-19 08:29:16.854570,1441,5807,664.64,merchant_payment,Kolkata,mobile,0,WiFi,morning,0
101486,2025-04-19 10:14:25.316063,1097,5480,250.04,send,Mumbai,mobile,0,5G,morning,0
101487,2025-04-19 11:59:33.777555,1997,5314,709.3,send,Kolkata,mobile,0,4G,morning,0
101488,2025-04-19 13:44:42.239047,1411,5500,157.89,merchant_payment,Kolkata,mobile,0,4G,afternoon,0
101489,2025-04-19 15:29:50.700540,1951,5721,1043.41,send,Pune,mobile,0,5G,afternoon,0
101490,2025-04-19 17:14:59.162032,1289,5355,210.67,send,Delhi,mobile,0,4G,afternoon,0
101491,2025-04-19 19:00:07.623524,1254,5485,1103.14,merchant_payment,Bangalore,tablet,0,4G,evening,0
101492,2025-04-19 20:45:16.085017,1196,5211,321.36,receive,Delhi,mobile,0,WiFi,evening,0
101493,2025-04-19 22:30:24.546509,1598,5704,223.61,merchant_payment,Kolkata,mobile,0,WiFi,evening,0
101494,2025-04-20 00:15:33.008001,1834,5044,2472.53,send,Bangalore,mobile,0,WiFi,night,1
101495,2025-04-20 02:00:41.469493,1522,5541,588.13,merchant_payment,Pune,mobile,0,4G,night,0
101496,2025-04-20 03:45:49.930986,1517,5571,357.03,merchant_payment,Chennai,mobile,0,4G,night,0
101497,2025-04-20 05:30:58.392478,1635,5583,1051.72,send,Hyderabad,mobile,0,4G,night,0
101498,2025-04-20 07:16:06.853970,1842,5092,129.03,send,Bangalore,mobile,0,WiFi,morning,0
101499,2025-04-20 09:01:15.315463,1865,5265,1490.5,merchant_payment,Mumbai,mobile,0,5G,morning,0
101500,2025-04-20 10:46:23.776955,1118,5895,428.61,receive,Delhi,tablet,0,WiFi,morning,0
101501,2025-04-20 12:31:32.238447,1806,5220,898.55,receive,Pune,mobile,0,WiFi,afternoon,0
101502,2025-04-20 14:16:40.699939,1909,5902,104.81,receive,Pune,tablet,0,5G,afternoon,0
101503,2025-04-20 16:01:49.161432,1159,5925,336.16,merchant_payment,Delhi,mobile,0,4G,afternoon,0
101504,2025-04-20 17:46:57.622924,1815,5442,495.01,merchant_payment,Kolkata,mobile,0,4G,afternoon,0
101505,2025-04-20 19:32:06.084416,1228,5401,1380.64,send,Kolkata,tablet,0,4G,evening,0
101506,2025-04-20 21:17:14.545909,1877,5400,973.03,send,Kolkata,mobile,0,4G,evening,0
101507,2025-04-20 23:02:23.007401,1216,5727,332.79,merchant_payment,Ahmedabad,mobile,0,4G,evening,0
101508,2025-04-21 00:47:31.468893,1948,5991,677.19,merchant_payment,Pune,mobile,0,5G,night,0
101509,2025-04-21 02:32:39.930386,1696,5899,1731.2,receive,Kolkata,mobile,0,4G,night,1
101510,2025-04-21 04:17:48.391878,1015,5789,403.43,merchant_payment,Delhi,mobile,0,5G,night,0
101511,2025-04-21 06:02:56.853370,1157,5576,361.82,merchant_payment,Ahmedabad,mobile,0,WiFi,morning,0
101512,2025-04-21 07:48:05.314862,1648,5858,74.46,send,Bangalore,mobile,0,4G,morning,0
101513,2025-04-21 09:33:13.776355,1261,5804,372.76,merchant_payment,Chennai,mobile,0,4G,morning,0
101514,2025-04-21 11:18:22.237847,1157,5490,86.52,send,Bangalore,mobile,0,4G,morning,0
101515,2025-04-21 13:03:30.699339,1047,5485,439.51,send,Mumbai,mobile,0,4G,afternoon,0
101516,2025-04-21 14:48:39.160832,1324,5757,1323.63,send,Ahmedabad,mobile,0,5G,afternoon,0
101517,2025-04-21 16:33:47.622324,1844,5470,59.17,merchant_payment,Delhi,mobile,0,5G,afternoon,0
101518,2025-04-21 18:18:56.083816,1685,5574,1692.92,merchant_payment,Ahmedabad,mobile,0,5G,evening,0
101519,2025-04-21 20:04:04.545309,1130,5938,354.17,send,Bangalore,mobile,0,4G,evening,0
101520,2025-04-21 21:49:13.006801,1411,5844,479.54,send,Delhi,tablet,0,5G,evening,0
101521,2025-04-21 23:34:21.468293,1095,5682,298.15,receive,Pune,mobile,0,5G,evening,0
101522,2025-04-22 01:19:29.929785,1627,5445,88.83,merchant_payment,Mumbai,mobile,0,4G,night,0
101523,2025-04-22 03:04:38.391278,1755,5269,225.2,merchant_payment,Pune,tablet,0,4G,night,1
101524,2025-04-22 04:49:46.852770,1932,5267,4013.46,receive,Hyderabad,mobile,0,WiFi,night,0
101525,2025-04-22 06:34:55.314262,1292,5054,164.67,receive,Hyderabad,mobile,0,4G,morning,0
101526,2025-04-22 08:20:03.775755,1794,5528,100.63,send,Hyderabad,mobile,0,WiFi,morning,0
101527,2025-04-22 10:05:12.237247,1811,5520,567.53,send,Delhi,mobile,0,4G,morning,0
101528,2025-04-22 11:50:20.698739,1283,5616,452.24,send,Bangalore,tablet,0,4G,morning,0
101529,2025-04-22 13:35:29.160232,1069,5059,356.62,merchant_payment,Delhi,mobile,0,5G,afternoon,0
101530,2025-04-22 15:20:37.621724,1660,5825,499.92,send,Pune,mobile,0,WiFi,afternoon,0
101531,2025-04-22 17:05:46.083216,1011,5040,938.42,merchant_payment,Chennai,mobile,0,WiFi,afternoon,0
101532,2025-04-22 18:50:54.544708,1254,5237,273.92,send,Pune,mobile,0,4G,evening,0
101533,2025-04-22 20:36:03.006201,1842,5955,598.49,receive,Bangalore,mobile,0,WiFi,evening,0
101534,2025-04-22 22:21:11.467693,1872,5386,1371.79,send,Pune,mobile,0,5G,evening,0
101535,2025-04-23 00:06:19.929185,1550,5606,182.13,send,Pune,mobile,0,4G,night,0
101536,2025-04-23 01:51:28.390678,1134,5734,48.32,send,Mumbai,mobile,0,4G,night,0
101537,2025-04-23 03:36:36.852170,1712,5716,963.73,merchant_payment,Kolkata,mobile,0,5G,night,0
101538,2025-04-23 05:21:45.313662,1023,5650,6020.72,send,Hyderabad,mobile,0,5G,night,0
101539,2025-04-23 07:06:53.775155,1815,5300,489.14,merchant_payment,Bangalore,mobile,0,4G,morning,0
101540,2025-04-23 08:52:02.236647,1346,5395,603.01,receive,Ahmedabad,mobile,0,WiFi,morning,0
101541,2025-04-23 10:37:10.698139,1302,5207,366.57,receive,Ahmedabad,mobile,0,5G,morning,0
101542,2025-04-23 12:22:19.159631,1363,5336,2411.64,receive,Ahmedabad,mobile,0,WiFi,afternoon,0
101543,2025-04-23 14:07:27.621124,1396,5593,455.89,merchant_payment,Ahmedabad,mobile,0,5G,afternoon,0
101544,2025-04-23 15:52:36.082616,1218,5730,408.89,send,Bangalore,mobile,0,5G,afternoon,0
101545,2025-04-23 17:37:44.544108,1141,5514,1225.21,send,Hyderabad,mobile,0,4G,afternoon,0
101546,2025-04-23 19:22:53.005601,1616,5178,303.6,merchant_payment,Pune,mobile,0,5G,evening,0
101547,2025-04-23 21:08:01.467093,1958,5396,136.36,send,Mumbai,mobile,0,WiFi,evening,0
101548,2025-04-23 22:53:09.928585,1210,5371,1190.7,merchant_payment,Delhi,mobile,0,5G,evening,0
101549,2025-04-24 00:38:18.390078,1985,5858,272.72,send,Delhi,mobile,0,4G,night,1
101550,2025-04-24 02:23:26.851570,1993,5791,185.78,merchant_payment,Pune,mobile,0,4G,night,1
101551,2025-04-24 04:08:35.313062,1623,5658,4024.07,send,Pune,mobile,0,WiFi,night,1
101552,2025-04-24 05:53:43.774554,1616,5318,412.16,merchant_payment,Kolkata,mobile,0,4G,night,0
101553,2025-04-24 07:38:52.236047,1828,5736,807.73,receive,Ahmedabad,mobile,0,WiFi,morning,0
101554,2025-04-24 09:24:00.697539,1683,5369,507.52,send,Bangalore,tablet,0,5G,morning,0
101555,2025-04-24 11:09:09.159031,1460,5384,203.1,send,Hyderabad,mobile,0,4G,morning,0
101556,2025-04-24 12:54:17.620524,1356,5062,981.85,send,Pune,mobile,0,5G,afternoon,0
101557,2025-04-24 14:39:26.082016,1324,5806,674.91,merchant_payment,Pune,mobile,0,4G,afternoon,0
101558,2025-04-24 16:24:34.543508,1133,5505,254.84,send,Chennai,mobile,0,5G,afternoon,0
101559,2025-04-24 18:09:43.005001,1888,5239,759.9,send,Mumbai,mobile,0,4G,evening,0
101560,2025-04-24 19:54:51.466493,1805,5195,294.62,receive,Delhi,tablet,0,5G,evening,0
101561,2025-04-24 21:39:59.927985,1840,5678,163.29,send,Mumbai,mobile,0,4G,evening,0
101562,2025-04-24 23:25:08.389477,1127,5963,147.57,send,Mumbai,mobile,0,4G,evening,0
101563,2025-04-25 01:10:16.850970,1106,5222,645.52,send,Kolkata,mobile,0,WiFi,night,0
101564,2025-04-25 02:55:25.312462,1604,5061,336.05,merchant_payment,Ahmedabad,mobile,1,4G,night,1
101565,2025-04-25 04:40:33.773954,1799,5129,2212.11,merchant_payment,Mumbai,mobile,0,4G,night,0
101566,2025-04-25 06:25:42.235447,1378,5990,472.03,send,Hyderabad,tablet,0,5G,morning,0
101567,2025-04-25 08:10:50.696939,1905,5685,224.71,merchant_payment,Kolkata,mobile,0,5G,morning,0
101568,2025-04-25 09:55:59.158431,1051,5992,576.99,send,Pune,mobile,0,4G,morning,0
101569,2025-04-25 11:41:07.619923,1029,5156,135.06,send,Hyderabad,mobile,0,WiFi,morning,0
101570,2025-04-25 13:26:16.081416,1462,5917,452.99,receive,Kolkata,mobile,1,5G,afternoon,0
101571,2025-04-25 15:11:24.542908,1296,5378,678.01,send,Hyderabad,mobile,1,4G,afternoon,1
101572,2025-04-25 16:56:33.004400,1297,5622,599.25,receive,Kolkata,mobile,0,5G,afternoon,0
101573,2025-04-25 18:41:41.465893,1726,5781,1813.11,merchant_payment,Kolkata,mobile,0,4G,evening,0
101574,2025-04-25 20:26:49.927385,1779,5923,6617.79,merchant_payment,Bangalore,mobile,0,4G,evening,0
101575,2025-04-25 22:11:58.388877,1407,5868,964.3,send,Hyderabad,mobile,0,WiFi,evening,0
101576,2025-04-25 23:57:06.850370,1769,5903,1601.66,send,Bangalore,mobile,0,5G,evening,0
101577,2025-04-26 01:42:15.311862,1814,5790,6269.57,merchant_payment,Pune,mobile,1,WiFi,night,1
101578,2025-04-26 03:27:23.773354,1613,5586,180.15,send,Ahmedabad,mobile,0,4G,night,0
101579,2025-04-26 05:12:32.234846,1405,5999,561.51,merchant_payment,Ahmedabad,mobile,0,4G,night,0
101580,2025-04-26 06:57:40.696339,1346,5437,305.52,send,Kolkata,mobile,0,4G,morning,0
101581,2025-04-26 08:42:49.157831,1622,5975,1144.43,send,Ahmedabad,tablet,0,4G,morning,0
101582,2025-04-26 10:27:57.619323,1420,5207,646.53,send,Delhi,mobile,1,5G,morning,0
101583,2025-04-26 12:13:06.080816,1182,5388,217.36,merchant_payment,Kolkata,mobile,0,5G,afternoon,0
101584,2025-04-26 13:58:14.542308,1983,5480,498.17,merchant_payment,Delhi,mobile,0,5G,afternoon,0
101585,2025-04-26 15:43:23.003800,1825,5791,1403.78,send,Delhi,mobile,0,5G,afternoon,0
101586,2025-04-26 17:28:31.465293,1001,5887,133.79,merchant_payment,Delhi,mobile,0,5G,afternoon,0
101587,2025-04-26 19:13:39.926785,1831,5838,222.0,send,Delhi,mobile,0,WiFi,evening,0
101588,2025-04-26 20:58:48.388277,1950,5984,191.09,send,Ahmedabad,mobile,0,4G,evening,0
101589,2025-04-26 22:43:56.849769,1567,5340,682.93,merchant_payment,Hyderabad,mobile,0,WiFi,evening,1
101590,2025-04-27 00:29:05.311262,1371,5869,1703.63,receive,Chennai,mobile,0,5G,night,0
101591,2025-04-27 02:14:13.772754,1936,5340,66.04,send,Hyderabad,mobile,0,5G,night,0
101592,2025-04-27 03:59:22.234246,1911,5204,541.53,send,Pune,mobile,0,WiFi,night,0
101593,2025-04-27 05:44:30.695739,1661,5161,195.54,merchant_payment,Chennai,mobile,0,4G,night,1
101594,2025-04-27 07:29:39.157231,1431,5540,1346.69,merchant_payment,Hyderabad,mobile,0,5G,morning,0
101595,2025-04-27 09:14:47.618723,1969,5392,388.79,merchant_payment,Pune,mobile,0,WiFi,morning,0
101596,2025-04-27 10:59:56.080216,1309,5769,561.53,send,Ahmedabad,mobile,0,5G,morning,0
101597,2025-04-27 12:45:04.541708,1137,5677,492.09,merchant_payment,Delhi,mobile,0,WiFi,afternoon,1
101598,2025-04-27 14:30:13.003200,1202,5575,1516.59,send,Mumbai,tablet,0,4G,afternoon,0
101599,2025-04-27 16:15:21.464692,1436,5534,3822.39,merchant_payment,Kolkata,mobile,0,5G,afternoon,0
101600,2025-04-27 18:00:29.926185,1313,5070,158.43,send,Chennai,mobile,0,WiFi,evening,0
101601,2025-04-27 19:45:38.387677,1117,5893,190.08,send,Mumbai,mobile,0,4G,evening,0
101602,2025-04-27 21:30:46.849169,1666,5405,679.6,send,Delhi,mobile,0,5G,evening,0
101603,2025-04-27 23:15:55.310662,1937,5608,217.8,merchant_payment,Chennai,mobile,0,4G,evening,0
101604,2025-04-28 01:01:03.772154,1803,5675,1253.36,merchant_payment,Mumbai,tablet,0,4G,night,0
101605,2025-04-28 02:46:12.233646,1575,5591,1471.62,send,Hyderabad,mobile,0,5G,night,0
101606,2025-04-28 04:31:20.695139,1244,5517,285.27,receive,Pune,mobile,0,WiFi,night,0
101607,2025-04-28 06:16:29.156631,1537,5828,229.63,merchant_payment,Delhi,mobile,0,WiFi,morning,0
101608,2025-04-28 08:01:37.618123,1602,5120,374.36,send,Hyderabad,mobile,0,5G,morning,0
101609,2025-04-28 09:46:46.079615,1075,5814,546.76,merchant_payment,Hyderabad,mobile,0,WiFi,morning,0
101610,2025-04-28 11:31:54.541108,1806,5690,675.08,merchant_payment,Delhi,mobile,0,5G,morning,0
101611,2025-04-28 13:17:03.002600,1386,5688,51.79,send,Chennai,mobile,1,5G,afternoon,1
101612,2025-04-28 15:02:11.464092,1903,5902,187.27,send,Kolkata,mobile,0,5G,afternoon,0
101613,2025-04-28 16:47:19.925585,1210,5217,328.95,send,Bangalore,tablet,0,5G,afternoon,0
101614,2025-04-28 18:32:28.387077,1475,5056,222.07,send,Bangalore,mobile,0,5G,evening,0
101615,2025-04-28 20:17:36.848569,1418,5366,28.09,receive,Kolkata,tablet,1,4G,evening,0
101616,2025-04-28 22:02:45.310062,1347,5699,74.56,merchant_payment,Ahmedabad,mobile,0,WiFi,evening,0
101617,2025-04-28 23:47:53.771554,1529,5504,133.57,receive,Delhi,mobile,0,4G,evening,0
101618,2025-04-29 01:33:02.233046,1640,5744,439.1,send,Bangalore,mobile,0,4G,night,0
101619,2025-04-29 03:18:10.694538,1939,5767,318.56,merchant_payment,Kolkata,mobile,0,5G,night,0
101620,2025-04-29 05:03:19.156031,1955,5925,262.02,merchant_payment,Mumbai,mobile,0,WiFi,night,0
101621,2025-04-29 06:48:27.617523,1876,5455,1092.82,merchant_payment,Kolkata,mobile,0,5G,morning,0
101622,2025-04-29 08:33:36.079015,1763,5104,1092.4,send,Ahmedabad,mobile,0,4G,morning,0
101623,2025-04-29 10:18:44.540508,1179,5077,572.45,merchant_payment,Chennai,mobile,0,5G,morning,0
101624,2025-04-29 12:03:53.002000,1182,5230,555.64,merchant_payment,Pune,mobile,0,WiFi,afternoon,0
101625,2025-04-29 13:49:01.463492,1664,5914,209.21,receive,Kolkata,mobile,0,5G,afternoon,0
101626,2025-04-29 15:34:09.924984,1025,5258,235.81,send,Hyderabad,tablet,0,5G,afternoon,0
101627,2025-04-29 17:19:18.386477,1967,5264,89.33,send,Hyderabad,mobile,0,5G,afternoon,0
101628,2025-04-29 19:04:26.847969,1180,5331,383.47,merchant_payment,Pune,mobile,0,4G,evening,0
101629,2025-04-29 20:49:35.309461,1710,5993,1081.11,send,Delhi,tablet,0,WiFi,evening,0
101630,2025-04-29 22:34:43.770954,1501,5182,1908.99,merchant_payment,Hyderabad,mobile,0,5G,evening,0
101631,2025-04-30 00:19:52.232446,1856,5893,385.76,merchant_payment,Mumbai,mobile,0,5G,night,1
101632,2025-04-30 02:05:00.693938,1161,5768,805.67,send,Kolkata,mobile,0,5G,night,0
101633,2025-04-30 03:50:09.155431,1177,5550,28.33,receive,Pune,mobile,0,WiFi,night,0
101634,2025-04-30 05:35:17.616923,1285,5688,319.6,send,Mumbai,mobile,0,4G,night,1
101635,2025-04-30 07:20:26.078415,1063,5027,312.2,send,Delhi,mobile,0,4G,morning,0
101636,2025-04-30 09:05:34.539907,1662,5276,2188.93,merchant_payment,Hyderabad,mobile,0,4G,morning,0
101637,2025-04-30 10:50:43.001400,1666,5652,729.92,merchant_payment,Pune,mobile,0,5G,morning,0
101638,2025-04-30 12:35:51.462892,1156,5299,807.75,send,Bangalore,mobile,0,5G,afternoon,0
101639,2025-04-30 14:20:59.924384,1882,5957,766.88,merchant_payment,Kolkata,mobile,0,5G,afternoon,0
101640,2025-04-30 16:06:08.385877,1469,5799,515.66,send,Bangalore,mobile,0,5G,afternoon,0
101641,2025-04-30 17:51:16.847369,1049,5091,2280.99,receive,Chennai,mobile,0,4G,afternoon,0
101642,2025-04-30 19:36:25.308861,1967,5480,49.14,receive,Delhi,mobile,0,4G,evening,0
101643,2025-04-30 21:21:33.770354,1849,5573,570.33,send,Chennai,mobile,0,4G,evening,0
101644,2025-04-30 23:06:42.231846,1084,5458,1525.08,merchant_payment,Bangalore,mobile,0,5G,evening,0
101645,2025-05-01 00:51:50.693338,1361,5451,74.34,merchant_payment,Bangalore,mobile,0,WiFi,night,0
101646,2025-05-01 02:36:59.154830,1689,5365,1139.01,receive,Bangalore,mobile,0,5G,night,1
101647,2025-05-01 04:22:07.616323,1148,5859,230.17,receive,Chennai,mobile,0,4G,night,0
101648,2025-05-01 06:07:16.077815,1630,5675,549.94,send,Pune,mobile,0,4G,morning,0
101649,2025-05-01 07:52:24.539307,1342,5351,225.8,send,Delhi,mobile,0,WiFi,morning,0
101650,2025-05-01 09:37:33.000800,1476,5655,1285.82,merchant_payment,Ahmedabad,mobile,0,4G,morning,0
101651,2025-05-01 11:22:41.462292,1063,5400,369.31,merchant_payment,Kolkata,mobile,0,4G,morning,0
101652,2025-05-01 13:07:49.923784,1701,5253,1148.02,merchant_payment,Ahmedabad,mobile,0,4G,afternoon,0
101653,2025-05-01 14:52:58.385277,1360,5781,761.53,send,Pune,mobile,1,5G,afternoon,0
101654,2025-05-01 16:38:06.846769,1561,5881,222.79,send,Kolkata,mobile,0,4G,afternoon,0
101655,2025-05-01 18:23:15.308261,1327,5803,813.92,send,Mumbai,mobile,0,4G,evening,0
101656,2025-05-01 20:08:23.769753,1769,5459,253.77,send,Ahmedabad,mobile,0,5G,evening,0
101657,2025-05-01 21:53:32.231246,1736,5699,525.38,receive,Mumbai,mobile,0,4G,evening,0
101658,2025-05-01 23:38:40.692738,1141,5917,362.64,receive,Ahmedabad,mobile,0,4G,evening,0
101659,2025-05-02 01:23:49.154230,1990,5499,1211.86,send,Bangalore,mobile,0,5G,night,0
101660,2025-05-02 03:08:57.615723,1215,5950,845.83,receive,Delhi,mobile,0,WiFi,night,1
101661,2025-05-02 04:54:06.077215,1435,5971,477.84,merchant_payment,Ahmedabad,tablet,0,4G,night,0
101662,2025-05-02 06:39:14.538707,1891,5926,248.21,send,Delhi,mobile,0,4G,morning,0
101663,2025-05-02 08:24:23.000200,1952,5508,138.52,merchant_payment,Hyderabad,mobile,0,4G,morning,0
101664,2025-05-02 10:09:31.461692,1723,5304,564.34,send,Hyderabad,mobile,0,5G,morning,0
101665,2025-05-02 11:54:39.923184,1318,5501,261.83,receive,Pune,mobile,0,WiFi,morning,0
101666,2025-05-02 13:39:48.384676,1032,5803,75.34,merchant_payment,Ahmedabad,mobile,0,4G,afternoon,0
101667,2025-05-02 15:24:56.846169,1670,5598,130.32,receive,Chennai,tablet,0,5G,afternoon,0
101668,2025-05-02 17:10:05.307661,1285,5166,2504.58,merchant_payment,Ahmedabad,mobile,0,4G,afternoon,0
101669,2025-05-02 18:55:13.769153,1305,5415,254.68,send,Ahmedabad,mobile,0,4G,evening,0
101670,2025-05-02 20:40:22.230646,1429,5462,1454.13,receive,Hyderabad,mobile,0,4G,evening,0
101671,2025-05-02 22:25:30.692138,1477,5920,344.93,receive,Pune,mobile,0,WiFi,evening,0
101672,2025-05-03 00:10:39.153630,1286,5114,1702.03,merchant_payment,Kolkata,mobile,0,5G,night,0
101673,2025-05-03 01:55:47.615123,1144,5433,1583.14,merchant_payment,Kolkata,mobile,0,4G,night,0
101674,2025-05-03 03:40:56.076615,1424,5992,215.79,merchant_payment,Pune,mobile,0,WiFi,night,0
101675,2025-05-03 05:26:04.538107,1019,5356,67.49,merchant_payment,Chennai,mobile,0,4G,night,0
101676,2025-05-03 07:11:12.999599,1018,5928,73.46,send,Mumbai,mobile,0,4G,morning,0
101677,2025-05-03 08:56:21.461092,1769,5695,219.5,send,Bangalore,mobile,0,WiFi,morning,0
101678,2025-05-03 10:41:29.922584,1590,5207,3260.5,receive,Delhi,mobile,0,4G,morning,0
101679,2025-05-03 12:26:38.384076,1371,5768,326.83,receive,Mumbai,mobile,0,WiFi,afternoon,1
101680,2025-05-03 14:11:46.845569,1175,5235,569.78,merchant_payment,Pune,mobile,0,5G,afternoon,0
101681,2025-05-03 15:56:55.307061,1194,5442,1814.09,send,Kolkata,mobile,1,WiFi,afternoon,0
101682,2025-05-03 17:42:03.768553,1502,5355,550.22,send,Mumbai,mobile,0,5G,afternoon,0
101683,2025-05-03 19:27:12.230046,1988,5515,531.6,receive,Chennai,mobile,0,4G,evening,0
101684,2025-05-03 21:12:20.691538,1113,5208,918.43,merchant_payment,Bangalore,mobile,0,WiFi,evening,0
101685,2025-05-03 22:57:29.153030,1114,5709,657.85,merchant_payment,Kolkata,tablet,0,4G,evening,1
101686,2025-05-04 00:42:37.614522,1222,5853,446.1,send,Chennai,mobile,0,5G,night,0
101687,2025-05-04 02:27:46.076015,1678,5125,239.5,send,Pune,mobile,0,5G,night,0
101688,2025-05-04 04:12:54.537507,1947,5138,532.98,send,Mumbai,mobile,1,5G,night,0
101689,2025-05-04 05:58:02.998999,1831,5339,1472.03,send,Delhi,mobile,0,5G,night,0
101690,2025-05-04 07:43:11.460492,1644,5537,2927.79,merchant_payment,Hyderabad,mobile,0,WiFi,morning,0
101691,2025-05-04 09:28:19.921984,1897,5068,660.02,send,Chennai,mobile,0,WiFi,morning,0
101692,2025-05-04 11:13:28.383476,1264,5573,1048.55,send,Kolkata,mobile,0,WiFi,morning,0
101693,2025-05-04 12:58:36.844968,1925,5541,645.31,send,Mumbai,mobile,0,4G,afternoon,0
101694,2025-05-04 14:43:45.306461,1055,5383,451.54,send,Hyderabad,tablet,1,WiFi,afternoon,0
101695,2025-05-04 16:28:53.767953,1871,5019,824.07,merchant_payment,Hyderabad,mobile,0,5G,afternoon,0
101696,2025-05-04 18:14:02.229445,1643,5683,1618.63,send,Mumbai,mobile,0,WiFi,evening,0
101697,2025-05-04 19:59:10.690938,1800,5450,203.09,send,Bangalore,mobile,0,WiFi,evening,0
101698,2025-05-04 21:44:19.152430,1778,5074,115.42,merchant_payment,Mumbai,mobile,1,4G,evening,0
101699,2025-05-04 23:29:27.613922,1458,5573,289.16,send,Kolkata,tablet,0,4G,evening,0
101700,2025-05-05 01:14:36.075415,1979,5939,608.9,merchant_payment,Pune,mobile,1,WiFi,night,0
101701,2025-05-05 02:59:44.536907,1878,5665,1176.0,send,Delhi,mobile,0,4G,night,0
101702,2025-05-05 04:44:52.998399,1162,5276,183.18,receive,Kolkata,mobile,0,5G,night,1
101703,2025-05-05 06:30:01.459891,1380,5048,40.91,send,Pune,mobile,0,WiFi,morning,0
101704,2025-05-05 08:15:09.921384,1993,5211,296.06,send,Hyderabad,mobile,0,4G,morning,0
101705,2025-05-05 10:00:18.382876,1087,5855,405.89,receive,Delhi,mobile,0,WiFi,morning,0
101706,2025-05-05 11:45:26.844368,1055,5920,154.12,send,Chennai,mobile,0,WiFi,morning,0
101707,2025-05-05 13:30:35.305861,1476,5651,231.34,receive,Hyderabad,mobile,0,4G,afternoon,0
101708,2025-05-05 15:15:43.767353,1800,5622,1172.96,send,Ahmedabad,tablet,0,5G,afternoon,0
101709,2025-05-05 17:00:52.228845,1178,5994,532.79,merchant_payment,Bangalore,mobile,0,4G,afternoon,0
101710,2025-05-05 18:46:00.690338,1391,5695,696.19,merchant_payment,Mumbai,mobile,1,5G,evening,0
101711,2025-05-05 20:31:09.151830,1349,5540,345.27,send,Chennai,mobile,0,5G,evening,0
101712,2025-05-05 22:16:17.613322,1008,5709,231.8,send,Ahmedabad,mobile,0,WiFi,evening,0
101713,2025-05-06 00:01:26.074814,1833,5191,342.78,merchant_payment,Kolkata,mobile,0,4G,night,0
101714,2025-05-06 01:46:34.536307,1313,5315,811.5,receive,Delhi,mobile,0,5G,night,1
101715,2025-05-06 03:31:42.997799,1759,5901,110.91,send,Chennai,tablet,0,5G,night,0
101716,2025-05-06 05:16:51.459291,1835,5563,2566.17,receive,Ahmedabad,mobile,0,4G,night,0
101717,2025-05-06 07:01:59.920784,1984,5661,875.56,send,Ahmedabad,mobile,0,WiFi,morning,0
101718,2025-05-06 08:47:08.382276,1983,5780,288.33,send,Ahmedabad,mobile,0,WiFi,morning,1
101719,2025-05-06 10:32:16.843768,1443,5562,1111.43,merchant_payment,Bangalore,mobile,0,5G,morning,1
101720,2025-05-06 12:17:25.305261,1767,5900,1672.96,merchant_payment,Mumbai,mobile,0,5G,afternoon,0
101721,2025-05-06 14:02:33.766753,1328,5758,354.13,merchant_payment,Chennai,mobile,0,5G,afternoon,0
101722,2025-05-06 15:47:42.228245,1054,5113,396.79,send,Kolkata,tablet,0,5G,afternoon,0
101723,2025-05-06 17:32:50.689737,1761,5170,2193.98,send,Delhi,mobile,0,4G,afternoon,0
101724,2025-05-06 19:17:59.151230,1239,5468,4100.95,merchant_payment,Chennai,mobile,0,5G,evening,0
101725,2025-05-06 21:03:07.612722,1229,5678,507.47,send,Mumbai,mobile,0,5G,evening,0
101726,2025-05-06 22:48:16.074214,1579,5921,154.75,send,Kolkata,mobile,0,5G,evening,0
101727,2025-05-07 00:33:24.535707,1051,5014,307.78,send,Chennai,mobile,0,4G,night,0
101728,2025-05-07 02:18:32.997199,1609,5715,1384.39,receive,Delhi,mobile,0,4G,night,0
101729,2025-05-07 04:03:41.458691,1604,5288,175.88,send,Mumbai,mobile,0,5G,night,0
101730,2025-05-07 05:48:49.920184,1264,5907,400.1,send,Bangalore,mobile,0,4G,night,0
101731,2025-05-07 07:33:58.381676,1418,5189,660.23,merchant_payment,Bangalore,mobile,0,4G,morning,1
101732,2025-05-07 09:19:06.843168,1803,5914,195.84,receive,Hyderabad,mobile,0,4G,morning,0
101733,2025-05-07 11:04:15.304660,1096,5155,1475.03,send,Chennai,mobile,0,5G,morning,0
101734,2025-05-07 12:49:23.766153,1088,5567,986.31,merchant_payment,Delhi,tablet,0,WiFi,afternoon,0
101735,2025-05-07 14:34:32.227645,1078,5694,3675.87,send,Chennai,mobile,0,WiFi,afternoon,0
101736,2025-05-07 16:19:40.689137,1288,5722,1076.49,send,Mumbai,mobile,0,4G,afternoon,0
101737,2025-05-07 18:04:49.150630,1120,5888,188.5,receive,Hyderabad,mobile,1,4G,evening,0
101738,2025-05-07 19:49:57.612122,1814,5471,837.46,send,Delhi,mobile,0,WiFi,evening,0
101739,2025-05-07 21:35:06.073614,1491,5075,1323.48,send,Chennai,mobile,0,WiFi,evening,0
101740,2025-05-07 23:20:14.535107,1912,5277,1393.37,merchant_payment,Delhi,mobile,0,4G,evening,1
101741,2025-05-08 01:05:22.996599,1452,5940,226.59,merchant_payment,Mumbai,mobile,0,WiFi,night,0
101742,2025-05-08 02:50:31.458091,1500,5645,201.07,receive,Hyderabad,mobile,0,4G,night,0
101743,2025-05-08 04:35:39.919583,1165,5343,157.65,send,Delhi,mobile,0,5G,night,0
101744,2025-05-08 06:20:48.381076,1182,5425,2452.18,send,Mumbai,mobile,0,4G,morning,0
101745,2025-05-08 08:05:56.842568,1469,5571,918.63,send,Bangalore,mobile,0,WiFi,morning,0
101746,2025-05-08 09:51:05.304060,1910,5511,216.76,send,Delhi,tablet,0,5G,morning,0
101747,2025-05-08 11:36:13.765553,1735,5857,559.58,send,Hyderabad,mobile,0,4G,morning,0
101748,2025-05-08 13:21:22.227045,1823,5182,435.42,receive,Pune,mobile,0,5G,afternoon,0
101749,2025-05-08 15:06:30.688537,1944,5458,186.31,send,Kolkata,mobile,0,4G,afternoon,0
101750,2025-05-08 16:51:39.150030,1978,5918,510.91,send,Kolkata,mobile,0,4G,afternoon,0
101751,2025-05-08 18:36:47.611522,1007,5851,596.27,receive,Delhi,mobile,0,4G,evening,0
101752,2025-05-08 20:21:56.073014,1330,5833,3399.06,send,Delhi,mobile,0,5G,evening,1
101753,2025-05-08 22:07:04.534506,1775,5064,255.78,merchant_payment,Mumbai,mobile,0,4G,evening,0
101754,2025-05-08 23:52:12.995999,1673,5839,89.17,send,Chennai,tablet,0,5G,evening,0
101755,2025-05-09 01:37:21.457491,1151,5260,172.61,merchant_payment,Kolkata,mobile,0,5G,night,0
101756,2025-05-09 03:22:29.918983,1085,5193,201.82,merchant_payment,Ahmedabad,mobile,0,5G,night,1
101757,2025-05-09 05:07:38.380476,1147,5655,321.52,merchant_payment,Chennai,mobile,0,4G,night,0
101758,2025-05-09 06:52:46.841968,1624,5616,173.04,send,Kolkata,mobile,0,4G,morning,0
101759,2025-05-09 08:37:55.303460,1381,5972,1121.16,merchant_payment,Delhi,mobile,1,4G,morning,0
101760,2025-05-09 10:23:03.764952,1915,5406,161.41,send,Ahmedabad,mobile,0,4G,morning,0
101761,2025-05-09 12:08:12.226445,1548,5726,502.71,send,Hyderabad,mobile,0,5G,afternoon,0
101762,2025-05-09 13:53:20.687937,1285,5754,3641.65,send,Hyderabad,mobile,0,WiFi,afternoon,0
101763,2025-05-09 15:38:29.149429,1700,5943,857.11,send,Pune,mobile,0,4G,afternoon,1
101764,2025-05-09 17:23:37.610922,1082,5721,773.37,send,Kolkata,mobile,0,5G,afternoon,0
101765,2025-05-09 19:08:46.072414,1514,5093,3156.81,send,Ahmedabad,mobile,0,4G,evening,0
101766,2025-05-09 20:53:54.533906,1897,5430,1712.4,send,Kolkata,mobile,0,4G,evening,0
101767,2025-05-09 22:39:02.995399,1815,5654,867.07,merchant_payment,Mumbai,tablet,0,5G,evening,0
101768,2025-05-10 00:24:11.456891,1709,5434,361.14,send,Delhi,mobile,0,5G,night,0
101769,2025-05-10 02:09:19.918383,1916,5404,481.69,receive,Delhi,mobile,0,WiFi,night,0
101770,2025-05-10 03:54:28.379875,1523,5434,458.84,merchant_payment,Pune,mobile,0,5G,night,0
101771,2025-05-10 05:39:36.841368,1746,5112,329.83,send,Chennai,mobile,0,4G,night,0
101772,2025-05-10 07:24:45.302860,1386,5929,609.13,receive,Mumbai,mobile,0,5G,morning,0
101773,2025-05-10 09:09:53.764352,1707,5375,699.77,merchant_payment,Bangalore,mobile,0,WiFi,morning,0
101774,2025-05-10 10:55:02.225845,1471,5059,141.94,send,Hyderabad,mobile,0,5G,morning,0
101775,2025-05-10 12:40:10.687337,1119,5043,2520.07,send,Hyderabad,tablet,0,WiFi,afternoon,0
101776,2025-05-10 14:25:19.148829,1396,5207,742.33,merchant_payment,Delhi,mobile,0,4G,afternoon,0
101777,2025-05-10 16:10:27.610322,1532,5780,378.88,merchant_payment,Pune,mobile,0,WiFi,afternoon,0
101778,2025-05-10 17:55:36.071814,1261,5296,614.73,receive,Ahmedabad,mobile,0,4G,afternoon,0
101779,2025-05-10 19:40:44.533306,1805,5118,1249.34,send,Mumbai,mobile,0,5G,evening,0
101780,2025-05-10 21:25:52.994798,1934,5532,113.67,merchant_payment,Bangalore,mobile,0,5G,evening,1
101781,2025-05-10 23:11:01.456291,1256,5222,443.61,send,Hyderabad,mobile,0,4G,evening,0
101782,2025-05-11 00:56:09.917783,1734,5166,150.53,send,Mumbai,tablet,0,WiFi,night,0
101783,2025-05-11 02:41:18.379275,1905,5643,7023.41,send,Bangalore,mobile,0,4G,night,0
101784,2025-05-11 04:26:26.840768,1226,5156,565.77,send,Kolkata,mobile,0,4G,night,0
101785,2025-05-11 06:11:35.302260,1053,5184,151.75,merchant_payment,Delhi,mobile,0,WiFi,morning,0
101786,2025-05-11 07:56:43.763752,1940,5090,18024.13,merchant_payment,Chennai,mobile,0,4G,morning,0
101787,2025-05-11 09:41:52.225245,1867,5094,288.29,merchant_payment,Hyderabad,mobile,0,4G,morning,0
101788,2025-05-11 11:27:00.686737,1500,5013,399.78,send,Hyderabad,mobile,0,5G,morning,0
101789,2025-05-11 13:12:09.148229,1506,5973,429.75,receive,Bangalore,mobile,1,5G,afternoon,0
101790,2025-05-11 14:57:17.609721,1854,5834,211.04,merchant_payment,Chennai,mobile,0,WiFi,afternoon,0
101791,2025-05-11 16:42:26.071214,1364,5805,631.03,send,Ahmedabad,tablet,0,5G,afternoon,0
101792,2025-05-11 18:27:34.532706,1280,5945,54.01,merchant_payment,Kolkata,mobile,0,WiFi,evening,0
101793,2025-05-11 20:12:42.994198,1593,5742,1459.57,merchant_payment,Mumbai,mobile,0,WiFi,evening,0
101794,2025-05-11 21:57:51.455691,1714,5834,159.52,receive,Delhi,mobile,0,5G,evening,0
101795,2025-05-11 23:42:59.917183,1158,5804,325.28,send,Mumbai,mobile,0,4G,evening,0
101796,2025-05-12 01:28:08.378675,1632,5438,1044.74,merchant_payment,Bangalore,mobile,0,5G,night,1
101797,2025-05-12 03:13:16.840168,1059,5538,401.63,merchant_payment,Ahmedabad,mobile,0,4G,night,0
101798,2025-05-12 04:58:25.301660,1727,5587,418.41,send,Ahmedabad,mobile,0,4G,night,0
101799,2025-05-12 06:43:33.763152,1128,5968,179.1,merchant_payment,Hyderabad,tablet,0,5G,morning,0
101800,2025-05-12 08:28:42.224644,1736,5876,4006.4,send,Kolkata,mobile,0,WiFi,morning,0
101801,2025-05-12 10:13:50.686137,1721,5936,838.39,receive,Hyderabad,mobile,0,4G,morning,0
101802,2025-05-12 11:58:59.147629,1882,5811,166.87,receive,Mumbai,mobile,0,4G,morning,0
101803,2025-05-12 13:44:07.609121,1115,5150,588.86,merchant_payment,Kolkata,mobile,0,5G,afternoon,0
101804,2025-05-12 15:29:16.070614,1209,5660,155.48,merchant_payment,Pune,mobile,0,4G,afternoon,0
101805,2025-05-12 17:14:24.532106,1526,5008,2758.42,send,Delhi,mobile,0,4G,afternoon,0
101806,2025-05-12 18:59:32.993598,1521,5029,601.63,send,Bangalore,mobile,0,5G,evening,0
101807,2025-05-12 20:44:41.455091,1552,5296,185.76,merchant_payment,Delhi,mobile,0,4G,evening,0
101808,2025-05-12 22:29:49.916583,1962,5986,989.89,send,Ahmedabad,mobile,0,4G,evening,0
101809,2025-05-13 00:14:58.378075,1237,5926,373.13,receive,Bangalore,mobile,0,WiFi,night,0
101810,2025-05-13 02:00:06.839567,1281,5721,135.88,send,Ahmedabad,mobile,0,5G,night,1
101811,2025-05-13 03:45:15.301060,1359,5640,721.29,send,Delhi,mobile,0,4G,night,1
101812,2025-05-13 05:30:23.762552,1201,5340,701.23,merchant_payment,Pune,mobile,0,5G,night,0
101813,2025-05-13 07:15:32.224044,1758,5628,1537.22,merchant_payment,Mumbai,mobile,0,4G,morning,0
101814,2025-05-13 09:00:40.685537,1278,5439,525.58,send,Chennai,mobile,0,WiFi,morning,0
101815,2025-05-13 10:45:49.147029,1235,5144,548.43,send,Kolkata,mobile,0,4G,morning,0
101816,2025-05-13 12:30:57.608521,1494,5942,578.32,send,Bangalore,mobile,0,WiFi,afternoon,0
101817,2025-05-13 14:16:06.070014,1004,5830,2429.12,send,Mumbai,mobile,1,WiFi,afternoon,0
101818,2025-05-13 16:01:14.531506,1666,5747,361.38,send,Hyderabad,mobile,0,5G,afternoon,0
101819,2025-05-13 17:46:22.992998,1442,5519,787.97,send,Hyderabad,mobile,0,4G,afternoon,0
101820,2025-05-13 19:31:31.454490,1029,5976,913.01,merchant_payment,Delhi,mobile,0,WiFi,evening,0
101821,2025-05-13 21:16:39.915983,1109,5045,699.09,merchant_payment,Ahmedabad,mobile,0,4G,evening,0
101822,2025-05-13 23:01:48.377475,1610,5955,347.96,send,Hyderabad,mobile,0,4G,evening,0
101823,2025-05-14 00:46:56.838967,1727,5239,555.91,merchant_payment,Ahmedabad,mobile,0,4G,night,0
101824,2025-05-14 02:32:05.300460,1805,5952,448.69,merchant_payment,Chennai,mobile,0,5G,night,0
101825,2025-05-14 04:17:13.761952,1075,5944,3495.43,send,Bangalore,mobile,0,4G,night,0
101826,2025-05-14 06:02:22.223444,1838,5155,311.76,send,Delhi,mobile,0,WiFi,morning,0
101827,2025-05-14 07:47:30.684936,1146,5181,197.83,receive,Bangalore,tablet,0,4G,morning,0
101828,2025-05-14 09:32:39.146429,1128,5215,489.7,send,Bangalore,mobile,0,WiFi,morning,0
101829,2025-05-14 11:17:47.607921,1853,5088,456.37,merchant_payment,Pune,mobile,1,4G,morning,0
101830,2025-05-14 13:02:56.069413,1042,5256,599.95,merchant_payment,Mumbai,mobile,0,4G,afternoon,1
101831,2025-05-14 14:48:04.530906,1356,5511,311.86,receive,Hyderabad,mobile,0,4G,afternoon,0
101832,2025-05-14 16:33:12.992398,1041,5073,550.25,merchant_payment,Kolkata,mobile,0,WiFi,afternoon,0
101833,2025-05-14 18:18:21.453890,1934,5931,560.94,merchant_payment,Bangalore,mobile,0,4G,evening,0
101834,2025-05-14 20:03:29.915383,1034,5179,1219.25,send,Ahmedabad,mobile,0,5G,evening,0
101835,2025-05-14 21:48:38.376875,1017,5212,540.78,send,Chennai,mobile,0,4G,evening,0
101836,2025-05-14 23:33:46.838367,1677,5805,545.92,merchant_payment,Pune,mobile,0,WiFi,evening,0
101837,2025-05-15 01:18:55.299859,1153,5234,825.79,merchant_payment,Ahmedabad,mobile,0,4G,night,0
101838,2025-05-15 03:04:03.761352,1998,5465,1173.39,merchant_payment,Chennai,mobile,0,4G,night,0
101839,2025-05-15 04:49:12.222844,1378,5751,184.26,merchant_payment,Ahmedabad,mobile,0,5G,night,0
101840,2025-05-15 06:34:20.684336,1588,5223,140.85,send,Kolkata,mobile,0,4G,morning,0
101841,2025-05-15 08:19:29.145829,1599,5631,2685.12,send,Hyderabad,mobile,0,5G,morning,0
101842,2025-05-15 10:04:37.607321,1629,5825,996.33,send,Hyderabad,mobile,0,4G,morning,0
101843,2025-05-15 11:49:46.068813,1874,5264,395.68,send,Delhi,tablet,0,5G,morning,0
101844,2025-05-15 13:34:54.530306,1342,5207,502.55,merchant_payment,Delhi,mobile,1,4G,afternoon,0
101845,2025-05-15 15:20:02.991798,1981,5607,332.77,merchant_payment,Ahmedabad,mobile,0,4G,afternoon,0
101846,2025-05-15 17:05:11.453290,1027,5885,608.67,merchant_payment,Delhi,tablet,1,5G,afternoon,0
101847,2025-05-15 18:50:19.914782,1825,5734,186.45,receive,Hyderabad,tablet,0,4G,evening,1
101848,2025-05-15 20:35:28.376275,1287,5366,1141.58,send,Bangalore,mobile,0,5G,evening,0
101849,2025-05-15 22:20:36.837767,1646,5276,587.25,send,Ahmedabad,mobile,0,5G,evening,0
101850,2025-05-16 00:05:45.299259,1731,5380,608.88,send,Mumbai,mobile,0,WiFi,night,0
101851,2025-05-16 01:50:53.760752,1168,5743,201.55,merchant_payment,Kolkata,tablet,0,4G,night,1
101852,2025-05-16 03:36:02.222244,1610,5309,832.36,send,Pune,mobile,0,5G,night,1
101853,2025-05-16 05:21:10.683736,1268,5631,206.24,merchant_payment,Kolkata,mobile,0,4G,night,0
101854,2025-05-16 07:06:19.145229,1749,5268,246.62,merchant_payment,Kolkata,mobile,0,4G,morning,0
101855,2025-05-16 08:51:27.606721,1821,5945,537.87,send,Delhi,mobile,0,5G,morning,0
101856,2025-05-16 10:36:36.068213,1455,5785,6047.09,send,Mumbai,tablet,0,4G,morning,0
101857,2025-05-16 12:21:44.529705,1906,5064,584.91,merchant_payment,Chennai,mobile,0,5G,afternoon,0
101858,2025-05-16 14:06:52.991198,1685,5810,37.76,send,Hyderabad,tablet,0,5G,afternoon,0
101859,2025-05-16 15:52:01.452690,1401,5350,259.17,merchant_payment,Chennai,mobile,0,5G,afternoon,0
101860,2025-05-16 17:37:09.914182,1922,5925,976.26,receive,Delhi,tablet,0,4G,afternoon,0
101861,2025-05-16 19:22:18.375675,1981,5915,159.42,send,Bangalore,mobile,0,4G,evening,0
101862,2025-05-16 21:07:26.837167,1476,5494,1131.28,receive,Pune,mobile,0,4G,evening,0
101863,2025-05-16 22:52:35.298659,1702,5523,577.56,send,Pune,tablet,1,4G,evening,1
101864,2025-05-17 00:37:43.760152,1634,5098,1327.86,merchant_payment,Delhi,mobile,0,4G,night,0
101865,2025-05-17 02:22:52.221644,1558,5946,281.79,send,Mumbai,mobile,0,4G,night,0
101866,2025-05-17 04:08:00.683136,1576,5071,260.66,merchant_payment,Pune,mobile,0,5G,night,0
101867,2025-05-17 05:53:09.144628,1130,5364,866.95,merchant_payment,Delhi,mobile,0,4G,night,0
101868,2025-05-17 07:38:17.606121,1822,5570,489.05,merchant_payment,Kolkata,mobile,0,5G,morning,0
101869,2025-05-17 09:23:26.067613,1363,5802,460.35,send,Bangalore,mobile,1,WiFi,morning,1
101870,2025-05-17 11:08:34.529105,1705,5763,2366.03,receive,Bangalore,mobile,0,4G,morning,0
101871,2025-05-17 12:53:42.990598,1819,5276,901.57,receive,Hyderabad,mobile,0,4G,afternoon,0
101872,2025-05-17 14:38:51.452090,1693,5050,67.36,receive,Hyderabad,mobile,0,5G,afternoon,0
101873,2025-05-17 16:23:59.913582,1292,5358,1095.61,merchant_payment,Kolkata,mobile,0,4G,afternoon,0
101874,2025-05-17 18:09:08.375075,1371,5728,991.25,receive,Ahmedabad,mobile,1,5G,evening,0
101875,2025-05-17 19:54:16.836567,1794,5906,1611.48,merchant_payment,Ahmedabad,mobile,0,4G,evening,0
101876,2025-05-17 21:39:25.298059,1029,5928,192.54,send,Bangalore,tablet,0,4G,evening,0
101877,2025-05-17 23:24:33.759551,1149,5564,681.85,merchant_payment,Ahmedabad,mobile,0,4G,evening,0
101878,2025-05-18 01:09:42.221044,1779,5783,550.94,send,Kolkata,mobile,0,4G,night,0
101879,2025-05-18 02:54:50.682536,1296,5485,189.12,merchant_payment,Bangalore,mobile,0,4G,night,0
101880,2025-05-18 04:39:59.144028,1011,5084,1269.99,merchant_payment,Ahmedabad,mobile,0,4G,night,0
101881,2025-05-18 06:25:07.605521,1512,5899,387.01,send,Ahmedabad,mobile,1,4G,morning,0
101882,2025-05-18 08:10:16.067013,1676,5805,1560.45,receive,Ahmedabad,mobile,0,5G,morning,0
101883,2025-05-18 09:55:24.528505,1113,5638,234.43,merchant_payment,Mumbai,mobile,0,4G,morning,0
101884,2025-05-18 11:40:32.989998,1187,5808,114.37,send,Ahmedabad,mobile,0,WiFi,morning,0
101885,2025-05-18 13:25:41.451490,1807,5584,386.62,receive,Ahmedabad,mobile,0,4G,afternoon,0
101886,2025-05-18 15:10:49.912982,1744,5296,621.36,send,Delhi,mobile,0,4G,afternoon,0
101887,2025-05-18 16:55:58.374474,1227,5236,288.82,merchant_payment,Hyderabad,tablet,0,4G,afternoon,0
101888,2025-05-18 18:41:06.835967,1310,5056,23.0,merchant_payment,Mumbai,mobile,0,5G,evening,1
101889,2025-05-18 20:26:15.297459,1098,5919,723.17,merchant_payment,Pune,mobile,0,5G,evening,0
101890,2025-05-18 22:11:23.758951,1055,5360,719.81,merchant_payment,Ahmedabad,mobile,0,4G,evening,0
101891,2025-05-18 23:56:32.220444,1623,5907,979.62,merchant_payment,Ahmedabad,mobile,0,4G,evening,0
101892,2025-05-19 01:41:40.681936,1664,5110,336.81,send,Delhi,mobile,0,WiFi,night,1
101893,2025-05-19 03:26:49.143428,1758,5192,318.92,send,Ahmedabad,mobile,0,WiFi,night,0
101894,2025-05-19 05:11:57.604920,1406,5904,2080.41,receive,Ahmedabad,mobile,0,4G,night,0
101895,2025-05-19 06:57:06.066413,1069,5093,101.96,merchant_payment,Ahmedabad,mobile,0,5G,morning,0
101896,2025-05-19 08:42:14.527905,1312,5862,384.86,merchant_payment,Hyderabad,mobile,0,4G,morning,0
101897,2025-05-19 10:27:22.989397,1289,5568,568.1,receive,Pune,mobile,0,4G,morning,0
101898,2025-05-19 12:12:31.450890,1762,5060,903.27,merchant_payment,Kolkata,mobile,0,5G,afternoon,0
101899,2025-05-19 13:57:39.912382,1548,5650,583.92,send,Pune,mobile,0,5G,afternoon,0
101900,2025-05-19 15:42:48.373874,1751,5039,195.98,merchant_payment,Mumbai,mobile,0,4G,afternoon,0
101901,2025-05-19 17:27:56.835367,1148,5540,1583.85,send,Ahmedabad,mobile,1,WiFi,afternoon,0
101902,2025-05-19 19:13:05.296859,1467,5049,493.69,send,Chennai,tablet,0,5G,evening,1
101903,2025-05-19 20:58:13.758351,1739,5420,92.94,receive,Pune,mobile,0,4G,evening,0
101904,2025-05-19 22:43:22.219843,1244,5637,607.39,merchant_payment,Chennai,mobile,0,4G,evening,1
101905,2025-05-20 00:28:30.681336,1491,5013,792.57,receive,Hyderabad,mobile,0,5G,night,0
101906,2025-05-20 02:13:39.142828,1849,5992,3500.79,receive,Mumbai,mobile,0,4G,night,0
101907,2025-05-20 03:58:47.604320,1958,5036,741.56,merchant_payment,Pune,mobile,0,5G,night,0
101908,2025-05-20 05:43:56.065813,1507,5101,111.94,merchant_payment,Ahmedabad,mobile,0,4G,night,0
101909,2025-05-20 07:29:04.527305,1365,5794,115.94,merchant_payment,Delhi,mobile,0,4G,morning,0
101910,2025-05-20 09:14:12.988797,1482,5086,1734.91,send,Pune,mobile,0,WiFi,morning,0
101911,2025-05-20 10:59:21.450290,1201,5516,220.79,merchant_payment,Ahmedabad,mobile,0,WiFi,morning,0
101912,2025-05-20 12:44:29.911782,1154,5223,104.63,receive,Delhi,mobile,0,5G,afternoon,0
101913,2025-05-20 14:29:38.373274,1450,5338,1340.12,merchant_payment,Mumbai,mobile,0,5G,afternoon,0
101914,2025-05-20 16:14:46.834766,1501,5960,306.21,merchant_payment,Chennai,mobile,0,5G,afternoon,0
101915,2025-05-20 17:59:55.296259,1073,5166,1270.31,send,Mumbai,mobile,0,5G,afternoon,0
101916,2025-05-20 19:45:03.757751,1713,5383,197.41,send,Ahmedabad,mobile,1,4G,evening,1
101917,2025-05-20 21:30:12.219243,1296,5856,2151.27,merchant_payment,Chennai,mobile,0,4G,evening,0
101918,2025-05-20 23:15:20.680736,1017,5895,1178.58,receive,Chennai,mobile,0,5G,evening,0
101919,2025-05-21 01:00:29.142228,1641,5376,239.2,merchant_payment,Kolkata,mobile,0,4G,night,0
101920,2025-05-21 02:45:37.603720,1217,5471,93.65,receive,Kolkata,tablet,0,4G,night,0
101921,2025-05-21 04:30:46.065213,1061,5790,4940.21,send,Delhi,mobile,0,5G,night,0
101922,2025-05-21 06:15:54.526705,1939,5642,399.33,send,Hyderabad,mobile,0,4G,morning,0
101923,2025-05-21 08:01:02.988197,1616,5031,229.81,merchant_payment,Bangalore,mobile,0,4G,morning,0
101924,2025-05-21 09:46:11.449689,1042,5375,1971.02,send,Mumbai,mobile,0,4G,morning,0
101925,2025-05-21 11:31:19.911182,1025,5011,1268.71,merchant_payment,Chennai,mobile,0,4G,morning,0
101926,2025-05-21 13:16:28.372674,1039,5988,1608.08,send,Ahmedabad,mobile,0,WiFi,afternoon,0
101927,2025-05-21 15:01:36.834166,1803,5302,446.52,merchant_payment,Mumbai,mobile,0,5G,afternoon,1
101928,2025-05-21 16:46:45.295659,1131,5096,3232.64,send,Hyderabad,mobile,0,WiFi,afternoon,0
101929,2025-05-21 18:31:53.757151,1498,5190,132.87,send,Ahmedabad,mobile,0,5G,evening,0
101930,2025-05-21 20:17:02.218643,1229,5453,283.71,merchant_payment,Hyderabad,mobile,0,5G,evening,0
101931,2025-05-21 22:02:10.680136,1108,5192,727.69,receive,Bangalore,tablet,0,5G,evening,0
101932,2025-05-21 23:47:19.141628,1172,5486,1584.64,send,Ahmedabad,tablet,0,4G,evening,0
101933,2025-05-22 01:32:27.603120,1435,5266,954.47,merchant_payment,Pune,mobile,0,5G,night,1
101934,2025-05-22 03:17:36.064612,1478,5424,453.56,send,Bangalore,mobile,0,5G,night,0
101935,2025-05-22 05:02:44.526105,1102,5128,306.39,send,Chennai,mobile,1,WiFi,night,1
101936,2025-05-22 06:47:52.987597,1866,5238,1593.22,send,Kolkata,mobile,0,WiFi,morning,0
101937,2025-05-22 08:33:01.449089,1524,5920,1058.28,send,Pune,mobile,0,4G,morning,0
101938,2025-05-22 10:18:09.910582,1275,5355,205.51,receive,Bangalore,mobile,0,4G,morning,0
101939,2025-05-22 12:03:18.372074,1613,5940,199.48,send,Kolkata,mobile,0,5G,afternoon,0
101940,2025-05-22 13:48:26.833566,1044,5112,285.58,merchant_payment,Pune,tablet,0,4G,afternoon,0
101941,2025-05-22 15:33:35.295059,1955,5828,251.2,send,Kolkata,tablet,0,4G,afternoon,0
101942,2025-05-22 17:18:43.756551,1817,5446,1380.0,merchant_payment,Chennai,mobile,1,4G,afternoon,0
101943,2025-05-22 19:03:52.218043,1957,5343,761.84,send,Ahmedabad,tablet,0,4G,evening,0
101944,2025-05-22 20:49:00.679535,1017,5145,860.74,send,Delhi,mobile,0,4G,evening,0
101945,2025-05-22 22:34:09.141028,1330,5065,596.85,send,Ahmedabad,mobile,0,5G,evening,0
101946,2025-05-23 00:19:17.602520,1569,5247,625.64,merchant_payment,Kolkata,mobile,0,WiFi,night,0
101947,2025-05-23 02:04:26.064012,1823,5735,101.31,receive,Ahmedabad,mobile,0,4G,night,0
101948,2025-05-23 03:49:34.525505,1497,5991,1090.27,merchant_payment,Chennai,mobile,0,4G,night,0
101949,2025-05-23 05:34:42.986997,1815,5490,280.48,receive,Bangalore,tablet,0,5G,night,0
101950,2025-05-23 07:19:51.448489,1012,5825,476.68,merchant_payment,Mumbai,mobile,0,4G,morning,0
101951,2025-05-23 09:04:59.909981,1318,5439,306.99,receive,Bangalore,mobile,0,WiFi,morning,0
101952,2025-05-23 10:50:08.371474,1592,5106,570.13,send,Ahmedabad,mobile,0,4G,morning,0
101953,2025-05-23 12:35:16.832966,1216,5181,874.01,send,Hyderabad,mobile,0,WiFi,afternoon,0
101954,2025-05-23 14:20:25.294458,1339,5184,179.67,receive,Bangalore,mobile,0,4G,afternoon,0
101955,2025-05-23 16:05:33.755951,1776,5226,634.44,receive,Delhi,mobile,0,WiFi,afternoon,0
101956,2025-05-23 17:50:42.217443,1991,5777,314.5,send,Chennai,mobile,0,5G,afternoon,0
101957,2025-05-23 19:35:50.678935,1661,5790,1847.26,merchant_payment,Kolkata,mobile,0,WiFi,evening,0
101958,2025-05-23 21:20:59.140428,1081,5909,161.64,receive,Hyderabad,mobile,0,5G,evening,0
101959,2025-05-23 23:06:07.601920,1727,5089,180.82,receive,Chennai,mobile,0,5G,evening,0
101960,2025-05-24 00:51:16.063412,1485,5688,343.93,send,Chennai,mobile,0,5G,night,0
101961,2025-05-24 02:36:24.524904,1374,5530,195.26,receive,Kolkata,mobile,0,5G,night,0
101962,2025-05-24 04:21:32.986397,1976,5371,393.71,send,Pune,mobile,0,WiFi,night,0
101963,2025-05-24 06:06:41.447889,1710,5972,290.65,send,Bangalore,tablet,0,4G,morning,0
101964,2025-05-24 07:51:49.909381,1200,5936,538.3,merchant_payment,Mumbai,mobile,0,4G,morning,1
101965,2025-05-24 09:36:58.370874,1537,5913,1350.29,send,Pune,tablet,0,4G,morning,0
101966,2025-05-24 11:22:06.832366,1466,5399,529.15,send,Hyderabad,tablet,0,4G,morning,0
101967,2025-05-24 13:07:15.293858,1089,5106,579.61,send,Kolkata,tablet,0,WiFi,afternoon,0
101968,2025-05-24 14:52:23.755351,1268,5271,171.17,send,Delhi,mobile,0,4G,afternoon,0
101969,2025-05-24 16:37:32.216843,1655,5975,430.93,send,Delhi,mobile,0,5G,afternoon,0
101970,2025-05-24 18:22:40.678335,1571,5831,323.19,send,Mumbai,mobile,0,5G,evening,0
101971,2025-05-24 20:07:49.139827,1922,5503,974.22,receive,Mumbai,mobile,0,WiFi,evening,0
101972,2025-05-24 21:52:57.601320,1489,5679,229.39,receive,Bangalore,mobile,0,5G,evening,0
101973,2025-05-24 23:38:06.062812,1877,5525,208.38,merchant_payment,Delhi,mobile,0,4G,evening,0
101974,2025-05-25 01:23:14.524304,1538,5849,676.84,send,Hyderabad,tablet,0,WiFi,night,0
101975,2025-05-25 03:08:22.985797,1047,5032,3569.22,send,Ahmedabad,mobile,0,4G,night,0
101976,2025-05-25 04:53:31.447289,1288,5393,413.25,receive,Kolkata,mobile,0,5G,night,0
101977,2025-05-25 06:38:39.908781,1778,5040,583.01,send,Mumbai,mobile,0,4G,morning,0
101978,2025-05-25 08:23:48.370274,1016,5660,1271.59,merchant_payment,Mumbai,mobile,0,4G,morning,0
101979,2025-05-25 10:08:56.831766,1711,5218,820.49,receive,Mumbai,mobile,0,WiFi,morning,0
101980,2025-05-25 11:54:05.293258,1401,5731,825.9,send,Ahmedabad,mobile,0,5G,morning,0
101981,2025-05-25 13:39:13.754750,1919,5981,448.01,merchant_payment,Kolkata,mobile,0,4G,afternoon,1
101982,2025-05-25 15:24:22.216243,1794,5082,456.81,send,Hyderabad,mobile,0,5G,afternoon,0
101983,2025-05-25 17:09:30.677735,1981,5845,231.56,merchant_payment,Delhi,mobile,0,5G,afternoon,0
101984,2025-05-25 18:54:39.139227,1086,5720,801.41,merchant_payment,Ahmedabad,mobile,0,4G,evening,0
101985,2025-05-25 20:39:47.600720,1250,5201,783.33,receive,Ahmedabad,mobile,0,5G,evening,0
101986,2025-05-25 22:24:56.062212,1391,5447,1009.45,send,Pune,mobile,0,5G,evening,0
101987,2025-05-26 00:10:04.523704,1782,5844,302.44,send,Hyderabad,mobile,1,WiFi,night,1
101988,2025-05-26 01:55:12.985197,1335,5428,1130.18,send,Kolkata,mobile,0,5G,night,0
101989,2025-05-26 03:40:21.446689,1629,5038,1530.48,send,Hyderabad,mobile,0,5G,night,0
101990,2025-05-26 05:25:29.908181,1519,5211,146.36,receive,Bangalore,mobile,0,4G,night,1
101991,2025-05-26 07:10:38.369673,1137,5444,366.18,merchant_payment,Pune,mobile,0,4G,morning,0
101992,2025-05-26 08:55:46.831166,1883,5327,1595.63,send,Kolkata,mobile,0,4G,morning,0
101993,2025-05-26 10:40:55.292658,1688,5761,257.35,merchant_payment,Pune,mobile,0,WiFi,morning,0
101994,2025-05-26 12:26:03.754150,1840,5227,836.11,merchant_payment,Pune,mobile,0,4G,afternoon,0
101995,2025-05-26 14:11:12.215643,1498,5048,496.99,merchant_payment,Mumbai,mobile,0,4G,afternoon,0
101996,2025-05-26 15:56:20.677135,1827,5018,686.0,send,Delhi,mobile,1,5G,afternoon,1
101997,2025-05-26 17:41:29.138627,1727,5912,512.37,send,Pune,mobile,0,4G,afternoon,0
101998,2025-05-26 19:26:37.600120,1477,5439,1039.16,merchant_payment,Bangalore,mobile,0,WiFi,evening,0
101999,2025-05-26 21:11:46.061612,1594,5807,177.41,merchant_payment,Bangalore,mobile,0,4G,evening,0
102000,2025-05-26 22:56:54.523104,1223,5708,197.69,merchant_payment,Kolkata,mobile,0,5G,evening,0
102001,2025-05-27 00:42:02.984596,1990,5187,2131.36,merchant_payment,Chennai,mobile,0,4G,night,0
102002,2025-05-27 02:27:11.446089,1372,5345,4025.33,send,Ahmedabad,mobile,0,4G,night,1
102003,2025-05-27 04:12:19.907581,1935,5224,490.09,receive,Mumbai,mobile,0,WiFi,night,0
102004,2025-05-27 05:57:28.369073,1995,5830,2738.78,send,Delhi,mobile,0,5G,night,0
102005,2025-05-27 07:42:36.830566,1402,5488,227.74,receive,Delhi,tablet,0,4G,morning,0
102006,2025-05-27 09:27:45.292058,1443,5909,289.57,receive,Delhi,mobile,0,4G,morning,0
102007,2025-05-27 11:12:53.753550,1490,5877,2116.43,merchant_payment,Ahmedabad,tablet,0,4G,morning,0
102008,2025-05-27 12:58:02.215043,1615,5849,1101.15,merchant_payment,Kolkata,mobile,0,4G,afternoon,0
102009,2025-05-27 14:43:10.676535,1273,5229,2456.34,merchant_payment,Mumbai,mobile,0,5G,afternoon,1
102010,2025-05-27 16:28:19.138027,1526,5390,787.26,send,Pune,mobile,0,5G,afternoon,1
102011,2025-05-27 18:13:27.599519,1159,5979,179.01,send,Pune,tablet,0,4G,evening,0
102012,2025-05-27 19:58:36.061012,1152,5589,616.2,merchant_payment,Kolkata,mobile,0,4G,evening,0
102013,2025-05-27 21:43:44.522504,1995,5188,1639.26,send,Delhi,mobile,0,5G,evening,0
102014,2025-05-27 23:28:52.983996,1620,5858,431.5,send,Ahmedabad,mobile,0,4G,evening,0
102015,2025-05-28 01:14:01.445489,1188,5270,370.02,send,Pune,mobile,0,5G,night,0
102016,2025-05-28 02:59:09.906981,1813,5607,799.39,receive,Hyderabad,mobile,1,5G,night,0
102017,2025-05-28 04:44:18.368473,1098,5310,281.6,send,Hyderabad,mobile,0,4G,night,1
102018,2025-05-28 06:29:26.829965,1131,5132,662.16,merchant_payment,Ahmedabad,mobile,0,4G,morning,0
102019,2025-05-28 08:14:35.291458,1805,5551,525.05,merchant_payment,Ahmedabad,mobile,0,4G,morning,1
102020,2025-05-28 09:59:43.752950,1171,5072,301.75,merchant_payment,Mumbai,tablet,0,5G,morning,1
102021,2025-05-28 11:44:52.214442,1936,5793,1313.88,send,Delhi,mobile,0,5G,morning,0
102022,2025-05-28 13:30:00.675935,1986,5845,940.1,merchant_payment,Kolkata,tablet,0,5G,afternoon,1
102023,2025-05-28 15:15:09.137427,1183,5672,345.96,merchant_payment,Ahmedabad,mobile,0,WiFi,afternoon,0
102024,2025-05-28 17:00:17.598919,1983,5187,485.43,merchant_payment,Ahmedabad,mobile,0,5G,afternoon,0
102025,2025-05-28 18:45:26.060412,1364,5486,375.67,merchant_payment,Chennai,mobile,0,5G,evening,0
102026,2025-05-28 20:30:34.521904,1039,5191,260.17,merchant_payment,Ahmedabad,mobile,0,4G,evening,0
102027,2025-05-28 22:15:42.983396,1527,5422,90.17,send,Chennai,mobile,0,4G,evening,0
102028,2025-05-29 00:00:51.444888,1888,5120,303.74,merchant_payment,Chennai,mobile,0,4G,night,0
102029,2025-05-29 01:45:59.906381,1497,5220,264.01,send,Hyderabad,mobile,0,5G,night,0
102030,2025-05-29 03:31:08.367873,1516,5053,552.74,send,Kolkata,mobile,1,4G,night,0
102031,2025-05-29 05:16:16.829365,1349,5734,765.63,merchant_payment,Chennai,mobile,0,5G,night,1
102032,2025-05-29 07:01:25.290858,1982,5451,220.92,send,Delhi,mobile,0,5G,morning,0
102033,2025-05-29 08:46:33.752350,1921,5412,715.87,send,Delhi,tablet,0,4G,morning,0
102034,2025-05-29 10:31:42.213842,1397,5643,189.38,merchant_payment,Chennai,mobile,0,5G,morning,0
102035,2025-05-29 12:16:50.675335,1722,5237,434.72,merchant_payment,Bangalore,mobile,0,4G,afternoon,0
102036,2025-05-29 14:01:59.136827,1161,5758,269.77,send,Chennai,mobile,0,5G,afternoon,0
102037,2025-05-29 15:47:07.598319,1016,5738,1039.17,merchant_payment,Bangalore,mobile,0,5G,afternoon,0
102038,2025-05-29 17:32:16.059811,1493,5720,553.78,send,Mumbai,mobile,0,5G,afternoon,0
102039,2025-05-29 19:17:24.521304,1426,5406,441.35,send,Mumbai,tablet,0,4G,evening,0
102040,2025-05-29 21:02:32.982796,1108,5608,263.68,send,Delhi,mobile,0,4G,evening,0
102041,2025-05-29 22:47:41.444288,1894,5422,354.66,send,Kolkata,mobile,0,4G,evening,0
102042,2025-05-30 00:32:49.905781,1450,5712,3068.86,send,Hyderabad,mobile,0,4G,night,0
102043,2025-05-30 02:17:58.367273,1311,5247,298.54,send,Kolkata,mobile,1,WiFi,night,1
102044,2025-05-30 04:03:06.828765,1739,5072,795.85,merchant_payment,Delhi,tablet,0,4G,night,0
102045,2025-05-30 05:48:15.290258,1170,5830,440.25,merchant_payment,Delhi,mobile,0,WiFi,night,0
102046,2025-05-30 07:33:23.751750,1546,5185,773.42,merchant_payment,Kolkata,mobile,0,WiFi,morning,0
102047,2025-05-30 09:18:32.213242,1414,5006,1137.94,merchant_payment,Hyderabad,mobile,0,4G,morning,1
102048,2025-05-30 11:03:40.674734,1251,5206,345.86,send,Delhi,mobile,0,4G,morning,0
102049,2025-05-30 12:48:49.136227,1759,5544,1002.02,merchant_payment,Pune,mobile,0,5G,afternoon,0
102050,2025-05-30 14:33:57.597719,1781,5611,7759.24,merchant_payment,Pune,mobile,1,4G,afternoon,1
102051,2025-05-30 16:19:06.059211,1141,5906,869.17,send,Hyderabad,mobile,0,5G,afternoon,0
102052,2025-05-30 18:04:14.520704,1274,5387,2473.98,send,Delhi,tablet,0,4G,evening,0
102053,2025-05-30 19:49:22.982196,1416,5768,797.15,merchant_payment,Pune,mobile,0,4G,evening,0
102054,2025-05-30 21:34:31.443688,1608,5699,194.03,merchant_payment,Mumbai,mobile,0,4G,evening,0
102055,2025-05-30 23:19:39.905181,1739,5076,649.17,merchant_payment,Bangalore,mobile,0,4G,evening,0
102056,2025-05-31 01:04:48.366673,1891,5177,354.11,send,Delhi,mobile,0,5G,night,0
102057,2025-05-31 02:49:56.828165,1039,5827,271.53,send,Bangalore,mobile,0,WiFi,night,0
102058,2025-05-31 04:35:05.289657,1814,5799,458.25,receive,Chennai,mobile,0,4G,night,0
102059,2025-05-31 06:20:13.751150,1029,5349,422.1,receive,Pune,tablet,0,5G,morning,0
102060,2025-05-31 08:05:22.212642,1958,5255,170.73,send,Delhi,mobile,1,4G,morning,0
102061,2025-05-31 09:50:30.674134,1477,5837,7394.28,send,Mumbai,mobile,0,4G,morning,0
102062,2025-05-31 11:35:39.135627,1318,5702,1105.3,receive,Hyderabad,mobile,0,5G,morning,0
102063,2025-05-31 13:20:47.597119,1245,5308,629.16,merchant_payment,Mumbai,tablet,0,5G,afternoon,0
102064,2025-05-31 15:05:56.058611,1748,5345,539.09,send,Bangalore,mobile,0,4G,afternoon,0
102065,2025-05-31 16:51:04.520104,1697,5127,1639.83,receive,Hyderabad,mobile,0,5G,afternoon,0
102066,2025-05-31 18:36:12.981596,1272,5937,3926.76,merchant_payment,Mumbai,mobile,0,5G,evening,0
102067,2025-05-31 20:21:21.443088,1440,5287,977.59,merchant_payment,Mumbai,mobile,0,4G,evening,0
102068,2025-05-31 22:06:29.904580,1748,5766,556.24,send,Mumbai,tablet,0,5G,evening,0
102069,2025-05-31 23:51:38.366073,1239,5725,2148.76,send,Kolkata,mobile,0,4G,evening,0
102070,2025-06-01 01:36:46.827565,1377,5762,568.14,merchant_payment,Ahmedabad,mobile,0,5G,night,1
102071,2025-06-01 03:21:55.289057,1266,5596,761.52,send,Hyderabad,mobile,0,5G,night,0
102072,2025-06-01 05:07:03.750550,1926,5487,1340.79,merchant_payment,Mumbai,mobile,0,4G,night,0
102073,2025-06-01 06:52:12.212042,1921,5383,334.8,receive,Ahmedabad,mobile,0,5G,morning,0
102074,2025-06-01 08:37:20.673534,1359,5406,61.82,send,Pune,mobile,0,5G,morning,0
102075,2025-06-01 10:22:29.135027,1340,5388,318.91,merchant_payment,Pune,mobile,0,5G,morning,0
102076,2025-06-01 12:07:37.596519,1389,5525,1067.42,merchant_payment,Mumbai,mobile,0,4G,afternoon,0
102077,2025-06-01 13:52:46.058011,1577,5557,994.81,receive,Bangalore,mobile,0,5G,afternoon,0
102078,2025-06-01 15:37:54.519503,1990,5639,1886.86,send,Mumbai,mobile,0,4G,afternoon,1
102079,2025-06-01 17:23:02.980996,1689,5938,331.35,merchant_payment,Pune,tablet,0,5G,afternoon,0
102080,2025-06-01 19:08:11.442488,1003,5626,2394.49,send,Mumbai,mobile,0,5G,evening,0
102081,2025-06-01 20:53:19.903980,1429,5945,592.92,receive,Chennai,mobile,0,4G,evening,0
102082,2025-06-01 22:38:28.365473,1142,5276,901.82,merchant_payment,Ahmedabad,mobile,0,4G,evening,0
102083,2025-06-02 00:23:36.826965,1376,5500,1216.35,send,Hyderabad,tablet,0,WiFi,night,0
102084,2025-06-02 02:08:45.288457,1670,5717,123.76,merchant_payment,Chennai,mobile,0,5G,night,1
102085,2025-06-02 03:53:53.749949,1324,5337,180.39,merchant_payment,Ahmedabad,mobile,0,WiFi,night,0
102086,2025-06-02 05:39:02.211442,1146,5950,174.5,send,Ahmedabad,mobile,0,4G,night,0
102087,2025-06-02 07:24:10.672934,1958,5932,1439.74,send,Kolkata,mobile,0,5G,morning,1
102088,2025-06-02 09:09:19.134426,1293,5481,363.05,merchant_payment,Bangalore,mobile,1,5G,morning,1
102089,2025-06-02 10:54:27.595919,1665,5897,3742.77,send,Ahmedabad,tablet,0,5G,morning,0
102090,2025-06-02 12:39:36.057411,1432,5911,494.42,send,Chennai,mobile,0,5G,afternoon,0
102091,2025-06-02 14:24:44.518903,1705,5973,113.14,merchant_payment,Kolkata,mobile,0,4G,afternoon,0
102092,2025-06-02 16:09:52.980396,1949,5273,251.54,merchant_payment,Delhi,mobile,0,5G,afternoon,0
102093,2025-06-02 17:55:01.441888,1975,5920,554.12,merchant_payment,Hyderabad,mobile,0,5G,afternoon,0
102094,2025-06-02 19:40:09.903380,1585,5058,824.84,send,Mumbai,mobile,0,4G,evening,0
102095,2025-06-02 21:25:18.364872,1399,5328,184.04,send,Chennai,mobile,0,4G,evening,0
102096,2025-06-02 23:10:26.826365,1817,5731,869.99,send,Chennai,mobile,0,5G,evening,0
102097,2025-06-03 00:55:35.287857,1889,5109,1136.31,merchant_payment,Mumbai,mobile,0,4G,night,0
102098,2025-06-03 02:40:43.749349,1344,5279,259.58,receive,Mumbai,mobile,0,4G,night,0
102099,2025-06-03 04:25:52.210842,1964,5686,3530.37,send,Bangalore,mobile,0,5G,night,0
102100,2025-06-03 06:11:00.672334,1140,5328,289.26,send,Chennai,mobile,0,4G,morning,0
102101,2025-06-03 07:56:09.133826,1187,5776,181.29,receive,Chennai,mobile,0,4G,morning,0
102102,2025-06-03 09:41:17.595319,1805,5315,106.78,receive,Pune,mobile,0,5G,morning,0
102103,2025-06-03 11:26:26.056811,1061,5474,1670.1,send,Ahmedabad,mobile,0,4G,morning,0
102104,2025-06-03 13:11:34.518303,1997,5111,504.15,merchant_payment,Delhi,mobile,0,5G,afternoon,0
102105,2025-06-03 14:56:42.979795,1939,5699,305.12,send,Pune,mobile,0,4G,afternoon,0
102106,2025-06-03 16:41:51.441288,1380,5781,112.83,merchant_payment,Kolkata,tablet,0,WiFi,afternoon,0
102107,2025-06-03 18:26:59.902780,1710,5935,333.87,merchant_payment,Delhi,mobile,0,4G,evening,0
102108,2025-06-03 20:12:08.364272,1807,5229,5331.81,receive,Pune,mobile,0,4G,evening,0
102109,2025-06-03 21:57:16.825765,1440,5497,57.71,send,Chennai,mobile,0,5G,evening,0
102110,2025-06-03 23:42:25.287257,1319,5156,262.0,send,Delhi,mobile,0,4G,evening,1
102111,2025-06-04 01:27:33.748749,1302,5473,2959.52,merchant_payment,Chennai,mobile,1,5G,night,1
102112,2025-06-04 03:12:42.210242,1344,5701,1718.1,send,Hyderabad,mobile,0,5G,night,0
102113,2025-06-04 04:57:50.671734,1011,5272,278.49,merchant_payment,Bangalore,mobile,0,5G,night,0
102114,2025-06-04 06:42:59.133226,1062,5887,604.01,merchant_payment,Delhi,mobile,0,4G,morning,0
102115,2025-06-04 08:28:07.594718,1845,5002,782.85,merchant_payment,Chennai,tablet,0,WiFi,morning,0
102116,2025-06-04 10:13:16.056211,1226,5758,563.31,receive,Delhi,mobile,0,5G,morning,0
102117,2025-06-04 11:58:24.517703,1153,5722,2934.96,merchant_payment,Ahmedabad,mobile,0,4G,morning,0
102118,2025-06-04 13:43:32.979195,1711,5511,692.12,merchant_payment,Ahmedabad,mobile,0,4G,afternoon,0
102119,2025-06-04 15:28:41.440688,1564,5913,1533.82,send,Kolkata,mobile,0,5G,afternoon,0
102120,2025-06-04 17:13:49.902180,1772,5286,590.87,send,Bangalore,mobile,0,WiFi,afternoon,0
102121,2025-06-04 18:58:58.363672,1571,5871,64.56,send,Hyderabad,mobile,0,4G,evening,0
102122,2025-06-04 20:44:06.825165,1584,5013,149.54,send,Mumbai,mobile,0,WiFi,evening,0
102123,2025-06-04 22:29:15.286657,1660,5608,184.03,merchant_payment,Ahmedabad,mobile,0,5G,evening,0
102124,2025-06-05 00:14:23.748149,1861,5498,384.03,receive,Mumbai,mobile,0,4G,night,1
102125,2025-06-05 01:59:32.209641,1575,5733,3937.94,merchant_payment,Delhi,mobile,0,5G,night,0
102126,2025-06-05 03:44:40.671134,1310,5238,707.98,merchant_payment,Chennai,mobile,0,4G,night,0
102127,2025-06-05 05:29:49.132626,1885,5094,443.28,merchant_payment,Kolkata,mobile,0,WiFi,night,0
102128,2025-06-05 07:14:57.594118,1243,5338,1700.3,receive,Ahmedabad,mobile,0,5G,morning,0
102129,2025-06-05 09:00:06.055611,1493,5781,115.37,send,Bangalore,mobile,0,4G,morning,0
102130,2025-06-05 10:45:14.517103,1366,5171,301.96,merchant_payment,Hyderabad,mobile,0,WiFi,morning,0
102131,2025-06-05 12:30:22.978595,1330,5981,260.52,send,Hyderabad,mobile,0,4G,afternoon,0
102132,2025-06-05 14:15:31.440088,1107,5606,733.66,receive,Ahmedabad,tablet,0,WiFi,afternoon,0
102133,2025-06-05 16:00:39.901580,1226,5661,1206.93,send,Ahmedabad,mobile,0,4G,afternoon,0
102134,2025-06-05 17:45:48.363072,1825,5624,789.57,merchant_payment,Pune,mobile,0,5G,afternoon,0
102135,2025-06-05 19:30:56.824564,1218,5567,802.17,merchant_payment,Hyderabad,mobile,0,5G,evening,0
102136,2025-06-05 21:16:05.286057,1937,5849,343.4,receive,Mumbai,mobile,0,5G,evening,0
102137,2025-06-05 23:01:13.747549,1753,5936,679.09,receive,Bangalore,mobile,0,4G,evening,0
102138,2025-06-06 00:46:22.209041,1506,5467,212.76,merchant_payment,Pune,mobile,0,WiFi,night,0
102139,2025-06-06 02:31:30.670534,1259,5628,966.94,send,Mumbai,mobile,0,4G,night,0
102140,2025-06-06 04:16:39.132026,1888,5143,298.69,send,Delhi,mobile,0,4G,night,0
102141,2025-06-06 06:01:47.593518,1774,5201,160.53,merchant_payment,Hyderabad,mobile,0,4G,morning,0
102142,2025-06-06 07:46:56.055011,1517,5180,511.74,send,Bangalore,mobile,0,5G,morning,0
102143,2025-06-06 09:32:04.516503,1773,5714,72.74,receive,Ahmedabad,mobile,0,5G,morning,0
102144,2025-06-06 11:17:12.977995,1054,5364,2152.47,receive,Hyderabad,mobile,0,5G,morning,0
102145,2025-06-06 13:02:21.439487,1047,5479,1093.46,send,Mumbai,mobile,0,WiFi,afternoon,0
102146,2025-06-06 14:47:29.900980,1727,5565,690.19,send,Mumbai,mobile,0,WiFi,afternoon,0
102147,2025-06-06 16:32:38.362472,1689,5471,97.16,send,Mumbai,mobile,0,4G,afternoon,0
102148,2025-06-06 18:17:46.823964,1521,5384,244.65,send,Hyderabad,mobile,0,5G,evening,1
102149,2025-06-06 20:02:55.285457,1099,5692,513.14,receive,Bangalore,mobile,0,4G,evening,0
102150,2025-06-06 21:48:03.746949,1020,5926,378.76,merchant_payment,Bangalore,mobile,0,WiFi,evening,0
102151,2025-06-06 23:33:12.208441,1890,5417,91.05,merchant_payment,Delhi,mobile,0,WiFi,evening,0
102152,2025-06-07 01:18:20.669933,1753,5825,132.1,send,Hyderabad,mobile,0,WiFi,night,0
102153,2025-06-07 03:03:29.131426,1573,5308,371.26,merchant_payment,Delhi,mobile,0,5G,night,0
102154,2025-06-07 04:48:37.592918,1891,5649,136.55,send,Kolkata,mobile,0,5G,night,1
102155,2025-06-07 06:33:46.054410,1490,5694,1941.83,receive,Delhi,mobile,0,4G,morning,0
102156,2025-06-07 08:18:54.515903,1419,5367,807.98,receive,Delhi,mobile,0,4G,morning,0
102157,2025-06-07 10:04:02.977395,1690,5001,220.64,receive,Delhi,mobile,0,4G,morning,0
102158,2025-06-07 11:49:11.438887,1850,5044,1586.29,merchant_payment,Ahmedabad,mobile,0,WiFi,morning,0
102159,2025-06-07 13:34:19.900380,1062,5739,1296.87,send,Mumbai,mobile,0,5G,afternoon,0
102160,2025-06-07 15:19:28.361872,1145,5843,657.84,send,Kolkata,mobile,0,WiFi,afternoon,0
102161,2025-06-07 17:04:36.823364,1216,5098,473.62,merchant_payment,Pune,mobile,0,WiFi,afternoon,0
102162,2025-06-07 18:49:45.284856,1003,5720,365.6,send,Ahmedabad,mobile,0,WiFi,evening,0
102163,2025-06-07 20:34:53.746349,1160,5265,287.17,send,Delhi,mobile,0,5G,evening,1
102164,2025-06-07 22:20:02.207841,1739,5800,129.44,send,Bangalore,mobile,0,4G,evening,0
102165,2025-06-08 00:05:10.669333,1998,5783,2271.8,send,Delhi,mobile,0,4G,night,0
102166,2025-06-08 01:50:19.130826,1781,5140,292.8,receive,Mumbai,mobile,0,5G,night,0
102167,2025-06-08 03:35:27.592318,1120,5481,506.84,receive,Ahmedabad,mobile,0,4G,night,0
102168,2025-06-08 05:20:36.053810,1893,5237,198.29,send,Chennai,mobile,0,4G,night,0
102169,2025-06-08 07:05:44.515303,1089,5974,380.14,send,Pune,mobile,0,5G,morning,0
102170,2025-06-08 08:50:52.976795,1329,5953,8525.16,merchant_payment,Kolkata,mobile,0,WiFi,morning,0
102171,2025-06-08 10:36:01.438287,1580,5904,238.41,merchant_payment,Chennai,mobile,0,WiFi,morning,0
102172,2025-06-08 12:21:09.899779,1910,5072,2097.7,merchant_payment,Chennai,mobile,0,4G,afternoon,0
102173,2025-06-08 14:06:18.361272,1357,5667,479.24,merchant_payment,Kolkata,mobile,1,WiFi,afternoon,1
102174,2025-06-08 15:51:26.822764,1610,5190,972.57,merchant_payment,Hyderabad,mobile,0,5G,afternoon,0
102175,2025-06-08 17:36:35.284256,1267,5268,1710.57,merchant_payment,Pune,mobile,0,5G,afternoon,0
102176,2025-06-08 19:21:43.745749,1617,5321,646.95,receive,Ahmedabad,tablet,1,4G,evening,0
102177,2025-06-08 21:06:52.207241,1952,5107,346.64,send,Pune,mobile,0,5G,evening,0
102178,2025-06-08 22:52:00.668733,1323,5232,409.08,receive,Bangalore,mobile,0,5G,evening,0
102179,2025-06-09 00:37:09.130226,1635,5042,423.08,send,Mumbai,mobile,0,5G,night,0
102180,2025-06-09 02:22:17.591718,1988,5702,3179.15,merchant_payment,Kolkata,mobile,0,4G,night,0
102181,2025-06-09 04:07:26.053210,1541,5883,111.71,receive,Ahmedabad,mobile,0,WiFi,night,0
102182,2025-06-09 05:52:34.514702,1649,5139,83.87,merchant_payment,Chennai,mobile,0,WiFi,night,0
102183,2025-06-09 07:37:42.976195,1195,5615,89.65,send,Mumbai,mobile,0,WiFi,morning,0
102184,2025-06-09 09:22:51.437687,1921,5683,201.56,receive,Mumbai,mobile,0,4G,morning,0
102185,2025-06-09 11:07:59.899179,1738,5863,992.36,send,Hyderabad,mobile,0,4G,morning,0
102186,2025-06-09 12:53:08.360672,1332,5273,1055.13,send,Chennai,tablet,1,4G,afternoon,0
102187,2025-06-09 14:38:16.822164,1170,5481,268.41,send,Delhi,mobile,0,5G,afternoon,0
102188,2025-06-09 16:23:25.283656,1521,5416,478.91,send,Mumbai,mobile,0,WiFi,afternoon,0
102189,2025-06-09 18:08:33.745149,1463,5506,161.37,receive,Chennai,tablet,0,4G,evening,0
102190,2025-06-09 19:53:42.206641,1040,5733,177.05,receive,Pune,mobile,0,WiFi,evening,0
102191,2025-06-09 21:38:50.668133,1537,5725,879.95,merchant_payment,Mumbai,mobile,0,5G,evening,0
102192,2025-06-09 23:23:59.129625,1261,5853,1404.85,send,Hyderabad,mobile,0,4G,evening,0
102193,2025-06-10 01:09:07.591118,1395,5424,305.88,send,Hyderabad,tablet,0,4G,night,0
102194,2025-06-10 02:54:16.052610,1955,5407,2527.57,merchant_payment,Delhi,mobile,0,4G,night,0
102195,2025-06-10 04:39:24.514102,1226,5568,1294.14,receive,Hyderabad,mobile,0,5G,night,0
102196,2025-06-10 06:24:32.975595,1984,5390,2420.49,receive,Ahmedabad,tablet,0,4G,morning,0
102197,2025-06-10 08:09:41.437087,1124,5342,364.7,receive,Chennai,mobile,0,5G,morning,0
102198,2025-06-10 09:54:49.898579,1975,5946,2254.51,merchant_payment,Kolkata,mobile,0,5G,morning,1
102199,2025-06-10 11:39:58.360072,1038,5614,4357.02,send,Hyderabad,mobile,0,5G,morning,0
102200,2025-06-10 13:25:06.821564,1328,5933,326.19,send,Kolkata,mobile,0,4G,afternoon,0
102201,2025-06-10 15:10:15.283056,1251,5493,422.35,merchant_payment,Delhi,mobile,0,5G,afternoon,0
102202,2025-06-10 16:55:23.744548,1901,5192,191.0,send,Pune,mobile,0,4G,afternoon,0
102203,2025-06-10 18:40:32.206041,1176,5499,156.93,merchant_payment,Bangalore,mobile,0,WiFi,evening,0
102204,2025-06-10 20:25:40.667533,1602,5822,158.77,send,Mumbai,mobile,0,5G,evening,0
102205,2025-06-10 22:10:49.129025,1914,5712,218.88,receive,Ahmedabad,mobile,0,4G,evening,0
102206,2025-06-10 23:55:57.590518,1454,5233,648.55,merchant_payment,Mumbai,mobile,0,5G,evening,0
102207,2025-06-11 01:41:06.052010,1037,5945,228.33,send,Chennai,mobile,0,5G,night,0
102208,2025-06-11 03:26:14.513502,1316,5227,629.02,merchant_payment,Delhi,mobile,0,4G,night,1
102209,2025-06-11 05:11:22.974995,1688,5371,642.16,merchant_payment,Delhi,mobile,0,4G,night,0
102210,2025-06-11 06:56:31.436487,1973,5139,307.93,receive,Delhi,mobile,0,5G,morning,0
102211,2025-06-11 08:41:39.897979,1796,5856,462.83,merchant_payment,Mumbai,mobile,0,4G,morning,0
102212,2025-06-11 10:26:48.359471,1965,5817,290.64,send,Hyderabad,mobile,0,4G,morning,0
102213,2025-06-11 12:11:56.820964,1973,5149,361.14,merchant_payment,Mumbai,mobile,0,5G,afternoon,0
102214,2025-06-11 13:57:05.282456,1593,5115,219.45,send,Mumbai,mobile,0,5G,afternoon,0
102215,2025-06-11 15:42:13.743948,1114,5450,535.98,send,Mumbai,tablet,0,WiFi,afternoon,0
102216,2025-06-11 17:27:22.205441,1040,5063,270.28,send,Pune,mobile,0,4G,afternoon,0
102217,2025-06-11 19:12:30.666933,1301,5104,153.54,send,Pune,mobile,0,4G,evening,0
102218,2025-06-11 20:57:39.128425,1224,5851,891.97,send,Hyderabad,mobile,0,5G,evening,0
102219,2025-06-11 22:42:47.589917,1318,5871,922.69,merchant_payment,Bangalore,tablet,0,5G,evening,0
102220,2025-06-12 00:27:56.051410,1349,5668,1497.72,merchant_payment,Chennai,mobile,0,5G,night,1
102221,2025-06-12 02:13:04.512902,1115,5273,176.9,send,Bangalore,mobile,0,4G,night,1
102222,2025-06-12 03:58:12.974394,1698,5006,304.62,send,Bangalore,mobile,0,4G,night,0
102223,2025-06-12 05:43:21.435887,1323,5147,620.48,merchant_payment,Mumbai,mobile,0,5G,night,0
102224,2025-06-12 07:28:29.897379,1568,5184,298.26,send,Ahmedabad,mobile,0,5G,morning,0
102225,2025-06-12 09:13:38.358871,1040,5998,872.11,send,Bangalore,mobile,0,4G,morning,0
102226,2025-06-12 10:58:46.820364,1866,5028,810.73,receive,Mumbai,mobile,0,4G,morning,0
102227,2025-06-12 12:43:55.281856,1040,5962,795.76,send,Mumbai,mobile,0,WiFi,afternoon,0
102228,2025-06-12 14:29:03.743348,1859,5550,2121.05,send,Chennai,mobile,0,WiFi,afternoon,0
102229,2025-06-12 16:14:12.204840,1973,5119,938.31,merchant_payment,Delhi,mobile,0,4G,afternoon,0
102230,2025-06-12 17:59:20.666333,1749,5293,574.72,receive,Mumbai,mobile,0,4G,afternoon,0
102231,2025-06-12 19:44:29.127825,1289,5371,406.05,send,Pune,mobile,0,4G,evening,0
102232,2025-06-12 21:29:37.589317,1262,5244,435.34,merchant_payment,Bangalore,mobile,0,4G,evening,0
102233,2025-06-12 23:14:46.050810,1216,5580,170.0,receive,Chennai,mobile,0,4G,evening,0
102234,2025-06-13 00:59:54.512302,1147,5726,84.29,send,Kolkata,mobile,0,4G,night,0
102235,2025-06-13 02:45:02.973794,1336,5218,783.49,send,Kolkata,mobile,0,5G,night,0
102236,2025-06-13 04:30:11.435287,1168,5177,1675.11,send,Kolkata,mobile,0,5G,night,0
102237,2025-06-13 06:15:19.896779,1092,5299,354.21,send,Bangalore,mobile,0,WiFi,morning,0
102238,2025-06-13 08:00:28.358271,1353,5676,2409.31,send,Delhi,mobile,0,5G,morning,0
102239,2025-06-13 09:45:36.819763,1571,5058,413.02,send,Hyderabad,mobile,0,4G,morning,0
102240,2025-06-13 11:30:45.281256,1571,5269,69.84,send,Ahmedabad,mobile,0,4G,morning,0
102241,2025-06-13 13:15:53.742748,1816,5308,1234.29,merchant_payment,Delhi,mobile,0,WiFi,afternoon,0
102242,2025-06-13 15:01:02.204240,1681,5570,305.12,merchant_payment,Ahmedabad,mobile,0,WiFi,afternoon,0
102243,2025-06-13 16:46:10.665733,1781,5288,1351.24,receive,Chennai,mobile,0,5G,afternoon,0
102244,2025-06-13 18:31:19.127225,1363,5977,137.34,merchant_payment,Delhi,mobile,0,4G,evening,0
102245,2025-06-13 20:16:27.588717,1557,5105,744.0,merchant_payment,Kolkata,mobile,0,WiFi,evening,0
102246,2025-06-13 22:01:36.050210,1345,5228,221.3,receive,Delhi,tablet,0,4G,evening,0
102247,2025-06-13 23:46:44.511702,1693,5247,602.69,send,Chennai,mobile,0,4G,evening,0
102248,2025-06-14 01:31:52.973194,1170,5700,1060.62,send,Chennai,mobile,0,WiFi,night,1
102249,2025-06-14 03:17:01.434686,1356,5494,840.84,merchant_payment,Kolkata,mobile,0,WiFi,night,0
102250,2025-06-14 05:02:09.896179,1191,5083,528.14,send,Pune,mobile,0,5G,night,0
102251,2025-06-14 06:47:18.357671,1667,5186,124.16,send,Bangalore,mobile,0,4G,morning,0
102252,2025-06-14 08:32:26.819163,1422,5252,1022.85,receive,Ahmedabad,mobile,0,5G,morning,0
102253,2025-06-14 10:17:35.280656,1700,5355,1382.2,merchant_payment,Mumbai,mobile,0,5G,morning,0
102254,2025-06-14 12:02:43.742148,1007,5750,173.64,merchant_payment,Hyderabad,mobile,0,5G,afternoon,0
102255,2025-06-14 13:47:52.203640,1133,5872,201.13,send,Hyderabad,mobile,0,5G,afternoon,0
102256,2025-06-14 15:33:00.665133,1747,5696,1441.67,send,Kolkata,mobile,0,WiFi,afternoon,0
102257,2025-06-14 17:18:09.126625,1557,5796,400.04,merchant_payment,Pune,tablet,0,4G,afternoon,0
102258,2025-06-14 19:03:17.588117,1826,5897,206.41,send,Hyderabad,mobile,0,4G,evening,0
102259,2025-06-14 20:48:26.049609,1761,5938,647.13,send,Delhi,mobile,0,4G,evening,0
102260,2025-06-14 22:33:34.511102,1031,5210,260.21,receive,Chennai,mobile,0,5G,evening,0
102261,2025-06-15 00:18:42.972594,1535,5816,578.85,merchant_payment,Ahmedabad,mobile,0,5G,night,0
102262,2025-06-15 02:03:51.434086,1426,5808,325.97,merchant_payment,Pune,tablet,0,5G,night,0
102263,2025-06-15 03:48:59.895579,1394,5609,355.13,merchant_payment,Chennai,mobile,0,4G,night,0
102264,2025-06-15 05:34:08.357071,1672,5447,1495.77,send,Kolkata,mobile,0,WiFi,night,0
102265,2025-06-15 07:19:16.818563,1363,5460,41.74,send,Chennai,mobile,0,4G,morning,0
102266,2025-06-15 09:04:25.280056,1437,5968,858.13,send,Ahmedabad,mobile,0,4G,morning,0
102267,2025-06-15 10:49:33.741548,1670,5472,1268.32,merchant_payment,Mumbai,mobile,0,5G,morning,0
102268,2025-06-15 12:34:42.203040,1551,5720,264.54,receive,Chennai,mobile,0,4G,afternoon,0
102269,2025-06-15 14:19:50.664532,1927,5370,1258.61,send,Chennai,mobile,1,5G,afternoon,0
102270,2025-06-15 16:04:59.126025,1082,5900,188.85,merchant_payment,Pune,mobile,0,4G,afternoon,1
102271,2025-06-15 17:50:07.587517,1356,5934,254.68,send,Ahmedabad,mobile,0,4G,afternoon,0
102272,2025-06-15 19:35:16.049009,1258,5492,226.97,receive,Delhi,mobile,0,4G,evening,0
102273,2025-06-15 21:20:24.510502,1718,5923,1275.75,merchant_payment,Bangalore,mobile,0,4G,evening,0
102274,2025-06-15 23:05:32.971994,1589,5137,86.06,send,Hyderabad,mobile,0,4G,evening,0
102275,2025-06-16 00:50:41.433486,1989,5367,2540.58,send,Delhi,mobile,0,4G,night,0
102276,2025-06-16 02:35:49.894978,1524,5912,363.24,send,Delhi,mobile,0,5G,night,1
102277,2025-06-16 04:20:58.356471,1295,5184,911.34,send,Delhi,mobile,1,4G,night,1
102278,2025-06-16 06:06:06.817963,1962,5588,836.07,send,Hyderabad,tablet,0,5G,morning,0
102279,2025-06-16 07:51:15.279455,1224,5287,573.2,merchant_payment,Kolkata,mobile,0,5G,morning,0
102280,2025-06-16 09:36:23.740948,1525,5472,270.24,send,Delhi,mobile,0,WiFi,morning,0
102281,2025-06-16 11:21:32.202440,1046,5375,1706.79,merchant_payment,Bangalore,mobile,0,WiFi,morning,0
102282,2025-06-16 13:06:40.663932,1667,5654,294.46,send,Kolkata,mobile,0,4G,afternoon,0
102283,2025-06-16 14:51:49.125425,1113,5749,237.16,send,Chennai,mobile,0,4G,afternoon,0
102284,2025-06-16 16:36:57.586917,1233,5537,1185.25,send,Bangalore,mobile,0,5G,afternoon,0
102285,2025-06-16 18:22:06.048409,1017,5511,570.06,merchant_payment,Pune,mobile,0,5G,evening,0
102286,2025-06-16 20:07:14.509901,1360,5802,1915.67,send,Ahmedabad,mobile,0,4G,evening,0
102287,2025-06-16 21:52:22.971394,1223,5579,462.82,merchant_payment,Kolkata,mobile,0,5G,evening,1
102288,2025-06-16 23:37:31.432886,1866,5250,257.01,merchant_payment,Chennai,mobile,0,5G,evening,0
102289,2025-06-17 01:22:39.894378,1700,5920,648.55,merchant_payment,Chennai,mobile,0,5G,night,0
102290,2025-06-17 03:07:48.355871,1448,5510,314.94,merchant_payment,Delhi,mobile,0,5G,night,1
102291,2025-06-17 04:52:56.817363,1856,5630,264.56,send,Delhi,mobile,0,4G,night,0
102292,2025-06-17 06:38:05.278855,1365,5073,1132.17,merchant_payment,Hyderabad,mobile,0,4G,morning,0
102293,2025-06-17 08:23:13.740348,1675,5282,3076.52,merchant_payment,Mumbai,mobile,0,4G,morning,0
102294,2025-06-17 10:08:22.201840,1326,5916,385.11,merchant_payment,Bangalore,mobile,0,4G,morning,0
102295,2025-06-17 11:53:30.663332,1467,5960,185.91,send,Hyderabad,mobile,0,WiFi,morning,0
102296,2025-06-17 13:38:39.124824,1414,5360,422.65,receive,Hyderabad,mobile,0,4G,afternoon,0
102297,2025-06-17 15:23:47.586317,1455,5010,824.52,send,Bangalore,mobile,0,4G,afternoon,0
102298,2025-06-17 17:08:56.047809,1586,5211,637.45,send,Ahmedabad,mobile,0,4G,afternoon,0
102299,2025-06-17 18:54:04.509301,1233,5835,1626.57,merchant_payment,Kolkata,mobile,0,5G,evening,0
102300,2025-06-17 20:39:12.970794,1224,5152,958.23,merchant_payment,Pune,mobile,0,5G,evening,0
102301,2025-06-17 22:24:21.432286,1994,5005,163.46,receive,Bangalore,mobile,0,5G,evening,0
102302,2025-06-18 00:09:29.893778,1831,5195,300.87,merchant_payment,Chennai,mobile,0,WiFi,night,1
102303,2025-06-18 01:54:38.355271,1412,5954,123.86,send,Pune,mobile,0,5G,night,0
102304,2025-06-18 03:39:46.816763,1572,5283,1547.94,send,Ahmedabad,mobile,0,4G,night,0
102305,2025-06-18 05:24:55.278255,1335,5464,67.23,receive,Mumbai,mobile,0,5G,night,0
102306,2025-06-18 07:10:03.739747,1222,5113,136.55,send,Ahmedabad,mobile,0,WiFi,morning,0
102307,2025-06-18 08:55:12.201240,1037,5271,295.36,merchant_payment,Kolkata,mobile,0,4G,morning,0
102308,2025-06-18 10:40:20.662732,1989,5163,866.03,send,Delhi,mobile,0,4G,morning,0
102309,2025-06-18 12:25:29.124224,1278,5460,292.47,send,Mumbai,mobile,0,5G,afternoon,0
102310,2025-06-18 14:10:37.585717,1196,5105,341.99,receive,Mumbai,mobile,0,4G,afternoon,0
102311,2025-06-18 15:55:46.047209,1916,5693,348.79,send,Ahmedabad,mobile,0,5G,afternoon,0
102312,2025-06-18 17:40:54.508701,1864,5556,585.69,merchant_payment,Delhi,mobile,0,WiFi,afternoon,0
102313,2025-06-18 19:26:02.970194,1484,5282,145.4,receive,Mumbai,tablet,0,4G,evening,0
102314,2025-06-18 21:11:11.431686,1242,5687,191.1,send,Kolkata,mobile,0,5G,evening,0
102315,2025-06-18 22:56:19.893178,1324,5162,2646.32,merchant_payment,Kolkata,mobile,0,4G,evening,0
102316,2025-06-19 00:41:28.354670,1731,5983,736.86,send,Kolkata,mobile,0,4G,night,0
102317,2025-06-19 02:26:36.816163,1192,5351,1054.46,merchant_payment,Hyderabad,mobile,0,5G,night,0
102318,2025-06-19 04:11:45.277655,1017,5434,522.19,send,Hyderabad,mobile,0,4G,night,0
102319,2025-06-19 05:56:53.739147,1524,5852,428.26,send,Kolkata,mobile,0,5G,night,0
102320,2025-06-19 07:42:02.200640,1918,5140,778.31,merchant_payment,Delhi,mobile,0,4G,morning,0
102321,2025-06-19 09:27:10.662132,1401,5471,1020.06,merchant_payment,Delhi,tablet,0,4G,morning,0
102322,2025-06-19 11:12:19.123624,1906,5132,1148.34,send,Bangalore,mobile,0,4G,morning,0
102323,2025-06-19 12:57:27.585117,1886,5087,434.17,receive,Bangalore,tablet,0,WiFi,afternoon,0
102324,2025-06-19 14:42:36.046609,1705,5688,1280.97,merchant_payment,Ahmedabad,mobile,0,4G,afternoon,0
102325,2025-06-19 16:27:44.508101,1022,5183,41.84,send,Kolkata,mobile,0,4G,afternoon,0
102326,2025-06-19 18:12:52.969593,1474,5368,1202.66,send,Pune,mobile,0,5G,evening,0
102327,2025-06-19 19:58:01.431086,1120,5129,321.53,receive,Mumbai,mobile,0,5G,evening,0
102328,2025-06-19 21:43:09.892578,1210,5246,856.95,send,Mumbai,mobile,0,4G,evening,0
102329,2025-06-19 23:28:18.354070,1306,5601,257.41,send,Delhi,mobile,0,WiFi,evening,0
102330,2025-06-20 01:13:26.815563,1270,5578,130.75,merchant_payment,Pune,mobile,0,WiFi,night,0
102331,2025-06-20 02:58:35.277055,1704,5670,692.08,send,Mumbai,tablet,1,4G,night,1
102332,2025-06-20 04:43:43.738547,1687,5899,109.78,merchant_payment,Ahmedabad,mobile,0,4G,night,0
102333,2025-06-20 06:28:52.200040,1285,5378,330.41,receive,Chennai,mobile,0,WiFi,morning,0
102334,2025-06-20 08:14:00.661532,1716,5149,218.67,receive,Hyderabad,mobile,0,4G,morning,0
102335,2025-06-20 09:59:09.123024,1676,5985,413.63,merchant_payment,Mumbai,tablet,0,WiFi,morning,0
102336,2025-06-20 11:44:17.584516,1763,5852,1093.58,send,Mumbai,mobile,0,4G,morning,0
102337,2025-06-20 13:29:26.046009,1227,5433,301.92,send,Bangalore,mobile,0,5G,afternoon,0
102338,2025-06-20 15:14:34.507501,1948,5628,674.91,send,Chennai,mobile,0,WiFi,afternoon,0
102339,2025-06-20 16:59:42.968993,1381,5726,1032.1,merchant_payment,Mumbai,mobile,0,4G,afternoon,0
102340,2025-06-20 18:44:51.430486,1460,5469,268.47,send,Hyderabad,mobile,0,4G,evening,0
102341,2025-06-20 20:29:59.891978,1007,5446,272.39,send,Ahmedabad,mobile,0,5G,evening,0
102342,2025-06-20 22:15:08.353470,1029,5481,1937.84,merchant_payment,Mumbai,mobile,0,WiFi,evening,0
102343,2025-06-21 00:00:16.814962,1907,5884,455.14,merchant_payment,Delhi,mobile,0,4G,night,1
102344,2025-06-21 01:45:25.276455,1033,5294,819.86,send,Chennai,mobile,0,WiFi,night,0
102345,2025-06-21 03:30:33.737947,1646,5765,813.68,send,Mumbai,mobile,0,5G,night,0
102346,2025-06-21 05:15:42.199439,1879,5143,148.71,merchant_payment,Pune,tablet,0,WiFi,night,0
102347,2025-06-21 07:00:50.660932,1079,5250,230.24,merchant_payment,Chennai,mobile,0,5G,morning,1
102348,2025-06-21 08:45:59.122424,1928,5878,717.19,send,Mumbai,mobile,0,5G,morning,0
102349,2025-06-21 10:31:07.583916,1947,5948,62.35,send,Hyderabad,mobile,0,WiFi,morning,1
102350,2025-06-21 12:16:16.045409,1459,5975,398.9,merchant_payment,Ahmedabad,mobile,0,4G,afternoon,0
102351,2025-06-21 14:01:24.506901,1570,5302,207.41,merchant_payment,Ahmedabad,mobile,0,WiFi,afternoon,0
102352,2025-06-21 15:46:32.968393,1983,5025,1495.93,merchant_payment,Hyderabad,mobile,0,4G,afternoon,0
102353,2025-06-21 17:31:41.429885,1538,5789,696.53,send,Chennai,mobile,0,4G,afternoon,0
102354,2025-06-21 19:16:49.891378,1482,5984,1621.73,send,Kolkata,mobile,0,5G,evening,0
102355,2025-06-21 21:01:58.352870,1430,5889,473.84,receive,Bangalore,mobile,0,4G,evening,0
102356,2025-06-21 22:47:06.814362,1738,5890,439.71,send,Bangalore,mobile,0,5G,evening,0
102357,2025-06-22 00:32:15.275855,1285,5901,363.24,send,Delhi,mobile,0,5G,night,0
102358,2025-06-22 02:17:23.737347,1516,5070,297.95,send,Kolkata,mobile,0,4G,night,0
102359,2025-06-22 04:02:32.198839,1977,5625,7220.33,receive,Bangalore,mobile,0,4G,night,0
102360,2025-06-22 05:47:40.660332,1099,5875,1104.52,receive,Chennai,mobile,0,5G,night,0
102361,2025-06-22 07:32:49.121824,1397,5112,169.66,merchant_payment,Bangalore,tablet,0,WiFi,morning,0
102362,2025-06-22 09:17:57.583316,1489,5364,6900.22,merchant_payment,Delhi,mobile,0,WiFi,morning,0
102363,2025-06-22 11:03:06.044808,1039,5303,328.66,merchant_payment,Mumbai,mobile,0,4G,morning,0
102364,2025-06-22 12:48:14.506301,1271,5471,679.36,merchant_payment,Bangalore,mobile,0,WiFi,afternoon,0
102365,2025-06-22 14:33:22.967793,1887,5964,1260.92,send,Chennai,mobile,0,4G,afternoon,0
102366,2025-06-22 16:18:31.429285,1797,5091,105.85,send,Chennai,mobile,0,4G,afternoon,0
102367,2025-06-22 18:03:39.890778,1157,5530,215.44,receive,Delhi,mobile,0,4G,evening,0
102368,2025-06-22 19:48:48.352270,1075,5661,2561.03,send,Ahmedabad,tablet,0,4G,evening,0
102369,2025-06-22 21:33:56.813762,1884,5988,393.54,merchant_payment,Pune,mobile,0,5G,evening,0
102370,2025-06-22 23:19:05.275255,1800,5739,1337.65,send,Delhi,mobile,0,5G,evening,0
102371,2025-06-23 01:04:13.736747,1130,5726,313.1,send,Pune,mobile,0,WiFi,night,0
102372,2025-06-23 02:49:22.198239,1687,5872,448.07,receive,Hyderabad,mobile,0,5G,night,0
102373,2025-06-23 04:34:30.659731,1974,5663,2937.33,receive,Hyderabad,mobile,0,4G,night,0
102374,2025-06-23 06:19:39.121224,1084,5192,763.19,merchant_payment,Ahmedabad,mobile,0,5G,morning,0
102375,2025-06-23 08:04:47.582716,1022,5963,349.03,receive,Hyderabad,mobile,0,4G,morning,0
102376,2025-06-23 09:49:56.044208,1459,5552,248.8,send,Pune,tablet,0,5G,morning,0
102377,2025-06-23 11:35:04.505701,1539,5242,272.63,send,Mumbai,mobile,0,4G,morning,0
102378,2025-06-23 13:20:12.967193,1707,5138,1705.41,merchant_payment,Chennai,mobile,0,4G,afternoon,0
102379,2025-06-23 15:05:21.428685,1849,5345,1059.44,send,Ahmedabad,mobile,0,4G,afternoon,0
102380,2025-06-23 16:50:29.890178,1382,5180,156.23,send,Hyderabad,mobile,0,WiFi,afternoon,0
102381,2025-06-23 18:35:38.351670,1748,5712,537.63,send,Chennai,mobile,0,5G,evening,0
102382,2025-06-23 20:20:46.813162,1440,5503,460.9,send,Delhi,mobile,0,WiFi,evening,0
102383,2025-06-23 22:05:55.274654,1604,5203,675.93,receive,Ahmedabad,mobile,0,4G,evening,0
102384,2025-06-23 23:51:03.736147,1989,5573,269.46,merchant_payment,Mumbai,mobile,0,WiFi,evening,0
102385,2025-06-24 01:36:12.197639,1021,5192,1477.06,merchant_payment,Delhi,mobile,0,4G,night,0
102386,2025-06-24 03:21:20.659131,1303,5005,492.09,merchant_payment,Chennai,mobile,0,5G,night,0
102387,2025-06-24 05:06:29.120624,1976,5890,715.83,send,Kolkata,mobile,0,4G,night,0
102388,2025-06-24 06:51:37.582116,1869,5237,224.82,receive,Pune,mobile,0,4G,morning,0
102389,2025-06-24 08:36:46.043608,1955,5693,236.44,send,Kolkata,mobile,0,WiFi,morning,0
102390,2025-06-24 10:21:54.505101,1084,5311,7026.97,send,Hyderabad,mobile,0,5G,morning,0
102391,2025-06-24 12:07:02.966593,1774,5549,2981.2,send,Kolkata,mobile,0,WiFi,afternoon,0
102392,2025-06-24 13:52:11.428085,1659,5056,459.58,send,Delhi,mobile,0,4G,afternoon,0
102393,2025-06-24 15:37:19.889577,1953,5443,2282.45,merchant_payment,Ahmedabad,mobile,0,5G,afternoon,0
102394,2025-06-24 17:22:28.351070,1453,5237,1656.96,merchant_payment,Pune,tablet,0,4G,afternoon,1
102395,2025-06-24 19:07:36.812562,1387,5870,263.69,merchant_payment,Kolkata,mobile,0,4G,evening,0
102396,2025-06-24 20:52:45.274054,1507,5861,238.67,merchant_payment,Bangalore,tablet,0,WiFi,evening,0
102397,2025-06-24 22:37:53.735547,1257,5197,961.68,send,Mumbai,mobile,0,5G,evening,0
102398,2025-06-25 00:23:02.197039,1570,5585,639.1,send,Chennai,mobile,0,WiFi,night,0
102399,2025-06-25 02:08:10.658531,1892,5571,329.64,send,Ahmedabad,mobile,0,4G,night,0
102400,2025-06-25 03:53:19.120024,1934,5752,1013.56,send,Pune,mobile,0,WiFi,night,0
102401,2025-06-25 05:38:27.581516,1527,5514,116.46,send,Ahmedabad,mobile,0,5G,night,0
102402,2025-06-25 07:23:36.043008,1162,5449,552.8,send,Hyderabad,tablet,0,5G,morning,0
102403,2025-06-25 09:08:44.504500,1957,5360,142.75,receive,Delhi,mobile,0,4G,morning,0
102404,2025-06-25 10:53:52.965993,1163,5700,147.53,merchant_payment,Mumbai,tablet,0,WiFi,morning,0
102405,2025-06-25 12:39:01.427485,1832,5819,243.04,merchant_payment,Hyderabad,mobile,0,WiFi,afternoon,1
102406,2025-06-25 14:24:09.888977,1793,5030,708.6,receive,Delhi,tablet,0,4G,afternoon,0
102407,2025-06-25 16:09:18.350470,1792,5779,250.83,receive,Kolkata,mobile,0,5G,afternoon,0
102408,2025-06-25 17:54:26.811962,1524,5988,145.75,receive,Pune,tablet,0,4G,afternoon,0
102409,2025-06-25 19:39:35.273454,1786,5108,794.13,merchant_payment,Chennai,mobile,0,5G,evening,0
102410,2025-06-25 21:24:43.734946,1271,5844,2192.39,send,Pune,mobile,0,WiFi,evening,0
102411,2025-06-25 23:09:52.196439,1492,5935,933.42,merchant_payment,Bangalore,mobile,0,4G,evening,0
102412,2025-06-26 00:55:00.657931,1208,5602,2986.32,receive,Ahmedabad,mobile,1,5G,night,0
102413,2025-06-26 02:40:09.119423,1539,5717,2016.62,send,Bangalore,mobile,0,4G,night,0
102414,2025-06-26 04:25:17.580916,1584,5891,302.65,send,Ahmedabad,mobile,0,5G,night,0
102415,2025-06-26 06:10:26.042408,1060,5968,927.19,send,Pune,mobile,0,WiFi,morning,0
102416,2025-06-26 07:55:34.503900,1430,5959,449.6,receive,Kolkata,mobile,0,4G,morning,0
102417,2025-06-26 09:40:42.965393,1985,5960,1425.25,merchant_payment,Chennai,mobile,0,4G,morning,0
102418,2025-06-26 11:25:51.426885,1657,5445,449.52,send,Mumbai,mobile,0,5G,morning,0
102419,2025-06-26 13:10:59.888377,1605,5893,223.92,send,Chennai,mobile,0,5G,afternoon,0
102420,2025-06-26 14:56:08.349869,1309,5438,1945.76,merchant_payment,Kolkata,mobile,0,4G,afternoon,0
102421,2025-06-26 16:41:16.811362,1520,5732,677.08,send,Delhi,mobile,0,4G,afternoon,0
102422,2025-06-26 18:26:25.272854,1591,5890,253.78,send,Pune,mobile,0,4G,evening,0
102423,2025-06-26 20:11:33.734346,1027,5606,299.25,send,Pune,mobile,0,4G,evening,0
102424,2025-06-26 21:56:42.195839,1686,5457,252.16,merchant_payment,Pune,mobile,0,5G,evening,0
102425,2025-06-26 23:41:50.657331,1562,5615,180.96,receive,Pune,mobile,0,4G,evening,0
102426,2025-06-27 01:26:59.118823,1199,5735,305.66,send,Mumbai,mobile,0,5G,night,0
102427,2025-06-27 03:12:07.580316,1387,5698,715.53,merchant_payment,Bangalore,tablet,0,4G,night,0
102428,2025-06-27 04:57:16.041808,1349,5981,525.35,merchant_payment,Kolkata,mobile,0,4G,night,1
102429,2025-06-27 06:42:24.503300,1960,5696,317.91,send,Delhi,mobile,0,4G,morning,0
102430,2025-06-27 08:27:32.964792,1940,5495,2198.45,merchant_payment,Kolkata,mobile,0,5G,morning,0
102431,2025-06-27 10:12:41.426285,1693,5674,65.98,send,Hyderabad,mobile,1,4G,morning,0
102432,2025-06-27 11:57:49.887777,1536,5247,669.24,merchant_payment,Hyderabad,mobile,0,WiFi,morning,0
102433,2025-06-27 13:42:58.349269,1828,5543,427.2,send,Hyderabad,mobile,0,4G,afternoon,0
102434,2025-06-27 15:28:06.810762,1378,5564,186.76,merchant_payment,Bangalore,mobile,0,4G,afternoon,0
102435,2025-06-27 17:13:15.272254,1899,5857,709.42,send,Chennai,mobile,0,5G,afternoon,1
102436,2025-06-27 18:58:23.733746,1916,5588,395.54,merchant_payment,Mumbai,tablet,0,4G,evening,1
102437,2025-06-27 20:43:32.195239,1558,5897,1714.84,send,Pune,mobile,0,WiFi,evening,0
102438,2025-06-27 22:28:40.656731,1527,5439,1173.87,receive,Bangalore,mobile,0,WiFi,evening,0
102439,2025-06-28 00:13:49.118223,1153,5278,3314.73,send,Ahmedabad,mobile,0,4G,night,0
102440,2025-06-28 01:58:57.579715,1734,5552,303.89,merchant_payment,Delhi,tablet,0,5G,night,0
102441,2025-06-28 03:44:06.041208,1206,5613,1991.32,merchant_payment,Delhi,mobile,0,5G,night,0
102442,2025-06-28 05:29:14.502700,1455,5111,153.57,send,Hyderabad,mobile,0,WiFi,night,0
102443,2025-06-28 07:14:22.964192,1273,5385,441.14,merchant_payment,Ahmedabad,mobile,0,4G,morning,0
102444,2025-06-28 08:59:31.425685,1894,5833,309.44,send,Mumbai,mobile,0,4G,morning,0
102445,2025-06-28 10:44:39.887177,1236,5761,900.05,merchant_payment,Hyderabad,mobile,0,5G,morning,0
102446,2025-06-28 12:29:48.348669,1852,5191,878.55,merchant_payment,Delhi,tablet,0,4G,afternoon,0
102447,2025-06-28 14:14:56.810162,1740,5490,200.21,send,Delhi,mobile,0,5G,afternoon,0
102448,2025-06-28 16:00:05.271654,1521,5694,951.65,merchant_payment,Pune,mobile,0,WiFi,afternoon,0
102449,2025-06-28 17:45:13.733146,1678,5426,336.81,send,Chennai,mobile,0,4G,afternoon,0
102450,2025-06-28 19:30:22.194638,1944,5405,217.72,send,Pune,mobile,0,WiFi,evening,0
102451,2025-06-28 21:15:30.656131,1956,5335,486.98,merchant_payment,Chennai,mobile,0,WiFi,evening,0
102452,2025-06-28 23:00:39.117623,1831,5209,112.52,merchant_payment,Pune,mobile,0,WiFi,evening,0
102453,2025-06-29 00:45:47.579115,1726,5022,1250.51,send,Chennai,mobile,0,5G,night,0
102454,2025-06-29 02:30:56.040608,1501,5678,466.09,send,Hyderabad,mobile,0,5G,night,0
102455,2025-06-29 04:16:04.502100,1117,5611,476.4,merchant_payment,Kolkata,mobile,0,4G,night,0
102456,2025-06-29 06:01:12.963592,1386,5208,451.62,send,Ahmedabad,mobile,0,WiFi,morning,0
102457,2025-06-29 07:46:21.425085,1344,5008,2557.67,merchant_payment,Mumbai,mobile,1,4G,morning,1
102458,2025-06-29 09:31:29.886577,1584,5702,2250.43,merchant_payment,Chennai,mobile,0,4G,morning,0
102459,2025-06-29 11:16:38.348069,1395,5687,1902.19,send,Bangalore,mobile,0,4G,morning,0
102460,2025-06-29 13:01:46.809561,1064,5785,452.58,send,Chennai,mobile,0,5G,afternoon,0
102461,2025-06-29 14:46:55.271054,1717,5529,161.48,receive,Hyderabad,tablet,0,4G,afternoon,0
102462,2025-06-29 16:32:03.732546,1721,5602,484.94,send,Mumbai,mobile,0,5G,afternoon,0
102463,2025-06-29 18:17:12.194038,1072,5653,674.79,merchant_payment,Chennai,mobile,0,5G,evening,0
102464,2025-06-29 20:02:20.655531,1789,5657,1110.55,merchant_payment,Pune,mobile,0,4G,evening,0
102465,2025-06-29 21:47:29.117023,1274,5166,672.62,receive,Mumbai,mobile,0,4G,evening,0
102466,2025-06-29 23:32:37.578515,1990,5849,176.53,send,Bangalore,mobile,1,4G,evening,1
102467,2025-06-30 01:17:46.040008,1320,5496,288.47,send,Delhi,mobile,0,4G,night,0
102468,2025-06-30 03:02:54.501500,1338,5590,263.45,merchant_payment,Pune,mobile,0,4G,night,0
102469,2025-06-30 04:48:02.962992,1366,5429,844.76,merchant_payment,Mumbai,mobile,0,4G,night,0
102470,2025-06-30 06:33:11.424484,1495,5774,865.75,merchant_payment,Kolkata,mobile,0,WiFi,morning,0
102471,2025-06-30 08:18:19.885977,1607,5163,986.96,send,Chennai,mobile,0,5G,morning,1
102472,2025-06-30 10:03:28.347469,1166,5366,665.83,merchant_payment,Pune,mobile,0,5G,morning,0
102473,2025-06-30 11:48:36.808961,1544,5526,62.85,send,Hyderabad,tablet,0,4G,morning,0
102474,2025-06-30 13:33:45.270454,1011,5239,87.72,merchant_payment,Kolkata,tablet,0,4G,afternoon,0
102475,2025-06-30 15:18:53.731946,1301,5072,428.3,merchant_payment,Ahmedabad,mobile,0,5G,afternoon,0
102476,2025-06-30 17:04:02.193438,1729,5445,543.53,merchant_payment,Ahmedabad,mobile,0,5G,afternoon,0
102477,2025-06-30 18:49:10.654930,1801,5655,1726.18,send,Kolkata,tablet,0,4G,evening,0
102478,2025-06-30 20:34:19.116423,1102,5822,532.61,receive,Hyderabad,mobile,0,4G,evening,0
102479,2025-06-30 22:19:27.577915,1425,5509,185.68,send,Hyderabad,mobile,0,WiFi,evening,0
102480,2025-07-01 00:04:36.039407,1392,5795,955.43,merchant_payment,Ahmedabad,mobile,0,4G,night,0
102481,2025-07-01 01:49:44.500900,1779,5269,484.32,send,Hyderabad,mobile,0,4G,night,0
102482,2025-07-01 03:34:52.962392,1214,5753,329.62,send,Kolkata,tablet,0,4G,night,0
102483,2025-07-01 05:20:01.423884,1691,5415,98.04,send,Mumbai,mobile,0,5G,night,0
102484,2025-07-01 07:05:09.885377,1088,5245,536.56,merchant_payment,Hyderabad,mobile,0,5G,morning,0
102485,2025-07-01 08:50:18.346869,1553,5675,619.44,receive,Delhi,mobile,0,4G,morning,0
102486,2025-07-01 10:35:26.808361,1401,5060,181.97,merchant_payment,Kolkata,tablet,0,4G,morning,0
102487,2025-07-01 12:20:35.269853,1588,5006,1037.28,merchant_payment,Kolkata,mobile,0,5G,afternoon,0
102488,2025-07-01 14:05:43.731346,1889,5709,948.42,merchant_payment,Kolkata,mobile,0,4G,afternoon,0
102489,2025-07-01 15:50:52.192838,1046,5982,517.45,send,Bangalore,mobile,0,4G,afternoon,0
102490,2025-07-01 17:36:00.654330,1672,5570,498.56,merchant_payment,Mumbai,tablet,0,4G,afternoon,0
102491,2025-07-01 19:21:09.115823,1463,5817,1269.07,receive,Mumbai,mobile,0,4G,evening,0
102492,2025-07-01 21:06:17.577315,1592,5407,711.61,send,Hyderabad,mobile,0,5G,evening,0
102493,2025-07-01 22:51:26.038807,1310,5217,244.14,send,Kolkata,mobile,0,5G,evening,1
102494,2025-07-02 00:36:34.500300,1086,5930,404.38,send,Pune,mobile,0,WiFi,night,0
102495,2025-07-02 02:21:42.961792,1092,5026,859.93,send,Kolkata,mobile,0,5G,night,0
102496,2025-07-02 04:06:51.423284,1660,5815,64.57,send,Hyderabad,mobile,0,WiFi,night,0
102497,2025-07-02 05:51:59.884776,1673,5005,194.12,send,Mumbai,mobile,0,WiFi,night,0
102498,2025-07-02 07:37:08.346269,1714,5986,974.71,receive,Ahmedabad,mobile,0,4G,morning,0
102499,2025-07-02 09:22:16.807761,1936,5532,1650.57,send,Hyderabad,mobile,0,4G,morning,0
102500,2025-07-02 11:07:25.269253,1928,5390,1367.92,send,Ahmedabad,mobile,0,5G,morning,0
102501,2025-07-02 12:52:33.730746,1242,5710,1203.87,merchant_payment,Hyderabad,mobile,0,5G,afternoon,0
102502,2025-07-02 14:37:42.192238,1865,5571,561.01,receive,Hyderabad,mobile,0,WiFi,afternoon,0
102503,2025-07-02 16:22:50.653730,1002,5448,176.11,send,Hyderabad,mobile,0,5G,afternoon,0
102504,2025-07-02 18:07:59.115223,1225,5754,404.79,receive,Hyderabad,mobile,0,5G,evening,0
102505,2025-07-02 19:53:07.576715,1801,5146,67.14,send,Chennai,mobile,0,4G,evening,0
102506,2025-07-02 21:38:16.038207,1745,5388,1809.23,send,Chennai,mobile,0,4G,evening,0
102507,2025-07-02 23:23:24.499699,1973,5785,217.65,send,Kolkata,mobile,0,WiFi,evening,0
102508,2025-07-03 01:08:32.961192,1926,5249,289.07,merchant_payment,Kolkata,mobile,0,WiFi,night,0
102509,2025-07-03 02:53:41.422684,1929,5526,1420.29,merchant_payment,Pune,mobile,0,4G,night,0
102510,2025-07-03 04:38:49.884176,1589,5462,98.04,merchant_payment,Pune,mobile,1,5G,night,0
102511,2025-07-03 06:23:58.345669,1116,5013,149.99,merchant_payment,Chennai,mobile,0,5G,morning,0
102512,2025-07-03 08:09:06.807161,1666,5903,644.18,merchant_payment,Mumbai,mobile,0,4G,morning,0
102513,2025-07-03 09:54:15.268653,1918,5384,829.13,merchant_payment,Bangalore,mobile,0,WiFi,morning,1
102514,2025-07-03 11:39:23.730146,1103,5556,458.66,merchant_payment,Mumbai,mobile,0,5G,morning,0
102515,2025-07-03 13:24:32.191638,1194,5887,473.86,send,Pune,mobile,0,4G,afternoon,0
102516,2025-07-03 15:09:40.653130,1166,5399,1751.76,send,Kolkata,mobile,0,4G,afternoon,0
102517,2025-07-03 16:54:49.114622,1871,5019,931.06,receive,Chennai,mobile,0,4G,afternoon,0
102518,2025-07-03 18:39:57.576115,1090,5575,813.36,receive,Mumbai,mobile,0,4G,evening,0
102519,2025-07-03 20:25:06.037607,1686,5491,1070.25,merchant_payment,Bangalore,tablet,0,4G,evening,0
102520,2025-07-03 22:10:14.499099,1122,5751,364.82,send,Ahmedabad,mobile,0,4G,evening,0
102521,2025-07-03 23:55:22.960592,1143,5419,4329.32,merchant_payment,Hyderabad,mobile,0,5G,evening,0
102522,2025-07-04 01:40:31.422084,1994,5337,49.03,receive,Delhi,tablet,0,5G,night,0
102523,2025-07-04 03:25:39.883576,1106,5419,2117.35,send,Chennai,mobile,0,5G,night,0
102524,2025-07-04 05:10:48.345069,1887,5915,1214.52,receive,Chennai,mobile,0,5G,night,0
102525,2025-07-04 06:55:56.806561,1428,5916,631.62,receive,Bangalore,mobile,0,WiFi,morning,0
102526,2025-07-04 08:41:05.268053,1305,5612,533.8,receive,Hyderabad,mobile,0,WiFi,morning,0
102527,2025-07-04 10:26:13.729545,1872,5675,421.76,receive,Hyderabad,mobile,0,4G,morning,0
102528,2025-07-04 12:11:22.191038,1971,5928,1485.41,send,Delhi,mobile,0,4G,afternoon,1
102529,2025-07-04 13:56:30.652530,1317,5122,473.49,receive,Ahmedabad,mobile,0,4G,afternoon,1
102530,2025-07-04 15:41:39.114022,1963,5432,237.96,receive,Hyderabad,mobile,0,5G,afternoon,0
102531,2025-07-04 17:26:47.575515,1635,5044,1214.37,receive,Ahmedabad,mobile,0,WiFi,afternoon,0
102532,2025-07-04 19:11:56.037007,1902,5872,2403.7,receive,Bangalore,mobile,0,5G,evening,0
102533,2025-07-04 20:57:04.498499,1009,5920,71.72,send,Ahmedabad,mobile,0,5G,evening,0
102534,2025-07-04 22:42:12.959992,1774,5317,5203.53,send,Kolkata,mobile,1,5G,evening,0
102535,2025-07-05 00:27:21.421484,1073,5381,174.73,send,Hyderabad,mobile,0,5G,night,0
102536,2025-07-05 02:12:29.882976,1359,5145,188.61,send,Kolkata,mobile,0,WiFi,night,1
102537,2025-07-05 03:57:38.344468,1223,5327,141.9,receive,Pune,mobile,0,WiFi,night,0
102538,2025-07-05 05:42:46.805961,1416,5363,493.17,merchant_payment,Pune,mobile,0,5G,night,1
102539,2025-07-05 07:27:55.267453,1553,5050,137.04,send,Kolkata,mobile,0,5G,morning,0
102540,2025-07-05 09:13:03.728945,1370,5065,154.74,send,Bangalore,tablet,0,4G,morning,0
102541,2025-07-05 10:58:12.190438,1716,5355,247.51,send,Chennai,mobile,0,4G,morning,0
102542,2025-07-05 12:43:20.651930,1264,5800,565.92,send,Chennai,mobile,0,4G,afternoon,0
102543,2025-07-05 14:28:29.113422,1840,5164,623.19,receive,Chennai,mobile,0,4G,afternoon,0
102544,2025-07-05 16:13:37.574914,1690,5141,1704.79,merchant_payment,Mumbai,mobile,0,WiFi,afternoon,0
102545,2025-07-05 17:58:46.036407,1860,5966,1665.95,merchant_payment,Chennai,mobile,0,4G,afternoon,0
102546,2025-07-05 19:43:54.497899,1318,5826,1372.8,send,Bangalore,mobile,0,4G,evening,0
102547,2025-07-05 21:29:02.959391,1084,5128,379.32,merchant_payment,Delhi,mobile,0,5G,evening,0
102548,2025-07-05 23:14:11.420884,1318,5398,78.16,send,Pune,mobile,0,5G,evening,0
102549,2025-07-06 00:59:19.882376,1111,5933,76.45,receive,Hyderabad,mobile,0,WiFi,night,1
102550,2025-07-06 02:44:28.343868,1251,5880,1363.39,merchant_payment,Chennai,mobile,0,4G,night,0
102551,2025-07-06 04:29:36.805361,1383,5463,1145.68,merchant_payment,Mumbai,mobile,0,WiFi,night,1
102552,2025-07-06 06:14:45.266853,1007,5751,265.95,send,Pune,mobile,0,4G,morning,0
102553,2025-07-06 07:59:53.728345,1459,5836,116.66,send,Ahmedabad,mobile,0,WiFi,morning,0
102554,2025-07-06 09:45:02.189837,1084,5808,172.92,receive,Pune,mobile,1,5G,morning,0
102555,2025-07-06 11:30:10.651330,1208,5187,586.81,send,Kolkata,tablet,0,5G,morning,0
102556,2025-07-06 13:15:19.112822,1900,5720,587.9,send,Mumbai,tablet,0,4G,afternoon,0
102557,2025-07-06 15:00:27.574314,1390,5732,1397.63,receive,Bangalore,mobile,0,5G,afternoon,0
102558,2025-07-06 16:45:36.035807,1314,5912,314.08,receive,Delhi,tablet,0,5G,afternoon,0
102559,2025-07-06 18:30:44.497299,1022,5190,386.05,merchant_payment,Chennai,mobile,0,4G,evening,0
102560,2025-07-06 20:15:52.958791,1410,5388,1518.26,send,Chennai,mobile,0,4G,evening,0
102561,2025-07-06 22:01:01.420284,1895,5429,58.84,merchant_payment,Mumbai,mobile,0,WiFi,evening,0
102562,2025-07-06 23:46:09.881776,1515,5858,676.85,send,Ahmedabad,mobile,0,5G,evening,0
102563,2025-07-07 01:31:18.343268,1127,5284,352.75,merchant_payment,Bangalore,tablet,0,WiFi,night,0
102564,2025-07-07 03:16:26.804760,1809,5864,1005.02,send,Mumbai,mobile,0,5G,night,1
102565,2025-07-07 05:01:35.266253,1700,5237,822.71,receive,Mumbai,mobile,0,4G,night,0
102566,2025-07-07 06:46:43.727745,1874,5194,245.6,merchant_payment,Delhi,mobile,0,4G,morning,0
102567,2025-07-07 08:31:52.189237,1014,5287,296.68,send,Bangalore,mobile,0,WiFi,morning,0
102568,2025-07-07 10:17:00.650730,1971,5771,49.3,send,Delhi,mobile,0,5G,morning,0
102569,2025-07-07 12:02:09.112222,1978,5758,1043.14,send,Bangalore,mobile,0,4G,afternoon,0
102570,2025-07-07 13:47:17.573714,1012,5136,626.27,send,Chennai,mobile,0,5G,afternoon,0
102571,2025-07-07 15:32:26.035207,1087,5792,1995.23,receive,Hyderabad,mobile,0,4G,afternoon,0
102572,2025-07-07 17:17:34.496699,1524,5783,330.5,send,Kolkata,mobile,0,WiFi,afternoon,0
102573,2025-07-07 19:02:42.958191,1909,5171,1229.47,merchant_payment,Hyderabad,mobile,0,4G,evening,0
102574,2025-07-07 20:47:51.419683,1537,5159,169.03,receive,Ahmedabad,mobile,0,4G,evening,0
102575,2025-07-07 22:32:59.881176,1301,5201,32.96,send,Ahmedabad,tablet,0,4G,evening,0
102576,2025-07-08 00:18:08.342668,1243,5487,448.31,merchant_payment,Pune,mobile,0,4G,night,0
102577,2025-07-08 02:03:16.804160,1122,5557,279.59,send,Bangalore,mobile,0,5G,night,0
102578,2025-07-08 03:48:25.265653,1147,5962,172.29,send,Hyderabad,mobile,0,5G,night,0
102579,2025-07-08 05:33:33.727145,1567,5776,1209.67,send,Mumbai,mobile,0,5G,night,1
102580,2025-07-08 07:18:42.188637,1750,5583,1649.53,receive,Chennai,mobile,0,5G,morning,0
102581,2025-07-08 09:03:50.650130,1356,5504,547.53,send,Ahmedabad,tablet,0,4G,morning,0
102582,2025-07-08 10:48:59.111622,1685,5876,410.54,receive,Kolkata,mobile,0,5G,morning,1
102583,2025-07-08 12:34:07.573114,1904,5371,524.64,send,Kolkata,tablet,0,WiFi,afternoon,0
102584,2025-07-08 14:19:16.034606,1733,5103,256.49,merchant_payment,Pune,tablet,0,4G,afternoon,0
102585,2025-07-08 16:04:24.496099,1631,5125,864.88,merchant_payment,Kolkata,mobile,0,4G,afternoon,0
102586,2025-07-08 17:49:32.957591,1309,5313,105.7,send,Chennai,mobile,0,5G,afternoon,0
102587,2025-07-08 19:34:41.419083,1695,5976,168.5,merchant_payment,Hyderabad,mobile,0,4G,evening,0
102588,2025-07-08 21:19:49.880576,1288,5995,223.35,receive,Kolkata,mobile,0,4G,evening,0
102589,2025-07-08 23:04:58.342068,1307,5798,846.71,send,Ahmedabad,mobile,0,5G,evening,0
102590,2025-07-09 00:50:06.803560,1812,5458,364.13,send,Kolkata,mobile,0,WiFi,night,0
102591,2025-07-09 02:35:15.265053,1594,5230,1920.6,send,Bangalore,mobile,0,5G,night,1
102592,2025-07-09 04:20:23.726545,1966,5658,1100.27,merchant_payment,Mumbai,mobile,0,5G,night,0
102593,2025-07-09 06:05:32.188037,1914,5882,221.16,receive,Bangalore,mobile,0,4G,morning,0
102594,2025-07-09 07:50:40.649529,1723,5197,928.4,send,Hyderabad,mobile,0,5G,morning,0
102595,2025-07-09 09:35:49.111022,1662,5885,327.6,send,Chennai,mobile,0,5G,morning,0
102596,2025-07-09 11:20:57.572514,1549,5733,790.91,receive,Chennai,mobile,0,5G,morning,0
102597,2025-07-09 13:06:06.034006,1352,5423,1154.9,receive,Bangalore,mobile,0,4G,afternoon,0
102598,2025-07-09 14:51:14.495499,1312,5572,1502.24,merchant_payment,Delhi,mobile,0,5G,afternoon,0
102599,2025-07-09 16:36:22.956991,1873,5610,603.06,merchant_payment,Bangalore,mobile,0,WiFi,afternoon,1
102600,2025-07-09 18:21:31.418483,1059,5171,2440.9,send,Ahmedabad,mobile,0,5G,evening,0
102601,2025-07-09 20:06:39.879975,1643,5382,766.1,send,Delhi,mobile,0,4G,evening,1
102602,2025-07-09 21:51:48.341468,1924,5173,564.0,send,Pune,mobile,0,4G,evening,0
102603,2025-07-09 23:36:56.802960,1714,5663,364.12,merchant_payment,Bangalore,mobile,0,4G,evening,0
102604,2025-07-10 01:22:05.264452,1755,5453,262.09,send,Delhi,mobile,0,4G,night,0
102605,2025-07-10 03:07:13.725945,1035,5350,749.86,send,Delhi,mobile,0,WiFi,night,0
102606,2025-07-10 04:52:22.187437,1445,5902,544.98,merchant_payment,Kolkata,mobile,0,5G,night,0
102607,2025-07-10 06:37:30.648929,1093,5952,639.59,send,Pune,tablet,0,5G,morning,0
102608,2025-07-10 08:22:39.110422,1950,5634,796.91,send,Kolkata,mobile,0,WiFi,morning,0
102609,2025-07-10 10:07:47.571914,1959,5494,636.89,receive,Delhi,mobile,0,4G,morning,0
102610,2025-07-10 11:52:56.033406,1207,5620,3689.68,send,Delhi,mobile,0,5G,morning,0
102611,2025-07-10 13:38:04.494898,1353,5004,290.63,send,Mumbai,mobile,0,4G,afternoon,0
102612,2025-07-10 15:23:12.956391,1903,5093,759.22,receive,Ahmedabad,mobile,0,4G,afternoon,0
102613,2025-07-10 17:08:21.417883,1332,5919,392.41,send,Delhi,mobile,0,4G,afternoon,0
102614,2025-07-10 18:53:29.879375,1817,5006,42.04,send,Ahmedabad,mobile,0,WiFi,evening,0
102615,2025-07-10 20:38:38.340868,1862,5288,406.07,merchant_payment,Kolkata,mobile,0,4G,evening,0
102616,2025-07-10 22:23:46.802360,1725,5618,193.16,send,Delhi,mobile,0,4G,evening,0
102617,2025-07-11 00:08:55.263852,1159,5146,460.9,merchant_payment,Chennai,mobile,0,5G,night,1
102618,2025-07-11 01:54:03.725345,1954,5783,479.91,send,Mumbai,mobile,1,4G,night,1
102619,2025-07-11 03:39:12.186837,1957,5424,724.41,receive,Delhi,tablet,0,4G,night,0
102620,2025-07-11 05:24:20.648329,1024,5890,289.98,send,Kolkata,mobile,0,5G,night,0
102621,2025-07-11 07:09:29.109821,1404,5608,328.62,send,Kolkata,mobile,0,4G,morning,0
102622,2025-07-11 08:54:37.571314,1805,5457,992.96,send,Hyderabad,mobile,0,WiFi,morning,0
102623,2025-07-11 10:39:46.032806,1516,5741,219.41,receive,Kolkata,mobile,0,5G,morning,1
102624,2025-07-11 12:24:54.494298,1732,5202,78.38,receive,Ahmedabad,mobile,0,4G,afternoon,0
102625,2025-07-11 14:10:02.955791,1364,5212,576.53,send,Mumbai,mobile,0,4G,afternoon,0
102626,2025-07-11 15:55:11.417283,1382,5006,1437.77,merchant_payment,Ahmedabad,mobile,0,5G,afternoon,0
102627,2025-07-11 17:40:19.878775,1532,5624,981.6,send,Kolkata,mobile,0,4G,afternoon,0
102628,2025-07-11 19:25:28.340268,1956,5376,587.27,receive,Chennai,mobile,0,5G,evening,0
102629,2025-07-11 21:10:36.801760,1152,5891,1720.97,send,Bangalore,mobile,0,5G,evening,0
102630,2025-07-11 22:55:45.263252,1562,5447,1453.92,receive,Chennai,mobile,0,5G,evening,0
102631,2025-07-12 00:40:53.724744,1689,5835,353.93,merchant_payment,Pune,mobile,0,5G,night,0
102632,2025-07-12 02:26:02.186237,1947,5106,631.14,receive,Ahmedabad,mobile,0,WiFi,night,0
102633,2025-07-12 04:11:10.647729,1608,5651,658.83,send,Chennai,mobile,0,4G,night,1
102634,2025-07-12 05:56:19.109221,1617,5811,451.8,send,Mumbai,mobile,0,4G,night,1
102635,2025-07-12 07:41:27.570714,1420,5401,1531.87,merchant_payment,Mumbai,mobile,0,5G,morning,0
102636,2025-07-12 09:26:36.032206,1250,5096,423.21,send,Hyderabad,mobile,0,4G,morning,0
102637,2025-07-12 11:11:44.493698,1117,5388,298.78,send,Kolkata,tablet,0,5G,morning,0
102638,2025-07-12 12:56:52.955191,1866,5959,36.91,send,Hyderabad,mobile,0,5G,afternoon,0
102639,2025-07-12 14:42:01.416683,1512,5452,221.78,send,Mumbai,mobile,0,4G,afternoon,0
102640,2025-07-12 16:27:09.878175,1740,5849,132.24,send,Kolkata,mobile,0,4G,afternoon,1
102641,2025-07-12 18:12:18.339667,1578,5809,473.24,merchant_payment,Mumbai,mobile,0,5G,evening,0
102642,2025-07-12 19:57:26.801160,1335,5979,140.66,merchant_payment,Mumbai,mobile,0,WiFi,evening,0
102643,2025-07-12 21:42:35.262652,1418,5901,905.68,receive,Bangalore,tablet,0,4G,evening,0
102644,2025-07-12 23:27:43.724144,1932,5416,1492.84,send,Chennai,mobile,0,5G,evening,0
102645,2025-07-13 01:12:52.185637,1774,5726,477.63,receive,Hyderabad,tablet,1,5G,night,1
102646,2025-07-13 02:58:00.647129,1295,5504,184.19,receive,Ahmedabad,mobile,0,4G,night,1
102647,2025-07-13 04:43:09.108621,1938,5454,656.16,receive,Hyderabad,mobile,0,4G,night,0
102648,2025-07-13 06:28:17.570114,1755,5291,3273.04,send,Delhi,mobile,0,4G,morning,0
102649,2025-07-13 08:13:26.031606,1371,5534,2398.22,merchant_payment,Pune,mobile,0,5G,morning,0
102650,2025-07-13 09:58:34.493098,1186,5193,120.77,receive,Bangalore,mobile,0,5G,morning,0
102651,2025-07-13 11:43:42.954590,1246,5980,116.38,merchant_payment,Mumbai,mobile,0,WiFi,morning,1
102652,2025-07-13 13:28:51.416083,1637,5150,90.06,send,Mumbai,mobile,0,4G,afternoon,0
102653,2025-07-13 15:13:59.877575,1268,5880,158.07,send,Bangalore,mobile,0,WiFi,afternoon,0
102654,2025-07-13 16:59:08.339067,1643,5759,633.71,send,Kolkata,mobile,0,5G,afternoon,0
102655,2025-07-13 18:44:16.800560,1237,5779,282.39,merchant_payment,Hyderabad,mobile,0,4G,evening,0
102656,2025-07-13 20:29:25.262052,1530,5973,213.01,send,Mumbai,mobile,0,4G,evening,0
102657,2025-07-13 22:14:33.723544,1552,5763,1392.85,merchant_payment,Pune,mobile,0,5G,evening,0
102658,2025-07-13 23:59:42.185037,1021,5515,837.23,merchant_payment,Delhi,mobile,0,WiFi,evening,1
102659,2025-07-14 01:44:50.646529,1911,5393,89.59,merchant_payment,Hyderabad,mobile,0,5G,night,1
102660,2025-07-14 03:29:59.108021,1737,5316,1315.17,merchant_payment,Chennai,mobile,0,5G,night,0
102661,2025-07-14 05:15:07.569513,1867,5076,817.32,merchant_payment,Ahmedabad,mobile,0,4G,night,0
102662,2025-07-14 07:00:16.031006,1794,5599,835.69,merchant_payment,Ahmedabad,mobile,0,4G,morning,0
102663,2025-07-14 08:45:24.492498,1520,5270,278.53,send,Pune,mobile,0,4G,morning,0
102664,2025-07-14 10:30:32.953990,1100,5225,408.58,merchant_payment,Bangalore,mobile,0,4G,morning,0
102665,2025-07-14 12:15:41.415483,1752,5530,68.53,merchant_payment,Hyderabad,mobile,0,5G,afternoon,0
102666,2025-07-14 14:00:49.876975,1478,5113,1172.61,send,Ahmedabad,tablet,0,WiFi,afternoon,0
102667,2025-07-14 15:45:58.338467,1599,5251,181.47,merchant_payment,Chennai,tablet,1,4G,afternoon,1
102668,2025-07-14 17:31:06.799959,1298,5233,206.31,send,Delhi,tablet,0,5G,afternoon,0
102669,2025-07-14 19:16:15.261452,1940,5841,203.54,send,Kolkata,mobile,0,4G,evening,0
102670,2025-07-14 21:01:23.722944,1526,5791,2982.15,send,Ahmedabad,mobile,0,4G,evening,0
102671,2025-07-14 22:46:32.184436,1334,5714,252.47,send,Bangalore,mobile,0,4G,evening,0
102672,2025-07-15 00:31:40.645929,1002,5083,1264.28,merchant_payment,Kolkata,mobile,0,4G,night,0
102673,2025-07-15 02:16:49.107421,1375,5125,481.07,merchant_payment,Ahmedabad,mobile,1,4G,night,1
102674,2025-07-15 04:01:57.568913,1293,5175,215.05,merchant_payment,Pune,mobile,0,4G,night,0
102675,2025-07-15 05:47:06.030406,1837,5069,179.4,merchant_payment,Mumbai,tablet,0,4G,night,0
102676,2025-07-15 07:32:14.491898,1934,5047,262.73,send,Kolkata,mobile,0,4G,morning,0
102677,2025-07-15 09:17:22.953390,1553,5884,457.39,send,Mumbai,mobile,0,5G,morning,0
102678,2025-07-15 11:02:31.414882,1318,5256,899.41,receive,Pune,mobile,0,4G,morning,0
102679,2025-07-15 12:47:39.876375,1502,5727,307.66,merchant_payment,Ahmedabad,mobile,0,WiFi,afternoon,0
102680,2025-07-15 14:32:48.337867,1828,5030,296.36,send,Chennai,mobile,0,WiFi,afternoon,0
102681,2025-07-15 16:17:56.799359,1381,5281,204.15,merchant_payment,Hyderabad,mobile,0,WiFi,afternoon,0
102682,2025-07-15 18:03:05.260852,1623,5924,149.3,receive,Delhi,mobile,0,5G,evening,0
102683,2025-07-15 19:48:13.722344,1014,5994,137.32,merchant_payment,Chennai,mobile,0,5G,evening,0
102684,2025-07-15 21:33:22.183836,1504,5237,1323.49,send,Delhi,mobile,0,4G,evening,0
102685,2025-07-15 23:18:30.645329,1231,5248,290.37,receive,Kolkata,mobile,0,5G,evening,0
102686,2025-07-16 01:03:39.106821,1985,5368,317.26,merchant_payment,Delhi,mobile,0,4G,night,0
102687,2025-07-16 02:48:47.568313,1084,5495,253.0,merchant_payment,Kolkata,mobile,0,4G,night,0
102688,2025-07-16 04:33:56.029805,1130,5025,358.94,send,Delhi,mobile,1,4G,night,0
102689,2025-07-16 06:19:04.491298,1743,5586,714.14,merchant_payment,Bangalore,mobile,0,5G,morning,0
102690,2025-07-16 08:04:12.952790,1838,5718,302.81,merchant_payment,Chennai,mobile,0,4G,morning,1
102691,2025-07-16 09:49:21.414282,1145,5490,590.36,send,Ahmedabad,mobile,0,WiFi,morning,0
102692,2025-07-16 11:34:29.875775,1891,5494,2034.91,send,Ahmedabad,tablet,0,4G,morning,0
102693,2025-07-16 13:19:38.337267,1857,5314,217.1,receive,Bangalore,mobile,0,WiFi,afternoon,0
102694,2025-07-16 15:04:46.798759,1028,5606,317.52,receive,Hyderabad,mobile,0,4G,afternoon,0
102695,2025-07-16 16:49:55.260252,1066,5375,935.48,merchant_payment,Ahmedabad,mobile,0,5G,afternoon,0
102696,2025-07-16 18:35:03.721744,1163,5639,2202.39,send,Hyderabad,mobile,0,5G,evening,0
102697,2025-07-16 20:20:12.183236,1229,5937,142.26,receive,Mumbai,mobile,0,5G,evening,0
102698,2025-07-16 22:05:20.644728,1261,5025,89.94,receive,Ahmedabad,mobile,0,4G,evening,0
102699,2025-07-16 23:50:29.106221,1449,5334,492.45,send,Mumbai,mobile,0,5G,evening,0
102700,2025-07-17 01:35:37.567713,1424,5355,444.13,receive,Ahmedabad,mobile,0,4G,night,0
102701,2025-07-17 03:20:46.029205,1460,5116,992.44,send,Ahmedabad,mobile,0,5G,night,1
102702,2025-07-17 05:05:54.490698,1952,5048,851.98,send,Mumbai,mobile,0,5G,night,1
102703,2025-07-17 06:51:02.952190,1676,5738,476.29,receive,Pune,mobile,0,4G,morning,0
102704,2025-07-17 08:36:11.413682,1301,5778,1407.0,merchant_payment,Hyderabad,mobile,0,4G,morning,0
102705,2025-07-17 10:21:19.875175,1919,5099,249.38,send,Delhi,mobile,0,4G,morning,0
102706,2025-07-17 12:06:28.336667,1303,5459,608.86,send,Kolkata,mobile,0,WiFi,afternoon,0
102707,2025-07-17 13:51:36.798159,1287,5523,146.1,send,Pune,mobile,0,5G,afternoon,0
102708,2025-07-17 15:36:45.259651,1395,5597,472.42,send,Delhi,mobile,0,4G,afternoon,0
102709,2025-07-17 17:21:53.721144,1010,5405,114.3,send,Chennai,mobile,0,4G,afternoon,0
102710,2025-07-17 19:07:02.182636,1707,5214,161.44,merchant_payment,Hyderabad,mobile,0,4G,evening,0
102711,2025-07-17 20:52:10.644128,1630,5685,2722.9,send,Ahmedabad,mobile,0,4G,evening,0
102712,2025-07-17 22:37:19.105621,1270,5903,79.48,merchant_payment,Ahmedabad,mobile,0,5G,evening,0
102713,2025-07-18 00:22:27.567113,1592,5503,396.77,send,Ahmedabad,mobile,0,5G,night,0
102714,2025-07-18 02:07:36.028605,1970,5721,1126.89,merchant_payment,Kolkata,mobile,0,5G,night,0
102715,2025-07-18 03:52:44.490098,1605,5448,4543.06,merchant_payment,Kolkata,mobile,0,WiFi,night,0
102716,2025-07-18 05:37:52.951590,1778,5894,588.2,receive,Kolkata,tablet,0,5G,night,0
102717,2025-07-18 07:23:01.413082,1844,5576,622.8,send,Mumbai,mobile,0,5G,morning,0
102718,2025-07-18 09:08:09.874574,1862,5258,512.7,receive,Kolkata,mobile,0,5G,morning,0
102719,2025-07-18 10:53:18.336067,1361,5844,1418.33,receive,Kolkata,mobile,0,5G,morning,0
102720,2025-07-18 12:38:26.797559,1257,5121,758.77,merchant_payment,Hyderabad,tablet,0,WiFi,afternoon,0
102721,2025-07-18 14:23:35.259051,1133,5810,277.25,receive,Delhi,mobile,0,5G,afternoon,0
102722,2025-07-18 16:08:43.720544,1276,5978,1503.44,send,Pune,mobile,0,4G,afternoon,0
102723,2025-07-18 17:53:52.182036,1776,5054,310.38,merchant_payment,Pune,mobile,0,WiFi,afternoon,0
102724,2025-07-18 19:39:00.643528,1683,5331,99.63,merchant_payment,Ahmedabad,mobile,0,5G,evening,0
102725,2025-07-18 21:24:09.105021,1972,5784,99.95,receive,Delhi,mobile,0,4G,evening,0
102726,2025-07-18 23:09:17.566513,1513,5241,403.0,merchant_payment,Bangalore,tablet,0,5G,evening,0
102727,2025-07-19 00:54:26.028005,1313,5755,546.23,receive,Bangalore,mobile,0,4G,night,0
102728,2025-07-19 02:39:34.489497,1576,5530,1281.3,merchant_payment,Chennai,mobile,0,WiFi,night,0
102729,2025-07-19 04:24:42.950990,1886,5483,935.25,merchant_payment,Hyderabad,mobile,0,WiFi,night,1
102730,2025-07-19 06:09:51.412482,1980,5187,533.71,merchant_payment,Bangalore,mobile,0,4G,morning,0
102731,2025-07-19 07:54:59.873974,1284,5858,1354.94,send,Bangalore,tablet,0,WiFi,morning,0
102732,2025-07-19 09:40:08.335467,1121,5656,499.07,receive,Hyderabad,mobile,0,5G,morning,0
102733,2025-07-19 11:25:16.796959,1107,5262,135.57,receive,Delhi,mobile,0,5G,morning,0
102734,2025-07-19 13:10:25.258451,1933,5953,109.02,send,Ahmedabad,mobile,0,4G,afternoon,0
102735,2025-07-19 14:55:33.719943,1687,5364,1769.92,send,Chennai,mobile,0,4G,afternoon,0
102736,2025-07-19 16:40:42.181436,1997,5491,52.18,merchant_payment,Chennai,mobile,0,5G,afternoon,0
102737,2025-07-19 18:25:50.642928,1204,5431,403.13,receive,Chennai,mobile,0,4G,evening,0
102738,2025-07-19 20:10:59.104420,1165,5239,9718.57,send,Bangalore,mobile,0,5G,evening,1
102739,2025-07-19 21:56:07.565913,1305,5304,779.95,merchant_payment,Delhi,mobile,0,WiFi,evening,0
102740,2025-07-19 23:41:16.027405,1497,5298,400.0,merchant_payment,Chennai,mobile,0,WiFi,evening,0
102741,2025-07-20 01:26:24.488897,1632,5076,91.43,receive,Hyderabad,mobile,0,4G,night,0
102742,2025-07-20 03:11:32.950390,1556,5700,2483.37,send,Chennai,mobile,1,4G,night,0
102743,2025-07-20 04:56:41.411882,1824,5333,1658.76,merchant_payment,Pune,mobile,0,WiFi,night,0
102744,2025-07-20 06:41:49.873374,1156,5900,977.3,merchant_payment,Mumbai,tablet,0,5G,morning,0
102745,2025-07-20 08:26:58.334866,1367,5999,492.47,send,Delhi,mobile,0,WiFi,morning,0
102746,2025-07-20 10:12:06.796359,1719,5758,873.07,send,Mumbai,mobile,0,5G,morning,0
102747,2025-07-20 11:57:15.257851,1902,5642,424.7,send,Delhi,mobile,0,5G,morning,1
102748,2025-07-20 13:42:23.719343,1620,5474,186.18,merchant_payment,Kolkata,mobile,0,4G,afternoon,0
102749,2025-07-20 15:27:32.180836,1251,5827,1282.2,send,Hyderabad,mobile,0,4G,afternoon,0
102750,2025-07-20 17:12:40.642328,1957,5923,468.41,receive,Kolkata,mobile,0,4G,afternoon,0
102751,2025-07-20 18:57:49.103820,1916,5283,830.43,send,Bangalore,mobile,0,4G,evening,0
102752,2025-07-20 20:42:57.565313,1882,5591,436.54,merchant_payment,Bangalore,tablet,1,5G,evening,0
102753,2025-07-20 22:28:06.026805,1334,5072,781.97,send,Kolkata,mobile,0,5G,evening,0
102754,2025-07-21 00:13:14.488297,1642,5263,485.66,receive,Delhi,mobile,0,5G,night,0
102755,2025-07-21 01:58:22.949789,1969,5703,449.19,merchant_payment,Chennai,mobile,0,WiFi,night,0
102756,2025-07-21 03:43:31.411282,1511,5879,507.75,send,Mumbai,mobile,0,5G,night,0
102757,2025-07-21 05:28:39.872774,1293,5887,9517.33,send,Hyderabad,mobile,0,5G,night,0
102758,2025-07-21 07:13:48.334266,1020,5942,1099.28,merchant_payment,Chennai,tablet,0,WiFi,morning,0
102759,2025-07-21 08:58:56.795759,1282,5575,6542.39,send,Bangalore,mobile,0,4G,morning,0
102760,2025-07-21 10:44:05.257251,1797,6000,488.77,merchant_payment,Chennai,mobile,0,4G,morning,0
102761,2025-07-21 12:29:13.718743,1001,5892,361.75,send,Ahmedabad,mobile,1,5G,afternoon,0
102762,2025-07-21 14:14:22.180236,1119,5012,168.31,send,Ahmedabad,mobile,0,5G,afternoon,0
102763,2025-07-21 15:59:30.641728,1035,5141,2448.5,merchant_payment,Kolkata,mobile,0,5G,afternoon,0
102764,2025-07-21 17:44:39.103220,1198,5766,199.3,receive,Ahmedabad,mobile,0,4G,afternoon,0
102765,2025-07-21 19:29:47.564712,1485,5555,3009.59,merchant_payment,Kolkata,mobile,0,4G,evening,0
102766,2025-07-21 21:14:56.026205,1757,5017,178.36,send,Pune,mobile,0,4G,evening,0
102767,2025-07-21 23:00:04.487697,1059,5063,1195.91,send,Pune,mobile,0,4G,evening,0
102768,2025-07-22 00:45:12.949189,1837,5253,100.38,merchant_payment,Mumbai,mobile,0,5G,night,0
102769,2025-07-22 02:30:21.410682,1161,5465,316.73,send,Ahmedabad,mobile,0,5G,night,1
102770,2025-07-22 04:15:29.872174,1691,5376,503.75,receive,Bangalore,tablet,1,5G,night,1
102771,2025-07-22 06:00:38.333666,1206,5804,271.11,send,Delhi,mobile,0,4G,morning,0
102772,2025-07-22 07:45:46.795159,1012,5981,416.0,send,Ahmedabad,mobile,1,4G,morning,0
102773,2025-07-22 09:30:55.256651,1490,5520,417.99,merchant_payment,Hyderabad,mobile,0,5G,morning,0
102774,2025-07-22 11:16:03.718143,1276,5837,1104.26,merchant_payment,Kolkata,mobile,0,5G,morning,0
102775,2025-07-22 13:01:12.179635,1693,5090,61.15,merchant_payment,Ahmedabad,mobile,0,WiFi,afternoon,0
102776,2025-07-22 14:46:20.641128,1242,5720,280.64,merchant_payment,Hyderabad,mobile,0,4G,afternoon,0
102777,2025-07-22 16:31:29.102620,1216,5804,1727.86,receive,Bangalore,mobile,0,5G,afternoon,0
102778,2025-07-22 18:16:37.564112,1251,5796,864.78,receive,Delhi,mobile,0,5G,evening,0
102779,2025-07-22 20:01:46.025605,1811,5630,1756.87,merchant_payment,Pune,mobile,0,WiFi,evening,0
102780,2025-07-22 21:46:54.487097,1126,5861,1052.36,send,Kolkata,mobile,0,WiFi,evening,0
102781,2025-07-22 23:32:02.948589,1994,5175,166.75,send,Mumbai,mobile,0,WiFi,evening,0
102782,2025-07-23 01:17:11.410082,1217,5076,954.22,merchant_payment,Hyderabad,mobile,0,WiFi,night,0
102783,2025-07-23 03:02:19.871574,1306,5613,544.68,send,Ahmedabad,mobile,0,5G,night,0
102784,2025-07-23 04:47:28.333066,1797,5926,4760.28,send,Bangalore,mobile,0,4G,night,0
102785,2025-07-23 06:32:36.794558,1185,5663,1099.01,receive,Hyderabad,mobile,0,5G,morning,0
102786,2025-07-23 08:17:45.256051,1039,5400,831.61,merchant_payment,Ahmedabad,mobile,0,4G,morning,0
102787,2025-07-23 10:02:53.717543,1223,5782,962.39,receive,Pune,tablet,0,4G,morning,0
102788,2025-07-23 11:48:02.179035,1184,5970,787.49,send,Pune,mobile,0,5G,morning,1
102789,2025-07-23 13:33:10.640528,1495,5071,766.47,merchant_payment,Delhi,mobile,0,5G,afternoon,0
102790,2025-07-23 15:18:19.102020,1427,5180,377.55,merchant_payment,Mumbai,mobile,0,5G,afternoon,0
102791,2025-07-23 17:03:27.563512,1178,5124,841.74,merchant_payment,Pune,mobile,0,4G,afternoon,0
102792,2025-07-23 18:48:36.025005,1919,5381,1272.15,send,Delhi,mobile,0,5G,evening,0
102793,2025-07-23 20:33:44.486497,1428,5293,1422.72,send,Pune,mobile,0,WiFi,evening,1
102794,2025-07-23 22:18:52.947989,1294,5797,1260.31,send,Kolkata,mobile,0,5G,evening,0
102795,2025-07-24 00:04:01.409481,1852,5195,2226.23,send,Chennai,mobile,0,5G,night,0
102796,2025-07-24 01:49:09.870974,1151,5911,1514.58,send,Delhi,mobile,0,5G,night,0
102797,2025-07-24 03:34:18.332466,1384,5228,923.82,send,Delhi,mobile,0,WiFi,night,0
102798,2025-07-24 05:19:26.793958,1638,5431,157.01,receive,Hyderabad,mobile,0,4G,night,1
102799,2025-07-24 07:04:35.255451,1813,5942,157.08,merchant_payment,Pune,mobile,0,4G,morning,0
102800,2025-07-24 08:49:43.716943,1308,5436,384.47,merchant_payment,Delhi,mobile,0,4G,morning,0
102801,2025-07-24 10:34:52.178435,1336,5787,516.33,send,Bangalore,mobile,0,4G,morning,0
102802,2025-07-24 12:20:00.639927,1946,5461,1994.21,send,Kolkata,mobile,0,4G,afternoon,0
102803,2025-07-24 14:05:09.101420,1746,5618,30.58,send,Hyderabad,mobile,0,5G,afternoon,0
102804,2025-07-24 15:50:17.562912,1892,5021,175.35,send,Hyderabad,mobile,0,4G,afternoon,0
102805,2025-07-24 17:35:26.024404,1375,5064,405.77,send,Chennai,mobile,0,4G,afternoon,0
102806,2025-07-24 19:20:34.485897,1008,5165,181.84,receive,Kolkata,mobile,0,4G,evening,0
102807,2025-07-24 21:05:42.947389,1341,5027,221.83,merchant_payment,Ahmedabad,mobile,1,WiFi,evening,1
102808,2025-07-24 22:50:51.408881,1129,5311,299.12,merchant_payment,Bangalore,mobile,0,5G,evening,0
102809,2025-07-25 00:35:59.870374,1776,5285,191.36,receive,Kolkata,mobile,0,4G,night,1
102810,2025-07-25 02:21:08.331866,1669,5660,227.6,merchant_payment,Delhi,mobile,0,4G,night,1
102811,2025-07-25 04:06:16.793358,1352,5281,1926.06,merchant_payment,Chennai,mobile,0,5G,night,0
102812,2025-07-25 05:51:25.254850,1358,5838,910.8,merchant_payment,Bangalore,mobile,0,5G,night,1
102813,2025-07-25 07:36:33.716343,1517,5831,1057.8,receive,Chennai,mobile,0,5G,morning,0
102814,2025-07-25 09:21:42.177835,1495,5164,476.22,receive,Kolkata,mobile,0,WiFi,morning,0
102815,2025-07-25 11:06:50.639327,1086,5898,1354.39,merchant_payment,Mumbai,mobile,0,5G,morning,0
102816,2025-07-25 12:51:59.100820,1175,5918,1150.32,send,Kolkata,mobile,0,WiFi,afternoon,0
102817,2025-07-25 14:37:07.562312,1802,5224,896.54,merchant_payment,Delhi,mobile,0,4G,afternoon,0
102818,2025-07-25 16:22:16.023804,1193,5784,256.17,merchant_payment,Chennai,mobile,0,WiFi,afternoon,0
102819,2025-07-25 18:07:24.485297,1311,5146,316.7,merchant_payment,Mumbai,mobile,0,5G,evening,0
102820,2025-07-25 19:52:32.946789,1119,5965,1419.6,send,Delhi,mobile,0,4G,evening,0
102821,2025-07-25 21:37:41.408281,1218,5950,293.91,send,Chennai,mobile,0,4G,evening,0
102822,2025-07-25 23:22:49.869773,1427,5868,135.84,merchant_payment,Chennai,mobile,0,5G,evening,0
102823,2025-07-26 01:07:58.331266,1970,5030,288.29,merchant_payment,Kolkata,mobile,0,4G,night,0
102824,2025-07-26 02:53:06.792758,1414,5045,2343.51,send,Pune,mobile,0,5G,night,0
102825,2025-07-26 04:38:15.254250,1114,5787,288.58,merchant_payment,Chennai,mobile,0,5G,night,1
102826,2025-07-26 06:23:23.715743,1978,5471,683.79,merchant_payment,Chennai,mobile,0,4G,morning,1
102827,2025-07-26 08:08:32.177235,1145,5034,266.22,send,Hyderabad,mobile,0,4G,morning,0
102828,2025-07-26 09:53:40.638727,1538,5653,1057.25,merchant_payment,Pune,tablet,0,WiFi,morning,0
102829,2025-07-26 11:38:49.100220,1648,5427,842.86,send,Chennai,mobile,0,4G,morning,0
102830,2025-07-26 13:23:57.561712,1303,5830,110.92,receive,Kolkata,mobile,0,4G,afternoon,0
102831,2025-07-26 15:09:06.023204,1744,5886,644.21,receive,Hyderabad,mobile,0,4G,afternoon,0
102832,2025-07-26 16:54:14.484696,1881,5221,91.6,merchant_payment,Hyderabad,mobile,0,WiFi,afternoon,0
102833,2025-07-26 18:39:22.946189,1588,5868,283.14,merchant_payment,Ahmedabad,mobile,0,5G,evening,0
102834,2025-07-26 20:24:31.407681,1987,5534,487.15,send,Mumbai,mobile,0,5G,evening,0
102835,2025-07-26 22:09:39.869173,1840,5692,3123.99,merchant_payment,Delhi,mobile,0,4G,evening,0
102836,2025-07-26 23:54:48.330666,1345,5948,677.16,merchant_payment,Hyderabad,mobile,1,4G,evening,1
102837,2025-07-27 01:39:56.792158,1814,5367,228.82,merchant_payment,Bangalore,mobile,0,4G,night,0
102838,2025-07-27 03:25:05.253650,1964,5932,358.81,receive,Hyderabad,mobile,0,5G,night,0
102839,2025-07-27 05:10:13.715143,1801,5841,1241.65,send,Ahmedabad,mobile,1,4G,night,0
102840,2025-07-27 06:55:22.176635,1001,5743,231.94,receive,Bangalore,mobile,1,5G,morning,0
102841,2025-07-27 08:40:30.638127,1147,5915,1475.83,merchant_payment,Ahmedabad,mobile,0,5G,morning,0
102842,2025-07-27 10:25:39.099619,1287,5550,292.06,send,Ahmedabad,mobile,0,4G,morning,0
102843,2025-07-27 12:10:47.561112,1976,5582,197.29,merchant_payment,Pune,mobile,0,WiFi,afternoon,0
102844,2025-07-27 13:55:56.022604,1654,5116,301.57,merchant_payment,Mumbai,mobile,0,4G,afternoon,0
102845,2025-07-27 15:41:04.484096,1053,5239,97.88,merchant_payment,Bangalore,mobile,0,4G,afternoon,0
102846,2025-07-27 17:26:12.945589,1304,5335,56.12,merchant_payment,Mumbai,mobile,0,WiFi,afternoon,0
102847,2025-07-27 19:11:21.407081,1069,5441,453.71,receive,Mumbai,mobile,0,4G,evening,0
102848,2025-07-27 20:56:29.868573,1361,5148,460.68,merchant_payment,Mumbai,mobile,0,4G,evening,0
102849,2025-07-27 22:41:38.330066,1602,5009,636.8,send,Bangalore,mobile,0,5G,evening,0
102850,2025-07-28 00:26:46.791558,1958,5288,451.48,merchant_payment,Bangalore,tablet,0,4G,night,0
102851,2025-07-28 02:11:55.253050,1220,5388,5060.66,merchant_payment,Mumbai,mobile,0,WiFi,night,0
102852,2025-07-28 03:57:03.714542,1962,5050,583.13,merchant_payment,Pune,mobile,0,4G,night,0
102853,2025-07-28 05:42:12.176035,1704,5850,124.4,merchant_payment,Mumbai,mobile,0,4G,night,0
102854,2025-07-28 07:27:20.637527,1966,5517,160.79,send,Pune,mobile,0,WiFi,morning,0
102855,2025-07-28 09:12:29.099019,1575,5916,492.9,send,Delhi,mobile,0,4G,morning,0
102856,2025-07-28 10:57:37.560512,1585,5855,318.8,merchant_payment,Pune,tablet,0,WiFi,morning,0
102857,2025-07-28 12:42:46.022004,1161,5638,144.25,send,Pune,mobile,0,4G,afternoon,0
102858,2025-07-28 14:27:54.483496,1681,5587,464.59,receive,Pune,mobile,0,4G,afternoon,0
102859,2025-07-28 16:13:02.944989,1089,5677,471.43,send,Mumbai,mobile,0,4G,afternoon,0
102860,2025-07-28 17:58:11.406481,1688,5278,2430.11,send,Chennai,mobile,0,4G,afternoon,0
102861,2025-07-28 19:43:19.867973,1781,5954,197.14,send,Delhi,mobile,0,5G,evening,0
102862,2025-07-28 21:28:28.329465,1585,5836,324.5,merchant_payment,Delhi,mobile,0,4G,evening,0
102863,2025-07-28 23:13:36.790958,1757,5989,2422.65,receive,Ahmedabad,mobile,0,5G,evening,0
102864,2025-07-29 00:58:45.252450,1589,5300,684.43,receive,Delhi,tablet,0,4G,night,0
102865,2025-07-29 02:43:53.713942,1159,5802,195.99,merchant_payment,Chennai,mobile,0,4G,night,0
102866,2025-07-29 04:29:02.175435,1489,5589,241.11,send,Delhi,tablet,0,4G,night,1
102867,2025-07-29 06:14:10.636927,1971,5810,146.33,send,Delhi,mobile,0,5G,morning,0
102868,2025-07-29 07:59:19.098419,1324,5649,532.33,merchant_payment,Bangalore,mobile,0,4G,morning,0
102869,2025-07-29 09:44:27.559911,1610,5618,1381.82,merchant_payment,Kolkata,mobile,0,4G,morning,1
102870,2025-07-29 11:29:36.021404,1381,5607,2517.2,send,Ahmedabad,mobile,0,WiFi,morning,0
102871,2025-07-29 13:14:44.482896,1102,5135,111.47,merchant_payment,Bangalore,mobile,0,4G,afternoon,0
102872,2025-07-29 14:59:52.944388,1494,5580,1175.11,merchant_payment,Mumbai,mobile,0,4G,afternoon,0
102873,2025-07-29 16:45:01.405881,1644,5147,580.75,send,Ahmedabad,mobile,0,4G,afternoon,0
102874,2025-07-29 18:30:09.867373,1614,5490,379.2,send,Mumbai,mobile,0,4G,evening,0
102875,2025-07-29 20:15:18.328865,1019,5478,324.62,merchant_payment,Ahmedabad,mobile,0,5G,evening,0
102876,2025-07-29 22:00:26.790358,1454,5159,72.17,send,Pune,mobile,0,4G,evening,0
102877,2025-07-29 23:45:35.251850,1482,5384,932.62,send,Hyderabad,mobile,0,5G,evening,0
102878,2025-07-30 01:30:43.713342,1594,5163,131.78,merchant_payment,Ahmedabad,tablet,0,4G,night,0
102879,2025-07-30 03:15:52.174834,1397,5441,233.18,receive,Kolkata,mobile,0,WiFi,night,0
102880,2025-07-30 05:01:00.636327,1279,5853,748.44,receive,Chennai,tablet,0,4G,night,1
102881,2025-07-30 06:46:09.097819,1851,5189,80.11,send,Bangalore,mobile,0,5G,morning,0
102882,2025-07-30 08:31:17.559311,1365,5415,131.53,merchant_payment,Ahmedabad,mobile,0,4G,morning,0
102883,2025-07-30 10:16:26.020804,1331,5339,1666.8,receive,Mumbai,mobile,0,5G,morning,0
102884,2025-07-30 12:01:34.482296,1641,5607,556.72,send,Chennai,mobile,0,5G,afternoon,0
102885,2025-07-30 13:46:42.943788,1344,5181,254.12,send,Delhi,mobile,0,4G,afternoon,0
102886,2025-07-30 15:31:51.405281,1822,5288,558.91,receive,Chennai,mobile,0,5G,afternoon,0
102887,2025-07-30 17:16:59.866773,1455,5834,962.44,merchant_payment,Bangalore,mobile,0,5G,afternoon,0
102888,2025-07-30 19:02:08.328265,1601,5187,1517.42,merchant_payment,Kolkata,tablet,0,4G,evening,0
102889,2025-07-30 20:47:16.789757,1725,5884,161.99,send,Hyderabad,mobile,0,4G,evening,0
102890,2025-07-30 22:32:25.251250,1655,5138,176.83,merchant_payment,Pune,mobile,0,4G,evening,0
102891,2025-07-31 00:17:33.712742,1065,5130,905.37,merchant_payment,Bangalore,mobile,0,4G,night,1
102892,2025-07-31 02:02:42.174234,1076,5194,934.87,merchant_payment,Pune,mobile,1,4G,night,1
102893,2025-07-31 03:47:50.635727,1711,5316,128.51,receive,Kolkata,mobile,0,5G,night,0
102894,2025-07-31 05:32:59.097219,1143,5984,183.59,send,Mumbai,mobile,1,4G,night,0
102895,2025-07-31 07:18:07.558711,1917,5785,405.96,merchant_payment,Pune,mobile,0,4G,morning,0
102896,2025-07-31 09:03:16.020204,1915,5864,504.5,send,Mumbai,mobile,0,5G,morning,0
102897,2025-07-31 10:48:24.481696,1828,5144,519.01,send,Chennai,mobile,0,5G,morning,0
102898,2025-07-31 12:33:32.943188,1605,5016,126.55,receive,Bangalore,mobile,0,WiFi,afternoon,0
102899,2025-07-31 14:18:41.404680,1473,5302,513.8,merchant_payment,Mumbai,tablet,0,WiFi,afternoon,0
102900,2025-07-31 16:03:49.866173,1417,5423,240.48,send,Delhi,mobile,0,5G,afternoon,0
102901,2025-07-31 17:48:58.327665,1305,5245,153.5,receive,Delhi,mobile,0,4G,afternoon,0
102902,2025-07-31 19:34:06.789157,1736,5927,487.36,send,Hyderabad,mobile,0,5G,evening,0
102903,2025-07-31 21:19:15.250650,1497,5107,440.1,merchant_payment,Chennai,mobile,0,5G,evening,0
102904,2025-07-31 23:04:23.712142,1291,5088,1098.49,receive,Mumbai,mobile,0,5G,evening,0
102905,2025-08-01 00:49:32.173634,1940,5129,208.31,send,Hyderabad,mobile,0,4G,night,0
102906,2025-08-01 02:34:40.635127,1102,5907,623.39,send,Delhi,tablet,0,5G,night,1
102907,2025-08-01 04:19:49.096619,1986,5887,102.65,send,Hyderabad,mobile,0,5G,night,0
102908,2025-08-01 06:04:57.558111,1267,5341,374.33,send,Ahmedabad,mobile,0,4G,morning,0
102909,2025-08-01 07:50:06.019603,1867,5004,783.43,send,Hyderabad,mobile,0,5G,morning,0
102910,2025-08-01 09:35:14.481096,1968,5327,852.37,merchant_payment,Mumbai,mobile,0,4G,morning,0
102911,2025-08-01 11:20:22.942588,1622,5410,858.2,send,Mumbai,tablet,0,5G,morning,0
102912,2025-08-01 13:05:31.404080,1974,5879,1101.44,merchant_payment,Mumbai,mobile,0,5G,afternoon,0
102913,2025-08-01 14:50:39.865573,1842,5306,315.52,send,Chennai,mobile,0,4G,afternoon,0
102914,2025-08-01 16:35:48.327065,1962,5908,808.94,receive,Pune,mobile,0,WiFi,afternoon,0
102915,2025-08-01 18:20:56.788557,1942,5607,3193.09,send,Hyderabad,mobile,0,WiFi,evening,0
102916,2025-08-01 20:06:05.250050,1777,5721,308.85,send,Hyderabad,mobile,0,4G,evening,0
102917,2025-08-01 21:51:13.711542,1003,5225,1959.02,receive,Chennai,mobile,0,4G,evening,0
102918,2025-08-01 23:36:22.173034,1085,5971,1183.79,send,Delhi,mobile,0,5G,evening,0
102919,2025-08-02 01:21:30.634526,1794,5348,377.54,merchant_payment,Bangalore,mobile,0,5G,night,0
102920,2025-08-02 03:06:39.096019,1328,5992,410.4,receive,Pune,mobile,0,4G,night,0
102921,2025-08-02 04:51:47.557511,1816,5321,554.69,receive,Delhi,mobile,0,5G,night,0
102922,2025-08-02 06:36:56.019003,1450,5559,1118.97,send,Chennai,tablet,0,WiFi,morning,1
102923,2025-08-02 08:22:04.480496,1454,5988,737.03,send,Pune,tablet,0,5G,morning,0
102924,2025-08-02 10:07:12.941988,1924,5181,306.43,receive,Pune,mobile,0,4G,morning,0
102925,2025-08-02 11:52:21.403480,1629,5618,61.43,receive,Hyderabad,tablet,0,5G,morning,0
102926,2025-08-02 13:37:29.864972,1221,5711,965.04,send,Hyderabad,mobile,0,5G,afternoon,0
102927,2025-08-02 15:22:38.326465,1154,5386,71.34,send,Mumbai,mobile,0,WiFi,afternoon,0
102928,2025-08-02 17:07:46.787957,1665,5618,125.72,send,Mumbai,mobile,0,4G,afternoon,0
102929,2025-08-02 18:52:55.249449,1012,5792,329.48,receive,Ahmedabad,mobile,0,5G,evening,0
102930,2025-08-02 20:38:03.710942,1133,5772,146.34,send,Hyderabad,tablet,0,4G,evening,0
102931,2025-08-02 22:23:12.172434,1994,5108,676.9,receive,Hyderabad,mobile,0,5G,evening,0
102932,2025-08-03 00:08:20.633926,1304,5531,366.43,send,Kolkata,mobile,0,4G,night,0
102933,2025-08-03 01:53:29.095419,1293,5410,1080.56,receive,Pune,mobile,0,WiFi,night,0
102934,2025-08-03 03:38:37.556911,1975,5971,98.72,send,Mumbai,tablet,0,5G,night,1
102935,2025-08-03 05:23:46.018403,1300,5296,254.2,receive,Mumbai,mobile,0,WiFi,night,0
102936,2025-08-03 07:08:54.479895,1740,5818,494.82,send,Delhi,tablet,1,4G,morning,0
102937,2025-08-03 08:54:02.941388,1783,5171,514.26,send,Hyderabad,mobile,0,5G,morning,1
102938,2025-08-03 10:39:11.402880,1043,5331,986.37,send,Pune,mobile,0,WiFi,morning,0
102939,2025-08-03 12:24:19.864372,1944,5493,197.44,send,Hyderabad,mobile,0,WiFi,afternoon,0
102940,2025-08-03 14:09:28.325865,1343,5195,308.58,send,Chennai,mobile,0,WiFi,afternoon,0
102941,2025-08-03 15:54:36.787357,1326,5012,818.4,merchant_payment,Delhi,mobile,0,4G,afternoon,0
102942,2025-08-03 17:39:45.248849,1814,5195,54.68,merchant_payment,Bangalore,mobile,0,4G,afternoon,0
102943,2025-08-03 19:24:53.710342,1498,5490,724.1,send,Bangalore,mobile,0,4G,evening,0
102944,2025-08-03 21:10:02.171834,1364,5795,1057.8,merchant_payment,Bangalore,mobile,0,4G,evening,0
102945,2025-08-03 22:55:10.633326,1891,5881,129.84,receive,Pune,mobile,0,4G,evening,0
102946,2025-08-04 00:40:19.094818,1427,5182,359.59,send,Kolkata,mobile,0,5G,night,0
102947,2025-08-04 02:25:27.556311,1021,5962,2192.2,merchant_payment,Mumbai,mobile,0,5G,night,0
102948,2025-08-04 04:10:36.017803,1407,5817,953.2,merchant_payment,Pune,mobile,0,5G,night,0
102949,2025-08-04 05:55:44.479295,1619,5656,770.45,merchant_payment,Bangalore,mobile,0,5G,night,0
102950,2025-08-04 07:40:52.940788,1336,5898,1327.38,send,Chennai,tablet,0,4G,morning,0
102951,2025-08-04 09:26:01.402280,1815,5316,2994.54,send,Ahmedabad,mobile,0,WiFi,morning,0
102952,2025-08-04 11:11:09.863772,1117,5694,501.97,receive,Pune,mobile,0,4G,morning,0
102953,2025-08-04 12:56:18.325265,1124,5030,327.93,receive,Pune,mobile,0,5G,afternoon,0
102954,2025-08-04 14:41:26.786757,1399,5596,1324.17,send,Ahmedabad,mobile,0,4G,afternoon,0
102955,2025-08-04 16:26:35.248249,1793,5678,408.52,merchant_payment,Mumbai,mobile,0,WiFi,afternoon,0
102956,2025-08-04 18:11:43.709741,1804,5796,194.8,receive,Mumbai,mobile,0,WiFi,evening,0
102957,2025-08-04 19:56:52.171234,1715,5793,287.13,send,Bangalore,mobile,0,4G,evening,0
102958,2025-08-04 21:42:00.632726,1051,5096,673.39,receive,Mumbai,mobile,0,4G,evening,0
102959,2025-08-04 23:27:09.094218,1783,5381,314.32,receive,Ahmedabad,mobile,0,5G,evening,0
102960,2025-08-05 01:12:17.555711,1324,5778,338.67,send,Delhi,mobile,0,5G,night,0
102961,2025-08-05 02:57:26.017203,1789,5444,176.39,merchant_payment,Ahmedabad,mobile,0,5G,night,0
102962,2025-08-05 04:42:34.478695,1141,5298,2070.13,send,Ahmedabad,mobile,0,4G,night,0
102963,2025-08-05 06:27:42.940188,1470,5808,349.8,send,Delhi,tablet,0,5G,morning,0
102964,2025-08-05 08:12:51.401680,1787,5737,241.89,merchant_payment,Ahmedabad,mobile,0,4G,morning,0
102965,2025-08-05 09:57:59.863172,1802,5845,269.04,merchant_payment,Bangalore,mobile,0,4G,morning,0
102966,2025-08-05 11:43:08.324664,1334,5361,1099.41,merchant_payment,Pune,mobile,0,4G,morning,0
102967,2025-08-05 13:28:16.786157,1893,5374,874.1,merchant_payment,Chennai,mobile,0,WiFi,afternoon,0
102968,2025-08-05 15:13:25.247649,1964,5554,298.31,receive,Mumbai,mobile,0,4G,afternoon,0
102969,2025-08-05 16:58:33.709141,1373,5303,508.93,merchant_payment,Hyderabad,mobile,0,5G,afternoon,0
102970,2025-08-05 18:43:42.170634,1564,5421,649.83,send,Pune,mobile,0,4G,evening,0
102971,2025-08-05 20:28:50.632126,1494,5246,243.7,merchant_payment,Bangalore,mobile,0,4G,evening,0
102972,2025-08-05 22:13:59.093618,1539,5720,105.57,merchant_payment,Kolkata,mobile,0,WiFi,evening,0
102973,2025-08-05 23:59:07.555111,1669,5237,824.71,send,Mumbai,mobile,0,4G,evening,0
102974,2025-08-06 01:44:16.016603,1751,5534,257.56,receive,Bangalore,mobile,0,WiFi,night,0
102975,2025-08-06 03:29:24.478095,1156,5185,765.36,receive,Ahmedabad,mobile,1,WiFi,night,1
102976,2025-08-06 05:14:32.939587,1291,5468,679.28,merchant_payment,Bangalore,mobile,0,5G,night,1
102977,2025-08-06 06:59:41.401080,1648,5754,521.02,send,Chennai,mobile,0,4G,morning,0
102978,2025-08-06 08:44:49.862572,1144,5363,321.78,merchant_payment,Hyderabad,mobile,0,WiFi,morning,0
102979,2025-08-06 10:29:58.324064,1106,5283,261.41,send,Mumbai,mobile,0,WiFi,morning,0
102980,2025-08-06 12:15:06.785557,1420,5553,157.84,send,Bangalore,mobile,0,WiFi,afternoon,0
102981,2025-08-06 14:00:15.247049,1670,5336,266.47,merchant_payment,Bangalore,mobile,0,WiFi,afternoon,0
102982,2025-08-06 15:45:23.708541,1658,5162,870.28,receive,Pune,tablet,0,4G,afternoon,0
102983,2025-08-06 17:30:32.170034,1002,5160,1993.86,send,Mumbai,mobile,0,5G,afternoon,0
102984,2025-08-06 19:15:40.631526,1945,5474,1721.75,send,Ahmedabad,mobile,0,5G,evening,0
102985,2025-08-06 21:00:49.093018,1589,5601,569.88,merchant_payment,Bangalore,mobile,1,4G,evening,0
102986,2025-08-06 22:45:57.554510,1644,5322,1992.8,merchant_payment,Bangalore,mobile,0,5G,evening,0
102987,2025-08-07 00:31:06.016003,1090,5012,362.56,merchant_payment,Bangalore,mobile,0,5G,night,0
102988,2025-08-07 02:16:14.477495,1345,5424,135.5,merchant_payment,Delhi,mobile,0,5G,night,0
102989,2025-08-07 04:01:22.938987,1350,5073,3363.96,send,Delhi,mobile,0,WiFi,night,0
102990,2025-08-07 05:46:31.400480,1459,5588,839.5,send,Hyderabad,mobile,0,4G,night,0
102991,2025-08-07 07:31:39.861972,1263,5858,106.2,send,Chennai,tablet,0,4G,morning,0
102992,2025-08-07 09:16:48.323464,1351,5201,2342.67,send,Pune,mobile,0,4G,morning,0
102993,2025-08-07 11:01:56.784956,1108,5522,234.29,send,Pune,mobile,0,4G,morning,0
102994,2025-08-07 12:47:05.246449,1586,5864,291.23,send,Mumbai,mobile,0,4G,afternoon,0
102995,2025-08-07 14:32:13.707941,1039,5505,1368.38,receive,Chennai,mobile,0,WiFi,afternoon,0
102996,2025-08-07 16:17:22.169433,1909,5738,1923.13,send,Ahmedabad,mobile,0,5G,afternoon,0
102997,2025-08-07 18:02:30.630926,1159,5688,181.14,merchant_payment,Chennai,mobile,0,4G,evening,0
102998,2025-08-07 19:47:39.092418,1583,5788,2145.21,merchant_payment,Pune,mobile,0,4G,evening,0
102999,2025-08-07 21:32:47.553910,1959,5039,1181.14,receive,Ahmedabad,mobile,1,5G,evening,1
103000,2025-08-07 23:17:56.015403,1312,5060,221.46,merchant_payment,Delhi,mobile,0,4G,evening,0
103001,2025-08-08 01:03:04.476895,1241,5578,385.33,merchant_payment,Hyderabad,mobile,0,5G,night,1
103002,2025-08-08 02:48:12.938387,1938,5321,2244.27,send,Ahmedabad,mobile,0,4G,night,0
103003,2025-08-08 04:33:21.399879,1445,5435,103.49,send,Ahmedabad,mobile,0,4G,night,0
103004,2025-08-08 06:18:29.861372,1298,5636,1960.03,send,Chennai,mobile,0,5G,morning,0
103005,2025-08-08 08:03:38.322864,1952,5676,1148.72,send,Pune,mobile,0,5G,morning,0
103006,2025-08-08 09:48:46.784356,1036,5408,819.87,merchant_payment,Chennai,tablet,0,4G,morning,0
103007,2025-08-08 11:33:55.245849,1084,5923,562.11,merchant_payment,Bangalore,mobile,0,WiFi,morning,0
103008,2025-08-08 13:19:03.707341,1452,5386,3533.83,merchant_payment,Mumbai,mobile,0,4G,afternoon,0
103009,2025-08-08 15:04:12.168833,1886,5671,4096.64,send,Hyderabad,tablet,0,4G,afternoon,0
103010,2025-08-08 16:49:20.630326,1775,5569,266.34,merchant_payment,Pune,mobile,0,5G,afternoon,0
103011,2025-08-08 18:34:29.091818,1822,5078,908.87,send,Mumbai,mobile,0,5G,evening,0
103012,2025-08-08 20:19:37.553310,1385,5194,3211.12,merchant_payment,Ahmedabad,mobile,0,4G,evening,0
103013,2025-08-08 22:04:46.014802,1172,5285,224.74,send,Delhi,mobile,0,5G,evening,0
103014,2025-08-08 23:49:54.476295,1376,5527,628.38,send,Chennai,mobile,0,4G,evening,0
103015,2025-08-09 01:35:02.937787,1685,5524,1344.63,send,Chennai,mobile,0,WiFi,night,0
103016,2025-08-09 03:20:11.399279,1362,5613,65.7,merchant_payment,Kolkata,mobile,0,5G,night,0
103017,2025-08-09 05:05:19.860772,1559,5156,1128.4,send,Mumbai,mobile,0,4G,night,0
103018,2025-08-09 06:50:28.322264,1891,5340,165.93,send,Delhi,mobile,0,4G,morning,0
103019,2025-08-09 08:35:36.783756,1141,5125,597.25,merchant_payment,Pune,mobile,0,5G,morning,0
103020,2025-08-09 10:20:45.245249,1887,5871,1547.42,merchant_payment,Kolkata,mobile,0,5G,morning,0
103021,2025-08-09 12:05:53.706741,1918,5280,45.19,send,Ahmedabad,tablet,0,WiFi,afternoon,0
103022,2025-08-09 13:51:02.168233,1118,5917,1081.23,merchant_payment,Kolkata,mobile,0,WiFi,afternoon,0
103023,2025-08-09 15:36:10.629725,1277,5906,3783.21,send,Bangalore,mobile,0,4G,afternoon,0
103024,2025-08-09 17:21:19.091218,1726,5622,289.08,send,Kolkata,mobile,0,WiFi,afternoon,0
103025,2025-08-09 19:06:27.552710,1220,5846,877.16,receive,Kolkata,mobile,1,5G,evening,0
103026,2025-08-09 20:51:36.014202,1905,5869,1872.98,send,Bangalore,mobile,0,5G,evening,0
103027,2025-08-09 22:36:44.475695,1026,5658,100.19,receive,Chennai,mobile,0,5G,evening,0
103028,2025-08-10 00:21:52.937187,1521,5728,1050.87,receive,Chennai,mobile,0,4G,night,0
103029,2025-08-10 02:07:01.398679,1783,5910,1371.65,receive,Ahmedabad,mobile,0,4G,night,0
103030,2025-08-10 03:52:09.860172,1010,5674,933.2,merchant_payment,Hyderabad,mobile,0,WiFi,night,0
103031,2025-08-10 05:37:18.321664,1984,5128,537.34,merchant_payment,Kolkata,mobile,0,5G,night,0
103032,2025-08-10 07:22:26.783156,1378,5314,181.2,send,Mumbai,mobile,0,WiFi,morning,0
103033,2025-08-10 09:07:35.244648,1633,5332,1981.13,send,Chennai,mobile,0,4G,morning,0
103034,2025-08-10 10:52:43.706141,1637,5150,510.05,receive,Delhi,mobile,0,4G,morning,0
103035,2025-08-10 12:37:52.167633,1682,5454,199.56,merchant_payment,Pune,mobile,0,4G,afternoon,0
103036,2025-08-10 14:23:00.629125,1584,5036,358.52,receive,Mumbai,tablet,0,4G,afternoon,0
103037,2025-08-10 16:08:09.090618,1152,5685,712.22,receive,Hyderabad,tablet,0,WiFi,afternoon,0
103038,2025-08-10 17:53:17.552110,1720,5420,103.42,send,Kolkata,mobile,0,4G,afternoon,0
103039,2025-08-10 19:38:26.013602,1049,5022,501.66,receive,Bangalore,mobile,0,5G,evening,0
103040,2025-08-10 21:23:34.475095,1154,5206,324.77,send,Hyderabad,mobile,0,5G,evening,0
103041,2025-08-10 23:08:42.936587,1859,5639,1874.37,merchant_payment,Mumbai,mobile,0,5G,evening,1
103042,2025-08-11 00:53:51.398079,1293,5848,75.57,merchant_payment,Bangalore,mobile,1,5G,night,0
103043,2025-08-11 02:38:59.859571,1580,5957,1259.86,send,Ahmedabad,tablet,0,5G,night,0
103044,2025-08-11 04:24:08.321064,1050,5356,2032.65,receive,Delhi,tablet,0,5G,night,0
103045,2025-08-11 06:09:16.782556,1664,5440,78.49,merchant_payment,Bangalore,mobile,0,4G,morning,0
103046,2025-08-11 07:54:25.244048,1531,5729,88.48,send,Bangalore,mobile,1,WiFi,morning,0
103047,2025-08-11 09:39:33.705541,1612,5096,2939.22,receive,Delhi,mobile,0,WiFi,morning,0
103048,2025-08-11 11:24:42.167033,1060,5929,199.46,merchant_payment,Chennai,mobile,0,4G,morning,0
103049,2025-08-11 13:09:50.628525,1167,5941,10881.61,merchant_payment,Chennai,mobile,0,5G,afternoon,0
103050,2025-08-11 14:54:59.090018,1202,5164,80.98,send,Bangalore,mobile,0,5G,afternoon,0
103051,2025-08-11 16:40:07.551510,1857,5148,584.09,receive,Pune,mobile,0,WiFi,afternoon,0
103052,2025-08-11 18:25:16.013002,1146,5530,481.36,merchant_payment,Bangalore,mobile,0,4G,evening,0
103053,2025-08-11 20:10:24.474494,1915,5294,400.14,merchant_payment,Hyderabad,mobile,0,5G,evening,0
103054,2025-08-11 21:55:32.935987,1676,5195,782.87,merchant_payment,Pune,mobile,0,4G,evening,0
103055,2025-08-11 23:40:41.397479,1970,5663,829.35,merchant_payment,Chennai,mobile,0,4G,evening,0
103056,2025-08-12 01:25:49.858971,1993,5480,416.69,receive,Delhi,mobile,0,5G,night,0
103057,2025-08-12 03:10:58.320464,1439,5877,178.72,send,Kolkata,mobile,0,WiFi,night,1
103058,2025-08-12 04:56:06.781956,1242,5123,1404.95,receive,Kolkata,mobile,0,5G,night,0
103059,2025-08-12 06:41:15.243448,1581,5400,923.39,send,Bangalore,mobile,0,5G,morning,0
103060,2025-08-12 08:26:23.704940,1687,5699,552.57,send,Bangalore,mobile,0,5G,morning,0
103061,2025-08-12 10:11:32.166433,1561,5965,894.59,receive,Kolkata,mobile,0,WiFi,morning,0
103062,2025-08-12 11:56:40.627925,1483,5452,1063.1,merchant_payment,Hyderabad,mobile,0,4G,morning,0
103063,2025-08-12 13:41:49.089417,1108,5661,230.04,merchant_payment,Hyderabad,mobile,0,4G,afternoon,0
103064,2025-08-12 15:26:57.550910,1226,5104,863.23,receive,Hyderabad,mobile,0,WiFi,afternoon,0
103065,2025-08-12 17:12:06.012402,1673,5755,283.43,send,Ahmedabad,mobile,0,4G,afternoon,0
103066,2025-08-12 18:57:14.473894,1631,5462,1098.87,send,Mumbai,tablet,0,4G,evening,0
103067,2025-08-12 20:42:22.935387,1661,5743,406.51,send,Delhi,mobile,0,5G,evening,0
103068,2025-08-12 22:27:31.396879,1977,5991,908.43,merchant_payment,Mumbai,mobile,0,5G,evening,0
103069,2025-08-13 00:12:39.858371,1662,5718,319.32,send,Bangalore,mobile,0,5G,night,0
103070,2025-08-13 01:57:48.319863,1432,5710,956.9,send,Hyderabad,mobile,0,WiFi,night,0
103071,2025-08-13 03:42:56.781356,1805,5396,185.16,send,Hyderabad,tablet,0,4G,night,0
103072,2025-08-13 05:28:05.242848,1655,5912,510.9,merchant_payment,Kolkata,mobile,0,4G,night,0
103073,2025-08-13 07:13:13.704340,1419,5337,1313.74,merchant_payment,Ahmedabad,mobile,0,4G,morning,1
103074,2025-08-13 08:58:22.165833,1988,5599,786.19,merchant_payment,Kolkata,tablet,0,4G,morning,0
103075,2025-08-13 10:43:30.627325,1455,5142,597.07,send,Pune,mobile,0,5G,morning,0
103076,2025-08-13 12:28:39.088817,1160,5317,2991.59,send,Hyderabad,mobile,0,4G,afternoon,0
103077,2025-08-13 14:13:47.550310,1523,5711,1371.47,send,Ahmedabad,mobile,0,WiFi,afternoon,0
103078,2025-08-13 15:58:56.011802,1650,5558,1159.26,send,Chennai,mobile,0,5G,afternoon,0
103079,2025-08-13 17:44:04.473294,1969,5800,951.49,send,Kolkata,mobile,0,4G,afternoon,0
103080,2025-08-13 19:29:12.934786,1590,5527,1077.82,send,Delhi,mobile,0,4G,evening,0
103081,2025-08-13 21:14:21.396279,1077,5556,2584.02,send,Ahmedabad,tablet,0,4G,evening,0
103082,2025-08-13 22:59:29.857771,1509,5401,324.51,send,Mumbai,mobile,0,5G,evening,0
103083,2025-08-14 00:44:38.319263,1441,5681,1352.09,send,Ahmedabad,mobile,0,4G,night,0
103084,2025-08-14 02:29:46.780756,1254,5310,703.8,receive,Delhi,mobile,0,5G,night,0
103085,2025-08-14 04:14:55.242248,1921,5495,335.92,merchant_payment,Kolkata,mobile,0,4G,night,0
103086,2025-08-14 06:00:03.703740,1770,5556,445.98,merchant_payment,Hyderabad,mobile,0,WiFi,morning,0
103087,2025-08-14 07:45:12.165233,1320,5610,613.48,send,Bangalore,mobile,0,5G,morning,0
103088,2025-08-14 09:30:20.626725,1803,5773,208.53,send,Ahmedabad,mobile,0,WiFi,morning,0
103089,2025-08-14 11:15:29.088217,1263,5109,1169.13,merchant_payment,Chennai,mobile,0,5G,morning,0
103090,2025-08-14 13:00:37.549709,1597,5795,444.59,send,Kolkata,mobile,0,5G,afternoon,0
103091,2025-08-14 14:45:46.011202,1658,5372,536.43,merchant_payment,Delhi,tablet,0,5G,afternoon,0
103092,2025-08-14 16:30:54.472694,1835,5855,1914.48,receive,Ahmedabad,tablet,0,WiFi,afternoon,0
103093,2025-08-14 18:16:02.934186,1554,5616,561.02,merchant_payment,Bangalore,mobile,0,5G,evening,0
103094,2025-08-14 20:01:11.395679,1374,5768,2327.78,merchant_payment,Kolkata,tablet,0,5G,evening,0
103095,2025-08-14 21:46:19.857171,1637,5891,291.54,merchant_payment,Hyderabad,mobile,0,4G,evening,0
103096,2025-08-14 23:31:28.318663,1167,5206,164.5,merchant_payment,Pune,mobile,1,4G,evening,0
103097,2025-08-15 01:16:36.780156,1937,5847,368.71,send,Hyderabad,mobile,0,4G,night,0
103098,2025-08-15 03:01:45.241648,1753,5043,29.53,send,Hyderabad,mobile,0,5G,night,0
103099,2025-08-15 04:46:53.703140,1459,5865,1218.97,send,Hyderabad,mobile,0,4G,night,0
103100,2025-08-15 06:32:02.164632,1999,5245,174.36,send,Kolkata,mobile,0,5G,morning,0
103101,2025-08-15 08:17:10.626125,1280,5287,265.68,send,Pune,mobile,0,4G,morning,0
103102,2025-08-15 10:02:19.087617,1700,5355,1008.56,send,Chennai,mobile,0,4G,morning,0
103103,2025-08-15 11:47:27.549109,1302,5785,555.08,merchant_payment,Chennai,mobile,0,4G,morning,0
103104,2025-08-15 13:32:36.010602,1531,5476,317.18,send,Delhi,mobile,1,4G,afternoon,0
103105,2025-08-15 15:17:44.472094,1580,5083,64.29,send,Kolkata,mobile,0,5G,afternoon,0
103106,2025-08-15 17:02:52.933586,1218,5110,1809.5,send,Ahmedabad,mobile,0,5G,afternoon,0
103107,2025-08-15 18:48:01.395079,1102,5950,1015.44,receive,Ahmedabad,mobile,0,4G,evening,0
103108,2025-08-15 20:33:09.856571,1554,5190,3849.59,send,Pune,mobile,0,WiFi,evening,0
103109,2025-08-15 22:18:18.318063,1288,5983,271.41,merchant_payment,Ahmedabad,mobile,0,4G,evening,0
103110,2025-08-16 00:03:26.779555,1167,5800,115.07,receive,Pune,mobile,0,5G,night,0
103111,2025-08-16 01:48:35.241048,1621,5936,1332.42,receive,Hyderabad,mobile,0,WiFi,night,0
103112,2025-08-16 03:33:43.702540,1036,5909,408.27,send,Ahmedabad,mobile,0,4G,night,0
103113,2025-08-16 05:18:52.164032,1744,5251,923.5,receive,Chennai,tablet,0,4G,night,0
103114,2025-08-16 07:04:00.625525,1741,5724,2489.69,merchant_payment,Kolkata,mobile,0,4G,morning,0
103115,2025-08-16 08:49:09.087017,1353,5291,726.44,send,Bangalore,mobile,0,5G,morning,0
103116,2025-08-16 10:34:17.548509,1676,5645,582.48,send,Chennai,tablet,0,4G,morning,0
103117,2025-08-16 12:19:26.010002,1899,5201,620.18,send,Ahmedabad,tablet,0,4G,afternoon,0
103118,2025-08-16 14:04:34.471494,1073,5797,95.85,merchant_payment,Chennai,mobile,0,4G,afternoon,0
103119,2025-08-16 15:49:42.932986,1648,5326,1492.25,send,Pune,mobile,0,4G,afternoon,0
103120,2025-08-16 17:34:51.394478,1353,5511,1590.95,merchant_payment,Delhi,mobile,1,4G,afternoon,0
103121,2025-08-16 19:19:59.855971,1891,5409,837.62,send,Chennai,mobile,0,4G,evening,0
103122,2025-08-16 21:05:08.317463,1070,5607,108.27,receive,Bangalore,mobile,0,5G,evening,0
103123,2025-08-16 22:50:16.778955,1425,5790,436.53,merchant_payment,Hyderabad,mobile,0,4G,evening,1
103124,2025-08-17 00:35:25.240448,1999,5962,2076.68,send,Mumbai,mobile,0,5G,night,0
103125,2025-08-17 02:20:33.701940,1708,5941,279.85,send,Delhi,mobile,0,WiFi,night,0
103126,2025-08-17 04:05:42.163432,1781,5837,1610.42,send,Bangalore,mobile,0,5G,night,0
103127,2025-08-17 05:50:50.624924,1561,5508,520.66,send,Delhi,mobile,0,WiFi,night,0
103128,2025-08-17 07:35:59.086417,1828,5731,1004.76,merchant_payment,Ahmedabad,mobile,0,5G,morning,0
103129,2025-08-17 09:21:07.547909,1642,5601,326.31,send,Kolkata,mobile,0,5G,morning,0
103130,2025-08-17 11:06:16.009401,1956,5072,536.13,merchant_payment,Ahmedabad,mobile,0,4G,morning,0
103131,2025-08-17 12:51:24.470894,1517,5247,762.59,send,Hyderabad,mobile,0,4G,afternoon,0
103132,2025-08-17 14:36:32.932386,1428,5641,166.8,send,Chennai,mobile,0,4G,afternoon,0
103133,2025-08-17 16:21:41.393878,1539,5724,648.01,merchant_payment,Ahmedabad,tablet,0,4G,afternoon,0
103134,2025-08-17 18:06:49.855371,1160,5940,33.5,receive,Kolkata,mobile,0,WiFi,evening,0
103135,2025-08-17 19:51:58.316863,1149,5855,270.02,send,Chennai,mobile,0,WiFi,evening,0
103136,2025-08-17 21:37:06.778355,1776,5608,848.85,receive,Ahmedabad,mobile,0,4G,evening,0
103137,2025-08-17 23:22:15.239847,1230,5587,1510.6,send,Pune,mobile,0,5G,evening,0
103138,2025-08-18 01:07:23.701340,1712,5935,790.57,merchant_payment,Bangalore,mobile,0,5G,night,0
103139,2025-08-18 02:52:32.162832,1562,5566,122.69,send,Hyderabad,mobile,0,5G,night,0
103140,2025-08-18 04:37:40.624324,1067,5344,1384.17,send,Mumbai,mobile,0,5G,night,0
103141,2025-08-18 06:22:49.085817,1812,5971,157.72,merchant_payment,Mumbai,mobile,0,4G,morning,0
103142,2025-08-18 08:07:57.547309,1381,5925,910.69,send,Chennai,mobile,0,5G,morning,0
103143,2025-08-18 09:53:06.008801,1058,5054,163.07,send,Kolkata,mobile,0,5G,morning,0
103144,2025-08-18 11:38:14.470294,1259,5730,227.42,send,Pune,mobile,0,5G,morning,0
103145,2025-08-18 13:23:22.931786,1342,5528,189.36,merchant_payment,Hyderabad,mobile,0,4G,afternoon,0
103146,2025-08-18 15:08:31.393278,1838,5611,566.21,merchant_payment,Hyderabad,mobile,0,WiFi,afternoon,0
103147,2025-08-18 16:53:39.854770,1130,5532,405.23,merchant_payment,Bangalore,mobile,0,WiFi,afternoon,0
103148,2025-08-18 18:38:48.316263,1727,5558,819.68,receive,Kolkata,mobile,0,5G,evening,0
103149,2025-08-18 20:23:56.777755,1172,5963,483.65,receive,Mumbai,mobile,0,4G,evening,0
103150,2025-08-18 22:09:05.239247,1770,5193,108.0,send,Bangalore,mobile,0,4G,evening,0
103151,2025-08-18 23:54:13.700740,1614,5895,649.25,send,Ahmedabad,mobile,0,5G,evening,0
103152,2025-08-19 01:39:22.162232,1209,5058,84.59,merchant_payment,Delhi,mobile,0,4G,night,0
103153,2025-08-19 03:24:30.623724,1803,5437,203.6,send,Hyderabad,tablet,0,4G,night,1
103154,2025-08-19 05:09:39.085217,1354,5111,342.44,send,Mumbai,mobile,0,4G,night,0
103155,2025-08-19 06:54:47.546709,1471,5129,319.51,merchant_payment,Bangalore,mobile,0,4G,morning,0
103156,2025-08-19 08:39:56.008201,1798,5849,94.88,merchant_payment,Chennai,mobile,0,4G,morning,0
103157,2025-08-19 10:25:04.469693,1116,5706,1941.39,send,Delhi,mobile,0,4G,morning,0
103158,2025-08-19 12:10:12.931186,1264,5925,2560.62,send,Bangalore,mobile,0,5G,afternoon,0
103159,2025-08-19 13:55:21.392678,1662,5852,4678.7,receive,Chennai,mobile,0,WiFi,afternoon,0
103160,2025-08-19 15:40:29.854170,1812,5326,1552.55,receive,Mumbai,mobile,0,5G,afternoon,0
103161,2025-08-19 17:25:38.315663,1442,5008,331.81,send,Mumbai,tablet,0,5G,afternoon,0
103162,2025-08-19 19:10:46.777155,1548,5029,326.14,send,Delhi,mobile,0,5G,evening,0
103163,2025-08-19 20:55:55.238647,1453,5112,308.62,merchant_payment,Chennai,mobile,0,4G,evening,0
103164,2025-08-19 22:41:03.700140,1845,5947,3589.03,send,Hyderabad,mobile,0,4G,evening,0
103165,2025-08-20 00:26:12.161632,1477,5673,438.98,receive,Pune,mobile,0,4G,night,0
103166,2025-08-20 02:11:20.623124,1287,5131,1753.26,send,Pune,mobile,0,5G,night,0
103167,2025-08-20 03:56:29.084616,1303,5188,1622.03,send,Mumbai,mobile,0,5G,night,1
103168,2025-08-20 05:41:37.546109,1311,5675,595.59,send,Kolkata,mobile,0,4G,night,0
103169,2025-08-20 07:26:46.007601,1208,5709,115.39,merchant_payment,Hyderabad,tablet,0,5G,morning,0
103170,2025-08-20 09:11:54.469093,1618,5475,448.58,merchant_payment,Hyderabad,mobile,0,WiFi,morning,0
103171,2025-08-20 10:57:02.930586,1446,5364,570.76,send,Pune,mobile,1,4G,morning,1
103172,2025-08-20 12:42:11.392078,1670,5204,1768.56,merchant_payment,Bangalore,mobile,0,5G,afternoon,0
103173,2025-08-20 14:27:19.853570,1633,5212,502.43,send,Ahmedabad,mobile,0,4G,afternoon,0
103174,2025-08-20 16:12:28.315063,1055,5621,147.14,receive,Bangalore,mobile,0,5G,afternoon,1
103175,2025-08-20 17:57:36.776555,1912,5276,1323.33,send,Mumbai,mobile,0,5G,afternoon,0
103176,2025-08-20 19:42:45.238047,1012,5073,392.47,merchant_payment,Hyderabad,mobile,0,5G,evening,0
103177,2025-08-20 21:27:53.699539,1657,5679,38.66,send,Bangalore,mobile,0,5G,evening,0
103178,2025-08-20 23:13:02.161032,1400,5772,681.97,receive,Chennai,mobile,0,5G,evening,0
103179,2025-08-21 00:58:10.622524,1908,5243,813.03,merchant_payment,Chennai,tablet,0,4G,night,0
103180,2025-08-21 02:43:19.084016,1648,5787,212.1,send,Ahmedabad,mobile,0,4G,night,0
103181,2025-08-21 04:28:27.545509,1980,5102,406.65,send,Chennai,mobile,0,5G,night,0
103182,2025-08-21 06:13:36.007001,1515,5987,951.19,send,Ahmedabad,mobile,0,4G,morning,0
103183,2025-08-21 07:58:44.468493,1656,5685,686.62,merchant_payment,Chennai,mobile,0,4G,morning,0
103184,2025-08-21 09:43:52.929986,1542,5171,103.27,send,Ahmedabad,mobile,0,4G,morning,0
103185,2025-08-21 11:29:01.391478,1237,5653,1725.98,receive,Ahmedabad,mobile,0,4G,morning,0
103186,2025-08-21 13:14:09.852970,1279,5909,2714.41,merchant_payment,Ahmedabad,tablet,0,4G,afternoon,0
103187,2025-08-21 14:59:18.314462,1348,5188,295.84,send,Hyderabad,mobile,0,5G,afternoon,0
103188,2025-08-21 16:44:26.775955,1627,5441,72.98,send,Chennai,tablet,0,4G,afternoon,0
103189,2025-08-21 18:29:35.237447,1104,5086,1065.41,merchant_payment,Hyderabad,mobile,0,5G,evening,0
103190,2025-08-21 20:14:43.698939,1630,5476,251.37,merchant_payment,Pune,mobile,0,5G,evening,0
103191,2025-08-21 21:59:52.160432,1517,5052,841.72,merchant_payment,Mumbai,mobile,0,WiFi,evening,0
103192,2025-08-21 23:45:00.621924,1980,5111,4456.73,send,Ahmedabad,mobile,0,4G,evening,0
103193,2025-08-22 01:30:09.083416,1872,5949,104.97,send,Mumbai,mobile,0,WiFi,night,0
103194,2025-08-22 03:15:17.544908,1248,5877,222.16,merchant_payment,Chennai,mobile,0,4G,night,0
103195,2025-08-22 05:00:26.006401,1364,5854,405.66,merchant_payment,Chennai,mobile,0,5G,night,0
103196,2025-08-22 06:45:34.467893,1321,5043,1793.06,receive,Chennai,mobile,0,4G,morning,0
103197,2025-08-22 08:30:42.929385,1633,5211,17250.86,send,Ahmedabad,mobile,0,5G,morning,0
103198,2025-08-22 10:15:51.390878,1286,5968,630.86,send,Mumbai,mobile,0,4G,morning,0
103199,2025-08-22 12:00:59.852370,1149,5200,96.33,send,Bangalore,mobile,0,4G,afternoon,0
103200,2025-08-22 13:46:08.313862,1084,5810,348.79,merchant_payment,Mumbai,mobile,0,4G,afternoon,0
103201,2025-08-22 15:31:16.775355,1966,5858,227.04,send,Chennai,mobile,0,WiFi,afternoon,0
103202,2025-08-22 17:16:25.236847,1406,5752,1013.93,receive,Bangalore,mobile,0,4G,afternoon,0
103203,2025-08-22 19:01:33.698339,1978,5627,718.3,receive,Ahmedabad,mobile,0,5G,evening,0
103204,2025-08-22 20:46:42.159831,1456,5026,173.85,send,Bangalore,mobile,0,WiFi,evening,0
103205,2025-08-22 22:31:50.621324,1743,5919,214.12,send,Delhi,mobile,0,4G,evening,0
103206,2025-08-23 00:16:59.082816,1800,5299,343.76,merchant_payment,Pune,mobile,0,WiFi,night,0
103207,2025-08-23 02:02:07.544308,1161,5077,387.86,send,Hyderabad,mobile,0,4G,night,1
103208,2025-08-23 03:47:16.005801,1784,5924,472.39,send,Pune,mobile,0,WiFi,night,0
103209,2025-08-23 05:32:24.467293,1460,5137,517.43,send,Chennai,tablet,0,WiFi,night,0
103210,2025-08-23 07:17:32.928785,1550,5020,1694.0,merchant_payment,Hyderabad,mobile,0,WiFi,morning,0
103211,2025-08-23 09:02:41.390278,1500,5440,331.55,merchant_payment,Delhi,mobile,0,5G,morning,0
103212,2025-08-23 10:47:49.851770,1738,5211,286.13,receive,Hyderabad,mobile,0,WiFi,morning,0
103213,2025-08-23 12:32:58.313262,1509,5752,129.18,merchant_payment,Chennai,mobile,0,4G,afternoon,0
103214,2025-08-23 14:18:06.774754,1654,5551,393.92,receive,Delhi,mobile,0,4G,afternoon,0
103215,2025-08-23 16:03:15.236247,1804,5435,636.63,receive,Hyderabad,mobile,0,4G,afternoon,0
103216,2025-08-23 17:48:23.697739,1481,5780,87.87,merchant_payment,Ahmedabad,mobile,0,4G,afternoon,0
103217,2025-08-23 19:33:32.159231,1663,5207,349.87,send,Mumbai,tablet,0,5G,evening,0
103218,2025-08-23 21:18:40.620724,1114,5991,1572.3,send,Bangalore,mobile,0,4G,evening,0
103219,2025-08-23 23:03:49.082216,1749,5439,942.28,merchant_payment,Pune,mobile,1,WiFi,evening,0
103220,2025-08-24 00:48:57.543708,1578,5974,715.82,merchant_payment,Delhi,mobile,0,5G,night,0
103221,2025-08-24 02:34:06.005201,1361,5779,917.1,send,Mumbai,mobile,1,WiFi,night,0
103222,2025-08-24 04:19:14.466693,1341,5666,277.63,merchant_payment,Chennai,mobile,0,WiFi,night,1
103223,2025-08-24 06:04:22.928185,1770,5042,243.0,send,Bangalore,mobile,0,5G,morning,0
103224,2025-08-24 07:49:31.389677,1987,5411,1757.96,send,Pune,mobile,0,4G,morning,0
103225,2025-08-24 09:34:39.851170,1761,5523,1128.49,receive,Delhi,mobile,0,5G,morning,0
103226,2025-08-24 11:19:48.312662,1969,5806,233.63,send,Bangalore,mobile,0,4G,morning,0
103227,2025-08-24 13:04:56.774154,1449,5610,75.28,merchant_payment,Kolkata,mobile,0,4G,afternoon,0
103228,2025-08-24 14:50:05.235647,1843,5427,238.53,send,Ahmedabad,mobile,0,4G,afternoon,0
103229,2025-08-24 16:35:13.697139,1835,5275,848.55,send,Kolkata,mobile,0,5G,afternoon,0
103230,2025-08-24 18:20:22.158631,1180,5448,255.12,receive,Delhi,mobile,0,4G,evening,0
103231,2025-08-24 20:05:30.620124,1702,5902,685.44,receive,Delhi,mobile,0,4G,evening,0
103232,2025-08-24 21:50:39.081616,1407,5942,2038.09,send,Hyderabad,mobile,0,4G,evening,0
103233,2025-08-24 23:35:47.543108,1666,5884,448.98,merchant_payment,Bangalore,mobile,0,4G,evening,0
103234,2025-08-25 01:20:56.004600,1196,5742,622.63,receive,Kolkata,mobile,0,5G,night,0
103235,2025-08-25 03:06:04.466093,1466,5369,977.41,send,Pune,mobile,0,5G,night,0
103236,2025-08-25 04:51:12.927585,1311,5938,166.99,send,Kolkata,mobile,0,WiFi,night,0
103237,2025-08-25 06:36:21.389077,1262,5220,227.45,merchant_payment,Bangalore,mobile,0,4G,morning,0
103238,2025-08-25 08:21:29.850570,1419,5577,1018.58,receive,Kolkata,mobile,0,4G,morning,0
103239,2025-08-25 10:06:38.312062,1406,5867,511.31,send,Pune,mobile,0,4G,morning,0
103240,2025-08-25 11:51:46.773554,1939,5232,556.55,send,Mumbai,mobile,0,WiFi,morning,0
103241,2025-08-25 13:36:55.235047,1143,5328,509.43,send,Ahmedabad,mobile,0,4G,afternoon,0
103242,2025-08-25 15:22:03.696539,1342,5443,1310.67,send,Kolkata,mobile,0,4G,afternoon,0
103243,2025-08-25 17:07:12.158031,1316,5052,761.82,merchant_payment,Ahmedabad,mobile,0,4G,afternoon,0
103244,2025-08-25 18:52:20.619523,1101,5886,771.87,merchant_payment,Kolkata,mobile,0,4G,evening,0
103245,2025-08-25 20:37:29.081016,1244,5943,1672.71,send,Chennai,mobile,0,4G,evening,0
103246,2025-08-25 22:22:37.542508,1490,5376,2456.7,merchant_payment,Mumbai,tablet,0,5G,evening,0
103247,2025-08-26 00:07:46.004000,1012,5263,4645.21,merchant_payment,Hyderabad,mobile,0,5G,night,0
103248,2025-08-26 01:52:54.465493,1239,5267,276.16,merchant_payment,Delhi,mobile,0,4G,night,0
103249,2025-08-26 03:38:02.926985,1561,5359,5822.05,merchant_payment,Pune,mobile,0,5G,night,0
103250,2025-08-26 05:23:11.388477,1042,5317,164.55,merchant_payment,Kolkata,mobile,0,4G,night,1
103251,2025-08-26 07:08:19.849969,1678,5324,3412.66,receive,Pune,mobile,0,5G,morning,0
103252,2025-08-26 08:53:28.311462,1594,5921,261.4,send,Hyderabad,mobile,0,WiFi,morning,0
103253,2025-08-26 10:38:36.772954,1429,5908,459.92,receive,Hyderabad,mobile,0,WiFi,morning,0
103254,2025-08-26 12:23:45.234446,1803,5666,501.99,merchant_payment,Mumbai,tablet,0,4G,afternoon,0
103255,2025-08-26 14:08:53.695939,1158,5870,207.06,send,Pune,mobile,0,5G,afternoon,0
103256,2025-08-26 15:54:02.157431,1216,5878,537.39,send,Delhi,mobile,0,WiFi,afternoon,0
103257,2025-08-26 17:39:10.618923,1670,5652,218.04,send,Chennai,mobile,0,5G,afternoon,0
103258,2025-08-26 19:24:19.080416,1462,5939,143.32,merchant_payment,Hyderabad,mobile,0,4G,evening,0
103259,2025-08-26 21:09:27.541908,1134,5563,474.03,merchant_payment,Chennai,mobile,0,5G,evening,0
103260,2025-08-26 22:54:36.003400,1067,5629,2416.02,receive,Delhi,mobile,0,5G,evening,0
103261,2025-08-27 00:39:44.464892,1848,5421,382.21,send,Delhi,mobile,0,4G,night,0
103262,2025-08-27 02:24:52.926385,1007,5046,1262.72,merchant_payment,Ahmedabad,tablet,0,4G,night,1
103263,2025-08-27 04:10:01.387877,1948,5821,211.52,send,Mumbai,tablet,0,5G,night,1
103264,2025-08-27 05:55:09.849369,1526,5600,136.53,receive,Pune,mobile,0,WiFi,night,0
103265,2025-08-27 07:40:18.310862,1073,5720,775.77,send,Bangalore,mobile,0,WiFi,morning,0
103266,2025-08-27 09:25:26.772354,1399,5889,2851.53,merchant_payment,Pune,mobile,0,4G,morning,0
103267,2025-08-27 11:10:35.233846,1405,5269,607.26,receive,Kolkata,mobile,0,5G,morning,0
103268,2025-08-27 12:55:43.695339,1675,5601,1126.25,receive,Mumbai,mobile,0,4G,afternoon,0
103269,2025-08-27 14:40:52.156831,1578,5381,2197.61,merchant_payment,Pune,mobile,0,WiFi,afternoon,0
103270,2025-08-27 16:26:00.618323,1859,5118,475.07,receive,Chennai,mobile,0,4G,afternoon,0
103271,2025-08-27 18:11:09.079815,1130,5566,423.24,send,Ahmedabad,mobile,0,4G,evening,0
103272,2025-08-27 19:56:17.541308,1931,5953,790.04,receive,Pune,tablet,0,4G,evening,0
103273,2025-08-27 21:41:26.002800,1466,5116,943.9,merchant_payment,Mumbai,mobile,0,5G,evening,0
103274,2025-08-27 23:26:34.464292,1206,5630,121.64,send,Delhi,mobile,0,4G,evening,0
103275,2025-08-28 01:11:42.925785,1788,5260,662.3,merchant_payment,Ahmedabad,mobile,0,5G,night,1
103276,2025-08-28 02:56:51.387277,1978,5075,492.41,merchant_payment,Hyderabad,mobile,0,5G,night,0
103277,2025-08-28 04:41:59.848769,1768,5480,223.74,merchant_payment,Ahmedabad,mobile,0,4G,night,0
103278,2025-08-28 06:27:08.310262,1266,5305,459.52,merchant_payment,Ahmedabad,mobile,0,4G,morning,0
103279,2025-08-28 08:12:16.771754,1537,5007,153.65,merchant_payment,Kolkata,mobile,0,4G,morning,0
103280,2025-08-28 09:57:25.233246,1962,5366,108.75,merchant_payment,Kolkata,tablet,0,4G,morning,0
103281,2025-08-28 11:42:33.694738,1793,5634,526.81,merchant_payment,Bangalore,mobile,0,5G,morning,0
103282,2025-08-28 13:27:42.156231,1253,5523,1214.49,merchant_payment,Delhi,mobile,1,5G,afternoon,1
103283,2025-08-28 15:12:50.617723,1822,5348,348.18,receive,Kolkata,mobile,1,4G,afternoon,1
103284,2025-08-28 16:57:59.079215,1289,5438,188.53,send,Ahmedabad,mobile,0,5G,afternoon,0
103285,2025-08-28 18:43:07.540708,1164,5215,220.24,send,Kolkata,mobile,0,4G,evening,0
103286,2025-08-28 20:28:16.002200,1095,5429,853.16,send,Hyderabad,mobile,0,5G,evening,0
103287,2025-08-28 22:13:24.463692,1782,5791,2610.73,merchant_payment,Chennai,mobile,0,WiFi,evening,0
103288,2025-08-28 23:58:32.925185,1833,5498,1064.71,merchant_payment,Chennai,mobile,0,4G,evening,0
103289,2025-08-29 01:43:41.386677,1110,5540,1809.47,receive,Chennai,mobile,0,5G,night,0
103290,2025-08-29 03:28:49.848169,1336,5747,172.84,receive,Mumbai,mobile,0,5G,night,0
103291,2025-08-29 05:13:58.309661,1822,5367,457.63,send,Chennai,mobile,0,4G,night,0
103292,2025-08-29 06:59:06.771154,1238,5313,1364.7,receive,Chennai,mobile,0,5G,morning,1
103293,2025-08-29 08:44:15.232646,1381,5538,121.61,merchant_payment,Mumbai,mobile,0,5G,morning,0
103294,2025-08-29 10:29:23.694138,1436,5921,255.09,send,Ahmedabad,tablet,0,4G,morning,0
103295,2025-08-29 12:14:32.155631,1899,5054,1263.98,send,Ahmedabad,mobile,0,5G,afternoon,0
103296,2025-08-29 13:59:40.617123,1483,5541,638.06,receive,Ahmedabad,mobile,0,5G,afternoon,0
103297,2025-08-29 15:44:49.078615,1937,5467,187.71,send,Hyderabad,mobile,0,WiFi,afternoon,0
103298,2025-08-29 17:29:57.540108,1902,5865,96.46,merchant_payment,Delhi,mobile,0,5G,afternoon,0
103299,2025-08-29 19:15:06.001600,1025,5164,1876.78,send,Kolkata,mobile,0,4G,evening,0
103300,2025-08-29 21:00:14.463092,1653,5782,63.22,merchant_payment,Bangalore,mobile,1,5G,evening,0
103301,2025-08-29 22:45:22.924584,1117,5334,927.41,send,Kolkata,tablet,0,5G,evening,0
103302,2025-08-30 00:30:31.386077,1482,5547,289.15,send,Ahmedabad,mobile,0,5G,night,0
103303,2025-08-30 02:15:39.847569,1392,5798,1403.98,receive,Ahmedabad,mobile,0,WiFi,night,0
103304,2025-08-30 04:00:48.309061,1917,5348,173.79,merchant_payment,Chennai,mobile,0,WiFi,night,0
103305,2025-08-30 05:45:56.770554,1994,5273,6733.15,receive,Chennai,mobile,0,4G,night,0
103306,2025-08-30 07:31:05.232046,1964,5963,736.79,send,Pune,mobile,0,4G,morning,0
103307,2025-08-30 09:16:13.693538,1537,5720,868.76,send,Kolkata,mobile,0,5G,morning,0
103308,2025-08-30 11:01:22.155031,1079,5750,227.46,receive,Ahmedabad,mobile,0,5G,morning,0
103309,2025-08-30 12:46:30.616523,1580,5414,431.22,send,Kolkata,mobile,0,5G,afternoon,0
103310,2025-08-30 14:31:39.078015,1173,5500,442.55,send,Pune,mobile,0,4G,afternoon,0
103311,2025-08-30 16:16:47.539507,1956,5093,2969.26,merchant_payment,Chennai,mobile,0,4G,afternoon,0
103312,2025-08-30 18:01:56.001000,1012,5685,735.52,send,Ahmedabad,mobile,0,4G,evening,0
103313,2025-08-30 19:47:04.462492,1800,5079,848.81,send,Mumbai,mobile,0,5G,evening,0
103314,2025-08-30 21:32:12.923984,1128,5622,839.37,send,Ahmedabad,tablet,0,4G,evening,0
103315,2025-08-30 23:17:21.385477,1608,5217,923.91,merchant_payment,Mumbai,mobile,0,5G,evening,0
103316,2025-08-31 01:02:29.846969,1092,5947,122.8,send,Mumbai,mobile,0,WiFi,night,0
103317,2025-08-31 02:47:38.308461,1653,5358,3824.83,merchant_payment,Bangalore,mobile,0,4G,night,0
103318,2025-08-31 04:32:46.769953,1543,5618,204.9,send,Delhi,mobile,0,4G,night,0
103319,2025-08-31 06:17:55.231446,1846,5507,474.18,merchant_payment,Chennai,mobile,0,4G,morning,0
103320,2025-08-31 08:03:03.692938,1532,5559,2278.98,send,Hyderabad,mobile,0,4G,morning,0
103321,2025-08-31 09:48:12.154430,1658,5181,3410.54,receive,Kolkata,mobile,0,4G,morning,0
103322,2025-08-31 11:33:20.615923,1989,5576,1103.18,merchant_payment,Kolkata,mobile,1,5G,morning,0
103323,2025-08-31 13:18:29.077415,1828,5246,297.47,merchant_payment,Chennai,mobile,1,5G,afternoon,0
103324,2025-08-31 15:03:37.538907,1447,5244,559.89,merchant_payment,Chennai,mobile,0,4G,afternoon,0
103325,2025-08-31 16:48:46.000400,1390,5506,582.29,merchant_payment,Chennai,mobile,1,5G,afternoon,0
103326,2025-08-31 18:33:54.461892,1672,5422,603.29,send,Kolkata,mobile,0,WiFi,evening,1
103327,2025-08-31 20:19:02.923384,1861,5320,144.02,receive,Pune,mobile,1,4G,evening,0
103328,2025-08-31 22:04:11.384876,1043,5087,1737.34,receive,Chennai,mobile,0,WiFi,evening,0
103329,2025-08-31 23:49:19.846369,1254,5217,563.74,merchant_payment,Kolkata,mobile,0,4G,evening,0
103330,2025-09-01 01:34:28.307861,1130,5490,239.32,send,Delhi,mobile,0,4G,night,0
103331,2025-09-01 03:19:36.769353,1060,5519,299.35,merchant_payment,Hyderabad,mobile,1,5G,night,0
103332,2025-09-01 05:04:45.230846,1663,5278,645.39,receive,Mumbai,mobile,0,4G,night,0
103333,2025-09-01 06:49:53.692338,1467,5849,121.16,merchant_payment,Pune,mobile,0,4G,morning,0
103334,2025-09-01 08:35:02.153830,1287,5722,1186.11,send,Hyderabad,tablet,1,4G,morning,0
103335,2025-09-01 10:20:10.615323,1517,5169,623.11,send,Chennai,mobile,0,WiFi,morning,0
103336,2025-09-01 12:05:19.076815,1467,5330,2358.28,merchant_payment,Hyderabad,mobile,0,4G,afternoon,0
103337,2025-09-01 13:50:27.538307,1930,5650,532.5,receive,Chennai,mobile,0,5G,afternoon,0
103338,2025-09-01 15:35:35.999799,1778,5441,166.46,merchant_payment,Hyderabad,mobile,0,5G,afternoon,0
103339,2025-09-01 17:20:44.461292,1345,5391,148.74,merchant_payment,Bangalore,mobile,1,4G,afternoon,1
103340,2025-09-01 19:05:52.922784,1642,5496,333.38,receive,Ahmedabad,mobile,1,4G,evening,0
103341,2025-09-01 20:51:01.384276,1382,5381,370.59,merchant_payment,Hyderabad,mobile,0,4G,evening,0
103342,2025-09-01 22:36:09.845769,1779,5306,279.43,merchant_payment,Ahmedabad,mobile,0,4G,evening,0
103343,2025-09-02 00:21:18.307261,1690,5742,560.3,receive,Mumbai,mobile,0,4G,night,0
103344,2025-09-02 02:06:26.768753,1253,5987,272.42,send,Mumbai,mobile,0,4G,night,0
103345,2025-09-02 03:51:35.230246,1927,5820,635.37,send,Pune,mobile,0,4G,night,0
103346,2025-09-02 05:36:43.691738,1056,5673,292.76,merchant_payment,Hyderabad,mobile,0,4G,night,0
103347,2025-09-02 07:21:52.153230,1463,5513,926.77,merchant_payment,Kolkata,mobile,0,5G,morning,0
103348,2025-09-02 09:07:00.614722,1457,5748,361.37,send,Ahmedabad,tablet,0,4G,morning,0
103349,2025-09-02 10:52:09.076215,1983,5949,1713.35,send,Kolkata,mobile,0,WiFi,morning,0
103350,2025-09-02 12:37:17.537707,1083,5188,946.05,receive,Kolkata,mobile,0,4G,afternoon,0
103351,2025-09-02 14:22:25.999199,1905,5930,598.0,send,Hyderabad,mobile,0,5G,afternoon,0
103352,2025-09-02 16:07:34.460692,1099,5516,400.34,merchant_payment,Kolkata,mobile,0,WiFi,afternoon,0
103353,2025-09-02 17:52:42.922184,1149,5913,107.88,merchant_payment,Delhi,mobile,0,4G,afternoon,0
103354,2025-09-02 19:37:51.383676,1329,5644,2025.45,send,Hyderabad,tablet,0,5G,evening,0
103355,2025-09-02 21:22:59.845169,1156,5427,249.44,merchant_payment,Mumbai,mobile,1,5G,evening,0
103356,2025-09-02 23:08:08.306661,1190,5502,539.55,receive,Ahmedabad,mobile,0,WiFi,evening,0
103357,2025-09-03 00:53:16.768153,1494,5730,694.93,receive,Pune,mobile,0,5G,night,0
103358,2025-09-03 02:38:25.229645,1883,5260,410.14,send,Kolkata,mobile,0,4G,night,0
103359,2025-09-03 04:23:33.691138,1263,5513,1909.51,send,Bangalore,mobile,0,5G,night,1
103360,2025-09-03 06:08:42.152630,1080,5071,145.28,merchant_payment,Kolkata,mobile,0,5G,morning,1
103361,2025-09-03 07:53:50.614122,1400,5478,2790.38,send,Mumbai,mobile,0,4G,morning,0
103362,2025-09-03 09:38:59.075615,1764,5178,964.45,send,Delhi,mobile,0,5G,morning,0
103363,2025-09-03 11:24:07.537107,1609,5457,385.13,send,Hyderabad,tablet,0,5G,morning,0
103364,2025-09-03 13:09:15.998599,1260,5189,389.46,send,Kolkata,mobile,0,4G,afternoon,0
103365,2025-09-03 14:54:24.460092,1772,5291,53.69,send,Bangalore,mobile,0,WiFi,afternoon,0
103366,2025-09-03 16:39:32.921584,1615,5520,210.98,send,Ahmedabad,mobile,0,4G,afternoon,0
103367,2025-09-03 18:24:41.383076,1552,5765,345.88,merchant_payment,Pune,mobile,0,5G,evening,0
103368,2025-09-03 20:09:49.844568,1785,5920,587.63,merchant_payment,Mumbai,mobile,0,4G,evening,0
103369,2025-09-03 21:54:58.306061,1101,5979,1736.42,send,Pune,mobile,0,WiFi,evening,0
103370,2025-09-03 23:40:06.767553,1359,5292,3780.25,merchant_payment,Pune,mobile,0,5G,evening,0
103371,2025-09-04 01:25:15.229045,1380,5946,646.95,send,Bangalore,tablet,0,5G,night,0
103372,2025-09-04 03:10:23.690538,1820,5756,605.23,receive,Ahmedabad,mobile,0,WiFi,night,0
103373,2025-09-04 04:55:32.152030,1221,5635,301.76,send,Chennai,mobile,0,4G,night,0
103374,2025-09-04 06:40:40.613522,1820,5811,88.67,send,Mumbai,mobile,0,4G,morning,0
103375,2025-09-04 08:25:49.075015,1420,5283,268.87,merchant_payment,Chennai,mobile,0,5G,morning,0
103376,2025-09-04 10:10:57.536507,1124,5544,401.22,send,Bangalore,mobile,0,4G,morning,0
103377,2025-09-04 11:56:05.997999,1422,5846,1306.88,merchant_payment,Hyderabad,mobile,0,5G,morning,0
103378,2025-09-04 13:41:14.459491,1231,5377,828.42,send,Hyderabad,mobile,0,5G,afternoon,0
103379,2025-09-04 15:26:22.920984,1690,5658,614.95,send,Hyderabad,mobile,0,5G,afternoon,0
103380,2025-09-04 17:11:31.382476,1063,5156,275.67,merchant_payment,Pune,mobile,0,4G,afternoon,0
103381,2025-09-04 18:56:39.843968,1485,5508,67.89,receive,Chennai,mobile,0,WiFi,evening,0
103382,2025-09-04 20:41:48.305461,1628,5413,72.11,send,Pune,tablet,0,5G,evening,0
103383,2025-09-04 22:26:56.766953,1703,5528,93.34,send,Hyderabad,mobile,1,WiFi,evening,0
103384,2025-09-05 00:12:05.228445,1574,5355,367.97,send,Pune,tablet,0,WiFi,night,1
103385,2025-09-05 01:57:13.689937,1768,5559,1331.48,merchant_payment,Delhi,mobile,0,4G,night,1
103386,2025-09-05 03:42:22.151430,1483,5763,1296.04,receive,Mumbai,tablet,0,5G,night,0
103387,2025-09-05 05:27:30.612922,1519,5187,1089.76,send,Mumbai,mobile,0,4G,night,1
103388,2025-09-05 07:12:39.074414,1155,5031,294.39,merchant_payment,Ahmedabad,mobile,0,WiFi,morning,0
103389,2025-09-05 08:57:47.535907,1092,5260,1547.29,send,Pune,mobile,1,5G,morning,0
103390,2025-09-05 10:42:55.997399,1982,5421,194.21,send,Ahmedabad,mobile,0,4G,morning,0
103391,2025-09-05 12:28:04.458891,1526,5529,1156.78,send,Bangalore,mobile,0,WiFi,afternoon,0
103392,2025-09-05 14:13:12.920384,1455,5551,92.34,receive,Kolkata,mobile,0,5G,afternoon,0
103393,2025-09-05 15:58:21.381876,1741,5304,151.85,send,Chennai,mobile,0,WiFi,afternoon,0
103394,2025-09-05 17:43:29.843368,1598,5942,2572.45,receive,Mumbai,mobile,0,4G,afternoon,0
103395,2025-09-05 19:28:38.304860,1645,5986,401.88,merchant_payment,Pune,mobile,0,WiFi,evening,0
103396,2025-09-05 21:13:46.766353,1510,5944,249.39,send,Chennai,mobile,0,5G,evening,0
103397,2025-09-05 22:58:55.227845,1183,5039,1484.39,send,Bangalore,mobile,0,5G,evening,0
103398,2025-09-06 00:44:03.689337,1386,5489,1664.65,send,Hyderabad,mobile,0,WiFi,night,0
103399,2025-09-06 02:29:12.150830,1574,5644,319.49,receive,Kolkata,mobile,0,5G,night,0
103400,2025-09-06 04:14:20.612322,1731,5542,650.97,merchant_payment,Bangalore,mobile,0,5G,night,1
103401,2025-09-06 05:59:29.073814,1405,5670,565.05,send,Delhi,mobile,0,4G,night,1
103402,2025-09-06 07:44:37.535307,1246,5278,29.16,send,Hyderabad,mobile,0,WiFi,morning,0
103403,2025-09-06 09:29:45.996799,1742,5203,122.01,send,Hyderabad,mobile,0,5G,morning,0
103404,2025-09-06 11:14:54.458291,1591,5066,1264.28,send,Hyderabad,tablet,0,WiFi,morning,0
103405,2025-09-06 13:00:02.919783,1661,5108,214.3,merchant_payment,Bangalore,mobile,0,4G,afternoon,0
103406,2025-09-06 14:45:11.381276,1650,5268,837.01,send,Delhi,mobile,0,4G,afternoon,0
103407,2025-09-06 16:30:19.842768,1471,5222,641.01,send,Kolkata,mobile,0,4G,afternoon,0
103408,2025-09-06 18:15:28.304260,1826,5804,1661.43,receive,Chennai,mobile,0,5G,evening,0
103409,2025-09-06 20:00:36.765753,1888,5530,125.99,send,Bangalore,mobile,0,4G,evening,0
103410,2025-09-06 21:45:45.227245,1423,5090,730.85,receive,Mumbai,tablet,0,4G,evening,0
103411,2025-09-06 23:30:53.688737,1901,5693,461.55,send,Mumbai,mobile,1,5G,evening,0
103412,2025-09-07 01:16:02.150230,1065,5255,223.68,merchant_payment,Bangalore,mobile,0,4G,night,0
103413,2025-09-07 03:01:10.611722,1013,5455,222.12,send,Chennai,mobile,0,WiFi,night,1
103414,2025-09-07 04:46:19.073214,1213,5253,618.61,merchant_payment,Mumbai,tablet,0,5G,night,0
103415,2025-09-07 06:31:27.534706,1986,5257,924.89,send,Chennai,mobile,0,WiFi,morning,0
103416,2025-09-07 08:16:35.996199,1242,5383,525.1,merchant_payment,Hyderabad,mobile,0,4G,morning,0
103417,2025-09-07 10:01:44.457691,1493,5442,541.7,send,Bangalore,mobile,0,4G,morning,0
103418,2025-09-07 11:46:52.919183,1213,5858,299.32,merchant_payment,Hyderabad,mobile,0,4G,morning,0
103419,2025-09-07 13:32:01.380676,1693,5599,319.84,send,Mumbai,mobile,0,5G,afternoon,0
103420,2025-09-07 15:17:09.842168,1338,5090,223.08,receive,Chennai,mobile,0,4G,afternoon,0
103421,2025-09-07 17:02:18.303660,1997,5749,293.36,merchant_payment,Hyderabad,mobile,0,4G,afternoon,0
103422,2025-09-07 18:47:26.765153,1173,5390,893.08,receive,Mumbai,mobile,0,WiFi,evening,0
103423,2025-09-07 20:32:35.226645,1672,5582,998.65,receive,Pune,mobile,0,4G,evening,0
103424,2025-09-07 22:17:43.688137,1164,5044,137.57,send,Delhi,tablet,0,5G,evening,0
103425,2025-09-08 00:02:52.149629,1465,5712,201.05,send,Hyderabad,mobile,0,5G,night,0
103426,2025-09-08 01:48:00.611122,1995,5664,242.16,receive,Delhi,mobile,0,4G,night,0
103427,2025-09-08 03:33:09.072614,1497,5598,462.18,send,Delhi,mobile,0,5G,night,1
103428,2025-09-08 05:18:17.534106,1700,5019,91.55,send,Kolkata,mobile,0,5G,night,0
103429,2025-09-08 07:03:25.995599,1395,5101,204.61,send,Ahmedabad,tablet,0,4G,morning,0
103430,2025-09-08 08:48:34.457091,1703,5914,123.28,send,Mumbai,mobile,0,4G,morning,0
103431,2025-09-08 10:33:42.918583,1917,5607,735.45,receive,Bangalore,mobile,0,WiFi,morning,0
103432,2025-09-08 12:18:51.380076,1308,5766,478.34,receive,Chennai,mobile,0,4G,afternoon,0
103433,2025-09-08 14:03:59.841568,1768,5357,310.27,merchant_payment,Pune,mobile,0,5G,afternoon,0
103434,2025-09-08 15:49:08.303060,1183,5542,170.16,send,Mumbai,mobile,0,5G,afternoon,0
103435,2025-09-08 17:34:16.764552,1629,5761,315.1,merchant_payment,Kolkata,mobile,0,4G,afternoon,0
103436,2025-09-08 19:19:25.226045,1794,5938,280.15,merchant_payment,Kolkata,mobile,0,WiFi,evening,1
103437,2025-09-08 21:04:33.687537,1510,5033,2526.69,merchant_payment,Pune,mobile,0,4G,evening,0
103438,2025-09-08 22:49:42.149029,1708,5970,1335.44,merchant_payment,Hyderabad,mobile,0,4G,evening,0
103439,2025-09-09 00:34:50.610522,1546,5229,246.98,merchant_payment,Chennai,tablet,0,5G,night,0
103440,2025-09-09 02:19:59.072014,1564,5524,581.26,send,Kolkata,mobile,0,4G,night,0
103441,2025-09-09 04:05:07.533506,1624,5630,1266.75,send,Bangalore,mobile,1,5G,night,1
103442,2025-09-09 05:50:15.994999,1764,5862,246.9,send,Mumbai,mobile,0,WiFi,night,0
103443,2025-09-09 07:35:24.456491,1594,5155,119.45,merchant_payment,Bangalore,mobile,0,4G,morning,0
103444,2025-09-09 09:20:32.917983,1744,5423,81.71,merchant_payment,Hyderabad,mobile,1,4G,morning,0
103445,2025-09-09 11:05:41.379475,1227,5905,1758.59,merchant_payment,Ahmedabad,mobile,0,4G,morning,0
103446,2025-09-09 12:50:49.840968,1745,5246,407.05,merchant_payment,Mumbai,mobile,0,WiFi,afternoon,1
103447,2025-09-09 14:35:58.302460,1733,5405,659.4,merchant_payment,Hyderabad,mobile,0,4G,afternoon,0
103448,2025-09-09 16:21:06.763952,1436,5844,277.48,receive,Chennai,mobile,0,4G,afternoon,0
103449,2025-09-09 18:06:15.225445,1925,5759,138.67,receive,Chennai,mobile,1,5G,evening,0
103450,2025-09-09 19:51:23.686937,1422,5541,167.12,send,Ahmedabad,mobile,1,4G,evening,0
103451,2025-09-09 21:36:32.148429,1554,5161,128.89,send,Bangalore,mobile,0,4G,evening,0
103452,2025-09-09 23:21:40.609921,1021,5747,1152.85,send,Bangalore,mobile,0,WiFi,evening,0
103453,2025-09-10 01:06:49.071414,1554,5702,2191.98,send,Chennai,mobile,0,4G,night,0
103454,2025-09-10 02:51:57.532906,1397,5117,511.45,merchant_payment,Delhi,mobile,0,4G,night,0
103455,2025-09-10 04:37:05.994398,1625,5271,108.01,send,Chennai,mobile,0,4G,night,1
103456,2025-09-10 06:22:14.455891,1105,5770,809.64,merchant_payment,Pune,mobile,0,WiFi,morning,0
103457,2025-09-10 08:07:22.917383,1192,5692,1745.83,send,Mumbai,mobile,0,4G,morning,0
103458,2025-09-10 09:52:31.378875,1017,5487,1302.01,send,Pune,mobile,0,4G,morning,0
103459,2025-09-10 11:37:39.840368,1120,5885,478.6,merchant_payment,Hyderabad,mobile,1,4G,morning,1
103460,2025-09-10 13:22:48.301860,1393,5172,389.75,merchant_payment,Chennai,mobile,0,WiFi,afternoon,0
103461,2025-09-10 15:07:56.763352,1425,5950,474.77,send,Chennai,mobile,0,4G,afternoon,0
103462,2025-09-10 16:53:05.224844,1129,5274,1677.82,receive,Ahmedabad,mobile,0,4G,afternoon,0
103463,2025-09-10 18:38:13.686337,1130,5259,1054.02,send,Ahmedabad,mobile,0,5G,evening,0
103464,2025-09-10 20:23:22.147829,1572,5135,335.04,merchant_payment,Kolkata,mobile,0,4G,evening,0
103465,2025-09-10 22:08:30.609321,1560,5683,326.71,receive,Hyderabad,mobile,0,5G,evening,0
103466,2025-09-10 23:53:39.070814,1029,5722,304.39,send,Kolkata,mobile,0,5G,evening,0
103467,2025-09-11 01:38:47.532306,1097,5748,169.93,receive,Hyderabad,tablet,0,4G,night,0
103468,2025-09-11 03:23:55.993798,1010,5422,1904.24,merchant_payment,Pune,mobile,0,5G,night,0
103469,2025-09-11 05:09:04.455291,1242,5421,224.12,merchant_payment,Mumbai,mobile,0,4G,night,0
103470,2025-09-11 06:54:12.916783,1826,5186,804.54,merchant_payment,Hyderabad,mobile,0,4G,morning,0
103471,2025-09-11 08:39:21.378275,1956,5929,254.31,send,Bangalore,mobile,0,5G,morning,0
103472,2025-09-11 10:24:29.839767,1232,5364,305.75,merchant_payment,Ahmedabad,mobile,0,4G,morning,0
103473,2025-09-11 12:09:38.301260,1789,5955,439.71,merchant_payment,Chennai,tablet,1,4G,afternoon,1
103474,2025-09-11 13:54:46.762752,1284,5607,850.01,merchant_payment,Ahmedabad,mobile,0,4G,afternoon,0
103475,2025-09-11 15:39:55.224244,1715,5378,380.23,send,Hyderabad,tablet,0,WiFi,afternoon,0
103476,2025-09-11 17:25:03.685737,1759,5523,157.72,merchant_payment,Mumbai,mobile,0,WiFi,afternoon,0
103477,2025-09-11 19:10:12.147229,1802,5580,502.24,receive,Hyderabad,mobile,1,4G,evening,0
103478,2025-09-11 20:55:20.608721,1776,5891,228.91,merchant_payment,Chennai,mobile,0,4G,evening,0
103479,2025-09-11 22:40:29.070214,1955,5722,2307.31,send,Delhi,mobile,0,WiFi,evening,0
103480,2025-09-12 00:25:37.531706,1726,5196,379.96,send,Hyderabad,mobile,0,5G,night,1
103481,2025-09-12 02:10:45.993198,1200,5881,252.66,send,Bangalore,mobile,0,5G,night,0
103482,2025-09-12 03:55:54.454690,1945,5098,3550.35,receive,Ahmedabad,mobile,0,5G,night,1
103483,2025-09-12 05:41:02.916183,1079,5605,1031.62,receive,Chennai,mobile,0,4G,night,0
103484,2025-09-12 07:26:11.377675,1913,5984,200.98,receive,Mumbai,mobile,0,5G,morning,0
103485,2025-09-12 09:11:19.839167,1956,5022,223.43,receive,Pune,mobile,0,WiFi,morning,0
103486,2025-09-12 10:56:28.300660,1855,5450,791.7,merchant_payment,Pune,tablet,0,4G,morning,1
103487,2025-09-12 12:41:36.762152,1856,5172,514.64,send,Chennai,mobile,0,5G,afternoon,0
103488,2025-09-12 14:26:45.223644,1173,5383,1200.12,send,Kolkata,mobile,0,5G,afternoon,0
103489,2025-09-12 16:11:53.685137,1467,5134,254.0,merchant_payment,Delhi,mobile,0,WiFi,afternoon,1
103490,2025-09-12 17:57:02.146629,1581,5426,993.38,receive,Mumbai,mobile,0,4G,afternoon,0
103491,2025-09-12 19:42:10.608121,1416,5025,52.55,receive,Delhi,tablet,0,WiFi,evening,0
103492,2025-09-12 21:27:19.069613,1940,5503,422.23,receive,Pune,mobile,0,4G,evening,0
103493,2025-09-12 23:12:27.531106,1449,5185,265.82,receive,Delhi,mobile,0,4G,evening,0
103494,2025-09-13 00:57:35.992598,1087,5085,312.61,send,Bangalore,mobile,0,4G,night,0
103495,2025-09-13 02:42:44.454090,1101,5567,444.58,receive,Ahmedabad,mobile,0,WiFi,night,1
103496,2025-09-13 04:27:52.915583,1008,5763,1538.41,merchant_payment,Pune,mobile,0,4G,night,0
103497,2025-09-13 06:13:01.377075,1845,5144,155.39,receive,Hyderabad,mobile,0,WiFi,morning,0
103498,2025-09-13 07:58:09.838567,1200,5863,55.25,send,Bangalore,mobile,0,5G,morning,0
103499,2025-09-13 09:43:18.300060,1505,5910,174.5,merchant_payment,Bangalore,mobile,0,WiFi,morning,0
103500,2025-09-13 11:28:26.761552,1087,5679,1369.82,send,Kolkata,mobile,0,4G,morning,0
103501,2025-09-13 13:13:35.223044,1043,5412,95.11,send,Bangalore,mobile,0,4G,afternoon,0
103502,2025-09-13 14:58:43.684536,1385,5224,278.12,merchant_payment,Mumbai,mobile,0,5G,afternoon,1
103503,2025-09-13 16:43:52.146029,1621,5220,1140.91,send,Hyderabad,mobile,0,5G,afternoon,0
103504,2025-09-13 18:29:00.607521,1435,5179,464.78,merchant_payment,Hyderabad,mobile,0,4G,evening,0
103505,2025-09-13 20:14:09.069013,1408,5631,1523.41,send,Pune,mobile,0,5G,evening,0
103506,2025-09-13 21:59:17.530506,1483,5433,64.4,merchant_payment,Mumbai,mobile,0,4G,evening,0
103507,2025-09-13 23:44:25.991998,1664,5265,357.23,receive,Bangalore,tablet,0,5G,evening,1
103508,2025-09-14 01:29:34.453490,1017,5954,1876.53,send,Bangalore,mobile,0,4G,night,0
103509,2025-09-14 03:14:42.914982,1645,5429,159.67,merchant_payment,Delhi,tablet,0,4G,night,0
103510,2025-09-14 04:59:51.376475,1148,5662,1386.88,merchant_payment,Pune,mobile,0,WiFi,night,1
103511,2025-09-14 06:44:59.837967,1277,5416,389.28,merchant_payment,Pune,mobile,0,5G,morning,0
103512,2025-09-14 08:30:08.299459,1232,5453,760.62,receive,Delhi,mobile,0,5G,morning,0
103513,2025-09-14 10:15:16.760952,1826,5727,1745.26,merchant_payment,Kolkata,mobile,0,4G,morning,0
103514,2025-09-14 12:00:25.222444,1927,5197,757.36,send,Chennai,mobile,0,4G,afternoon,0
103515,2025-09-14 13:45:33.683936,1366,5554,272.8,send,Delhi,mobile,0,5G,afternoon,0
103516,2025-09-14 15:30:42.145429,1228,5053,864.42,send,Hyderabad,mobile,0,4G,afternoon,0
103517,2025-09-14 17:15:50.606921,1651,5480,254.22,merchant_payment,Ahmedabad,mobile,0,4G,afternoon,0
103518,2025-09-14 19:00:59.068413,1436,5443,647.66,merchant_payment,Mumbai,mobile,0,4G,evening,0
103519,2025-09-14 20:46:07.529905,1399,5330,140.92,receive,Bangalore,mobile,0,4G,evening,0
103520,2025-09-14 22:31:15.991398,1211,5251,507.3,merchant_payment,Chennai,mobile,0,4G,evening,0
103521,2025-09-15 00:16:24.452890,1391,5807,1618.56,merchant_payment,Delhi,mobile,0,WiFi,night,0
103522,2025-09-15 02:01:32.914382,1499,5890,365.49,send,Pune,mobile,0,4G,night,0
103523,2025-09-15 03:46:41.375875,1540,5783,1470.99,send,Chennai,mobile,0,5G,night,0
103524,2025-09-15 05:31:49.837367,1563,5967,10866.39,merchant_payment,Mumbai,mobile,0,4G,night,0
103525,2025-09-15 07:16:58.298859,1491,5925,478.69,send,Ahmedabad,mobile,0,WiFi,morning,0
103526,2025-09-15 09:02:06.760352,1442,5123,910.68,receive,Mumbai,mobile,1,4G,morning,0
103527,2025-09-15 10:47:15.221844,1261,5879,793.82,send,Pune,mobile,0,4G,morning,0
103528,2025-09-15 12:32:23.683336,1773,5387,617.14,send,Chennai,mobile,0,4G,afternoon,0
103529,2025-09-15 14:17:32.144828,1350,5339,1083.44,receive,Chennai,mobile,0,4G,afternoon,0
103530,2025-09-15 16:02:40.606321,1352,5778,384.49,send,Kolkata,mobile,0,WiFi,afternoon,0
103531,2025-09-15 17:47:49.067813,1520,5348,254.03,merchant_payment,Chennai,mobile,0,4G,afternoon,0
103532,2025-09-15 19:32:57.529305,1320,5029,107.09,send,Bangalore,mobile,0,WiFi,evening,0
103533,2025-09-15 21:18:05.990798,1138,5975,349.76,merchant_payment,Ahmedabad,mobile,0,WiFi,evening,0
103534,2025-09-15 23:03:14.452290,1550,5035,1213.71,merchant_payment,Ahmedabad,mobile,0,4G,evening,0
103535,2025-09-16 00:48:22.913782,1623,5518,192.52,merchant_payment,Ahmedabad,tablet,0,4G,night,1
103536,2025-09-16 02:33:31.375275,1992,5396,630.6,merchant_payment,Hyderabad,mobile,0,WiFi,night,0
103537,2025-09-16 04:18:39.836767,1368,5623,435.67,send,Delhi,mobile,0,4G,night,0
103538,2025-09-16 06:03:48.298259,1220,5294,264.88,send,Pune,tablet,0,5G,morning,0
103539,2025-09-16 07:48:56.759751,1337,5589,77.24,send,Delhi,tablet,0,WiFi,morning,0
103540,2025-09-16 09:34:05.221244,1223,5349,1925.33,merchant_payment,Ahmedabad,mobile,0,5G,morning,0
103541,2025-09-16 11:19:13.682736,1648,5147,826.49,merchant_payment,Delhi,mobile,0,5G,morning,0
103542,2025-09-16 13:04:22.144228,1768,5067,7081.83,send,Chennai,mobile,0,WiFi,afternoon,0
103543,2025-09-16 14:49:30.605721,1360,5904,1450.14,merchant_payment,Pune,mobile,0,5G,afternoon,0
103544,2025-09-16 16:34:39.067213,1921,5520,1882.85,send,Chennai,tablet,0,4G,afternoon,0
103545,2025-09-16 18:19:47.528705,1329,5122,85.68,send,Kolkata,mobile,0,4G,evening,0
103546,2025-09-16 20:04:55.990198,1962,5340,84.2,merchant_payment,Chennai,mobile,0,5G,evening,0
103547,2025-09-16 21:50:04.451690,1463,5175,514.05,send,Kolkata,mobile,0,WiFi,evening,0
103548,2025-09-16 23:35:12.913182,1946,5900,156.32,receive,Kolkata,mobile,0,5G,evening,0
103549,2025-09-17 01:20:21.374674,1963,5691,249.31,merchant_payment,Bangalore,mobile,0,5G,night,0
103550,2025-09-17 03:05:29.836167,1561,5597,6162.66,merchant_payment,Bangalore,mobile,0,4G,night,0
103551,2025-09-17 04:50:38.297659,1804,5451,1619.51,receive,Bangalore,mobile,1,WiFi,night,0
103552,2025-09-17 06:35:46.759151,1382,5557,193.32,receive,Ahmedabad,tablet,0,4G,morning,0
103553,2025-09-17 08:20:55.220644,1836,5136,46.24,receive,Bangalore,mobile,0,5G,morning,0
103554,2025-09-17 10:06:03.682136,1590,5855,177.69,send,Mumbai,mobile,0,WiFi,morning,0
103555,2025-09-17 11:51:12.143628,1617,5016,282.25,merchant_payment,Bangalore,mobile,0,4G,morning,0
103556,2025-09-17 13:36:20.605121,1169,5333,357.36,send,Bangalore,tablet,0,WiFi,afternoon,0
103557,2025-09-17 15:21:29.066613,1217,5195,137.13,send,Bangalore,mobile,0,WiFi,afternoon,0
103558,2025-09-17 17:06:37.528105,1378,5496,1525.15,receive,Kolkata,mobile,0,WiFi,afternoon,0
103559,2025-09-17 18:51:45.989597,1119,5009,241.9,merchant_payment,Delhi,mobile,0,5G,evening,0
103560,2025-09-17 20:36:54.451090,1190,5828,942.54,send,Pune,mobile,0,4G,evening,0
103561,2025-09-17 22:22:02.912582,1767,5334,520.03,send,Delhi,mobile,0,5G,evening,0
103562,2025-09-18 00:07:11.374074,1370,5333,1259.51,send,Delhi,tablet,0,4G,night,0
103563,2025-09-18 01:52:19.835567,1778,5327,388.42,send,Hyderabad,mobile,0,4G,night,1
103564,2025-09-18 03:37:28.297059,1149,5015,195.39,receive,Mumbai,mobile,0,WiFi,night,0
103565,2025-09-18 05:22:36.758551,1676,5839,270.81,send,Kolkata,mobile,0,5G,night,0
103566,2025-09-18 07:07:45.220044,1652,5614,274.65,merchant_payment,Chennai,tablet,0,4G,morning,0
103567,2025-09-18 08:52:53.681536,1859,5226,3883.73,merchant_payment,Kolkata,mobile,1,4G,morning,1
103568,2025-09-18 10:38:02.143028,1488,5425,531.93,merchant_payment,Bangalore,mobile,0,5G,morning,0
103569,2025-09-18 12:23:10.604520,1770,5790,495.04,receive,Delhi,mobile,0,WiFi,afternoon,0
103570,2025-09-18 14:08:19.066013,1374,5408,1190.38,send,Kolkata,mobile,0,4G,afternoon,0
103571,2025-09-18 15:53:27.527505,1781,5113,492.71,send,Mumbai,mobile,0,4G,afternoon,0
103572,2025-09-18 17:38:35.988997,1693,5997,1512.74,receive,Bangalore,mobile,0,5G,afternoon,0
103573,2025-09-18 19:23:44.450490,1160,5428,339.65,send,Hyderabad,mobile,0,4G,evening,0
103574,2025-09-18 21:08:52.911982,1351,5001,306.85,merchant_payment,Chennai,mobile,0,4G,evening,0
103575,2025-09-18 22:54:01.373474,1912,5266,184.88,send,Bangalore,mobile,0,5G,evening,0
103576,2025-09-19 00:39:09.834966,1288,5491,3133.94,send,Pune,mobile,0,5G,night,0
103577,2025-09-19 02:24:18.296459,1288,5208,459.52,send,Chennai,tablet,0,5G,night,0
103578,2025-09-19 04:09:26.757951,1892,5622,152.32,send,Kolkata,tablet,0,WiFi,night,1
103579,2025-09-19 05:54:35.219443,1226,5712,599.94,merchant_payment,Bangalore,mobile,0,5G,night,0
103580,2025-09-19 07:39:43.680936,1523,5952,257.22,send,Hyderabad,tablet,0,WiFi,morning,0
103581,2025-09-19 09:24:52.142428,1522,5369,333.75,merchant_payment,Kolkata,mobile,0,WiFi,morning,0
103582,2025-09-19 11:10:00.603920,1783,5985,672.33,receive,Mumbai,mobile,0,5G,morning,0
103583,2025-09-19 12:55:09.065413,1273,5306,2255.18,merchant_payment,Chennai,mobile,1,4G,afternoon,1
103584,2025-09-19 14:40:17.526905,1936,5012,545.44,receive,Chennai,mobile,0,WiFi,afternoon,0
103585,2025-09-19 16:25:25.988397,1402,5345,242.01,merchant_payment,Mumbai,mobile,0,WiFi,afternoon,0
103586,2025-09-19 18:10:34.449889,1183,5465,297.4,send,Ahmedabad,mobile,0,4G,evening,0
103587,2025-09-19 19:55:42.911382,1969,5700,949.99,receive,Ahmedabad,mobile,1,5G,evening,1
103588,2025-09-19 21:40:51.372874,1665,5666,69.52,send,Pune,mobile,0,4G,evening,0
103589,2025-09-19 23:25:59.834366,1488,5494,173.7,send,Ahmedabad,mobile,0,4G,evening,0
103590,2025-09-20 01:11:08.295859,1827,5368,609.5,receive,Chennai,mobile,0,5G,night,0
103591,2025-09-20 02:56:16.757351,1846,5846,89.42,receive,Ahmedabad,mobile,0,4G,night,0
103592,2025-09-20 04:41:25.218843,1124,5937,360.5,send,Kolkata,mobile,0,4G,night,0
103593,2025-09-20 06:26:33.680336,1985,5420,305.43,send,Delhi,mobile,0,5G,morning,0
103594,2025-09-20 08:11:42.141828,1626,5889,1184.94,merchant_payment,Pune,mobile,0,WiFi,morning,1
103595,2025-09-20 09:56:50.603320,1790,5791,383.65,receive,Mumbai,mobile,0,WiFi,morning,0
103596,2025-09-20 11:41:59.064812,1414,5171,1614.36,send,Hyderabad,mobile,0,WiFi,morning,0
103597,2025-09-20 13:27:07.526305,1980,5134,533.19,merchant_payment,Pune,mobile,0,5G,afternoon,0
103598,2025-09-20 15:12:15.987797,1725,5965,2911.58,merchant_payment,Bangalore,mobile,0,5G,afternoon,0
103599,2025-09-20 16:57:24.449289,1172,5427,123.04,merchant_payment,Ahmedabad,tablet,0,WiFi,afternoon,0
103600,2025-09-20 18:42:32.910782,1288,5025,2482.76,merchant_payment,Bangalore,mobile,1,5G,evening,0
103601,2025-09-20 20:27:41.372274,1435,5530,326.64,send,Mumbai,mobile,0,4G,evening,0
103602,2025-09-20 22:12:49.833766,1686,5190,2151.56,merchant_payment,Ahmedabad,mobile,0,4G,evening,0
103603,2025-09-20 23:57:58.295259,1113,5141,1612.01,send,Delhi,mobile,0,WiFi,evening,0
103604,2025-09-21 01:43:06.756751,1888,5555,28.45,send,Kolkata,tablet,0,4G,night,0
103605,2025-09-21 03:28:15.218243,1917,5846,795.66,merchant_payment,Hyderabad,mobile,0,4G,night,0
103606,2025-09-21 05:13:23.679735,1995,5796,1336.25,send,Bangalore,mobile,0,4G,night,0
103607,2025-09-21 06:58:32.141228,1122,5658,1860.49,receive,Bangalore,mobile,0,WiFi,morning,0
103608,2025-09-21 08:43:40.602720,1544,5315,151.92,send,Kolkata,mobile,0,4G,morning,0
103609,2025-09-21 10:28:49.064212,1222,5444,889.22,receive,Delhi,mobile,0,5G,morning,0
103610,2025-09-21 12:13:57.525705,1631,5319,598.89,receive,Chennai,mobile,0,4G,afternoon,0
103611,2025-09-21 13:59:05.987197,1039,5441,758.55,send,Pune,mobile,0,5G,afternoon,0
103612,2025-09-21 15:44:14.448689,1497,5092,1338.01,send,Mumbai,mobile,0,5G,afternoon,0
103613,2025-09-21 17:29:22.910182,1780,5179,1566.67,receive,Delhi,mobile,0,4G,afternoon,0
103614,2025-09-21 19:14:31.371674,1233,5056,255.76,receive,Delhi,mobile,0,WiFi,evening,0
103615,2025-09-21 20:59:39.833166,1943,5155,642.53,send,Delhi,mobile,0,WiFi,evening,0
103616,2025-09-21 22:44:48.294658,1530,5672,513.44,merchant_payment,Delhi,mobile,0,4G,evening,0
103617,2025-09-22 00:29:56.756151,1149,5111,387.86,send,Chennai,mobile,0,4G,night,0
103618,2025-09-22 02:15:05.217643,1397,5137,426.76,merchant_payment,Kolkata,mobile,0,4G,night,0
103619,2025-09-22 04:00:13.679135,1661,5232,599.43,send,Hyderabad,mobile,0,WiFi,night,0
103620,2025-09-22 05:45:22.140628,1638,5992,269.89,send,Pune,mobile,0,4G,night,0
103621,2025-09-22 07:30:30.602120,1904,5468,1191.58,send,Delhi,mobile,0,4G,morning,0
103622,2025-09-22 09:15:39.063612,1302,5732,1753.39,send,Pune,mobile,0,5G,morning,0
103623,2025-09-22 11:00:47.525105,1360,5481,216.9,send,Delhi,mobile,0,4G,morning,0
103624,2025-09-22 12:45:55.986597,1238,5068,1841.49,send,Mumbai,mobile,0,4G,afternoon,0
103625,2025-09-22 14:31:04.448089,1647,5814,217.31,send,Bangalore,mobile,0,5G,afternoon,0
103626,2025-09-22 16:16:12.909581,1663,5249,1209.29,send,Chennai,mobile,0,4G,afternoon,0
103627,2025-09-22 18:01:21.371074,1236,5994,1838.08,receive,Delhi,mobile,0,WiFi,evening,0
103628,2025-09-22 19:46:29.832566,1736,5323,448.31,merchant_payment,Ahmedabad,mobile,0,WiFi,evening,0
103629,2025-09-22 21:31:38.294058,1203,5922,219.09,send,Hyderabad,mobile,0,4G,evening,0
103630,2025-09-22 23:16:46.755551,1256,5904,273.5,merchant_payment,Hyderabad,mobile,0,5G,evening,0
103631,2025-09-23 01:01:55.217043,1598,5518,707.58,merchant_payment,Hyderabad,mobile,0,5G,night,0
103632,2025-09-23 02:47:03.678535,1662,5976,3514.51,receive,Ahmedabad,mobile,0,5G,night,1
103633,2025-09-23 04:32:12.140028,1235,5792,90.67,merchant_payment,Mumbai,mobile,0,4G,night,0
103634,2025-09-23 06:17:20.601520,1345,5432,544.7,merchant_payment,Hyderabad,mobile,0,4G,morning,0
103635,2025-09-23 08:02:29.063012,1534,5487,451.21,send,Kolkata,mobile,0,WiFi,morning,0
103636,2025-09-23 09:47:37.524504,1860,5606,312.15,merchant_payment,Mumbai,mobile,0,4G,morning,0
103637,2025-09-23 11:32:45.985997,1797,5429,454.51,merchant_payment,Chennai,mobile,0,5G,morning,0
103638,2025-09-23 13:17:54.447489,1781,5269,286.52,send,Hyderabad,tablet,0,5G,afternoon,0
103639,2025-09-23 15:03:02.908981,1466,5709,1708.13,send,Bangalore,mobile,0,4G,afternoon,0
103640,2025-09-23 16:48:11.370474,1770,5537,1886.53,merchant_payment,Delhi,tablet,0,5G,afternoon,0
103641,2025-09-23 18:33:19.831966,1541,5148,538.15,merchant_payment,Chennai,mobile,0,WiFi,evening,0
103642,2025-09-23 20:18:28.293458,1213,5118,427.89,send,Kolkata,mobile,0,4G,evening,0
103643,2025-09-23 22:03:36.754950,1463,5850,300.96,send,Bangalore,mobile,0,WiFi,evening,0
103644,2025-09-23 23:48:45.216443,1436,5367,539.31,merchant_payment,Chennai,mobile,0,4G,evening,0
103645,2025-09-24 01:33:53.677935,1283,5850,3127.01,send,Kolkata,mobile,0,WiFi,night,0
103646,2025-09-24 03:19:02.139427,1562,5066,444.2,merchant_payment,Hyderabad,mobile,0,5G,night,0
103647,2025-09-24 05:04:10.600920,1607,5970,212.85,send,Chennai,mobile,0,5G,night,0
103648,2025-09-24 06:49:19.062412,1463,5813,331.04,send,Chennai,mobile,0,4G,morning,0
103649,2025-09-24 08:34:27.523904,1407,5370,1046.78,send,Chennai,mobile,0,4G,morning,0
103650,2025-09-24 10:19:35.985397,1088,5175,240.39,send,Mumbai,tablet,0,WiFi,morning,1
103651,2025-09-24 12:04:44.446889,1044,5831,476.42,send,Ahmedabad,tablet,0,5G,afternoon,0
103652,2025-09-24 13:49:52.908381,1461,5588,790.67,receive,Bangalore,tablet,0,5G,afternoon,0
103653,2025-09-24 15:35:01.369873,1278,5495,259.34,receive,Pune,mobile,0,WiFi,afternoon,0
103654,2025-09-24 17:20:09.831366,1683,5973,84.4,send,Kolkata,mobile,0,5G,afternoon,1
103655,2025-09-24 19:05:18.292858,1421,5114,168.78,merchant_payment,Ahmedabad,mobile,0,4G,evening,0
103656,2025-09-24 20:50:26.754350,1701,5111,208.77,receive,Hyderabad,mobile,0,WiFi,evening,0
103657,2025-09-24 22:35:35.215843,1353,5761,391.97,send,Delhi,tablet,0,WiFi,evening,0
103658,2025-09-25 00:20:43.677335,1696,5439,515.07,send,Hyderabad,mobile,0,4G,night,0
103659,2025-09-25 02:05:52.138827,1515,5715,1122.94,send,Hyderabad,mobile,0,5G,night,0
103660,2025-09-25 03:51:00.600320,1703,5147,144.42,merchant_payment,Mumbai,mobile,1,WiFi,night,1
103661,2025-09-25 05:36:09.061812,1630,5035,970.96,merchant_payment,Mumbai,mobile,0,4G,night,0
103662,2025-09-25 07:21:17.523304,1019,5999,340.04,send,Chennai,mobile,0,4G,morning,0
103663,2025-09-25 09:06:25.984796,1023,5309,82.64,merchant_payment,Ahmedabad,mobile,0,5G,morning,0
103664,2025-09-25 10:51:34.446289,1413,5538,499.48,send,Hyderabad,mobile,0,4G,morning,0
103665,2025-09-25 12:36:42.907781,1030,5750,1837.7,send,Bangalore,mobile,0,5G,afternoon,0
103666,2025-09-25 14:21:51.369273,1807,5014,1191.67,receive,Mumbai,mobile,0,5G,afternoon,0
103667,2025-09-25 16:06:59.830766,1108,5374,456.56,merchant_payment,Kolkata,mobile,0,4G,afternoon,0
103668,2025-09-25 17:52:08.292258,1367,5557,1518.94,send,Ahmedabad,mobile,0,WiFi,afternoon,0
103669,2025-09-25 19:37:16.753750,1281,5428,597.18,merchant_payment,Mumbai,tablet,0,4G,evening,0
103670,2025-09-25 21:22:25.215243,1128,5728,1314.47,send,Bangalore,mobile,0,4G,evening,0
103671,2025-09-25 23:07:33.676735,1229,5233,93.54,send,Mumbai,mobile,0,4G,evening,0
103672,2025-09-26 00:52:42.138227,1111,5705,141.22,merchant_payment,Pune,mobile,0,WiFi,night,1
103673,2025-09-26 02:37:50.599719,1136,5563,1021.51,receive,Bangalore,mobile,0,4G,night,1
103674,2025-09-26 04:22:59.061212,1362,5939,2296.82,merchant_payment,Ahmedabad,mobile,0,4G,night,0
103675,2025-09-26 06:08:07.522704,1186,5887,747.92,merchant_payment,Pune,mobile,0,WiFi,morning,0
103676,2025-09-26 07:53:15.984196,1656,5726,299.66,merchant_payment,Pune,mobile,0,WiFi,morning,0
103677,2025-09-26 09:38:24.445689,1584,5663,210.5,send,Delhi,mobile,0,4G,morning,0
103678,2025-09-26 11:23:32.907181,1129,5440,359.49,send,Bangalore,mobile,0,4G,morning,0
103679,2025-09-26 13:08:41.368673,1876,5502,1658.45,merchant_payment,Delhi,mobile,0,5G,afternoon,0
103680,2025-09-26 14:53:49.830166,1261,5275,349.84,receive,Kolkata,mobile,0,5G,afternoon,0
103681,2025-09-26 16:38:58.291658,1515,5850,1404.96,receive,Chennai,mobile,0,WiFi,afternoon,0
103682,2025-09-26 18:24:06.753150,1449,5076,946.31,send,Chennai,mobile,0,4G,evening,0
103683,2025-09-26 20:09:15.214642,1900,5439,2735.11,send,Ahmedabad,mobile,0,4G,evening,0
103684,2025-09-26 21:54:23.676135,1104,5732,602.0,receive,Ahmedabad,mobile,0,5G,evening,0
103685,2025-09-26 23:39:32.137627,1483,5860,468.91,send,Ahmedabad,mobile,0,5G,evening,0
103686,2025-09-27 01:24:40.599119,1224,5956,1476.86,send,Pune,mobile,0,5G,night,0
103687,2025-09-27 03:09:49.060612,1832,5699,193.4,send,Mumbai,mobile,0,WiFi,night,0
103688,2025-09-27 04:54:57.522104,1874,5289,316.08,send,Bangalore,mobile,0,5G,night,0
103689,2025-09-27 06:40:05.983596,1866,5915,91.84,merchant_payment,Mumbai,mobile,0,4G,morning,0
103690,2025-09-27 08:25:14.445089,1491,5540,140.57,merchant_payment,Bangalore,mobile,0,5G,morning,0
103691,2025-09-27 10:10:22.906581,1473,5891,3372.37,send,Ahmedabad,mobile,0,4G,morning,0
103692,2025-09-27 11:55:31.368073,1010,5692,984.68,send,Mumbai,tablet,0,5G,morning,0
103693,2025-09-27 13:40:39.829565,1405,5253,125.12,receive,Chennai,mobile,0,WiFi,afternoon,0
103694,2025-09-27 15:25:48.291058,1896,5126,1627.55,send,Kolkata,mobile,0,5G,afternoon,0
103695,2025-09-27 17:10:56.752550,1302,5177,243.79,merchant_payment,Chennai,mobile,0,4G,afternoon,0
103696,2025-09-27 18:56:05.214042,1231,5037,935.38,merchant_payment,Mumbai,mobile,0,4G,evening,0
103697,2025-09-27 20:41:13.675535,1731,5410,921.51,merchant_payment,Bangalore,mobile,0,4G,evening,0
103698,2025-09-27 22:26:22.137027,1923,5611,2604.49,receive,Hyderabad,mobile,0,4G,evening,0
103699,2025-09-28 00:11:30.598519,1066,5610,287.8,send,Kolkata,mobile,0,5G,night,0
103700,2025-09-28 01:56:39.060012,1937,5127,235.04,receive,Bangalore,mobile,0,5G,night,1
103701,2025-09-28 03:41:47.521504,1112,5483,33.48,send,Mumbai,mobile,0,5G,night,1
103702,2025-09-28 05:26:55.982996,1013,5168,436.25,send,Bangalore,mobile,0,4G,night,1
103703,2025-09-28 07:12:04.444488,1393,5592,1017.73,send,Ahmedabad,mobile,0,4G,morning,0
103704,2025-09-28 08:57:12.905981,1500,5294,1166.75,send,Delhi,mobile,0,4G,morning,0
103705,2025-09-28 10:42:21.367473,1932,5845,1723.99,send,Bangalore,mobile,0,4G,morning,0
103706,2025-09-28 12:27:29.828965,1598,5638,658.4,send,Chennai,mobile,0,WiFi,afternoon,0
103707,2025-09-28 14:12:38.290458,1234,5343,816.3,receive,Pune,mobile,0,5G,afternoon,0
103708,2025-09-28 15:57:46.751950,1602,5310,527.49,merchant_payment,Chennai,mobile,0,WiFi,afternoon,0
103709,2025-09-28 17:42:55.213442,1314,5662,999.7,send,Delhi,mobile,0,5G,afternoon,0
103710,2025-09-28 19:28:03.674934,1566,5528,193.59,receive,Kolkata,mobile,0,5G,evening,0
103711,2025-09-28 21:13:12.136427,1012,5540,120.49,send,Bangalore,mobile,1,4G,evening,0
103712,2025-09-28 22:58:20.597919,1209,5419,215.13,merchant_payment,Kolkata,mobile,0,4G,evening,1
103713,2025-09-29 00:43:29.059411,1974,5444,610.1,send,Hyderabad,mobile,0,5G,night,0
103714,2025-09-29 02:28:37.520904,1014,5685,134.23,merchant_payment,Bangalore,mobile,1,5G,night,0
103715,2025-09-29 04:13:45.982396,1633,5558,261.58,send,Chennai,mobile,0,5G,night,0
103716,2025-09-29 05:58:54.443888,1418,5840,270.08,merchant_payment,Pune,mobile,0,4G,night,1
103717,2025-09-29 07:44:02.905381,1437,5236,1076.88,send,Chennai,mobile,0,WiFi,morning,0
103718,2025-09-29 09:29:11.366873,1377,5439,953.46,send,Kolkata,tablet,0,4G,morning,0
103719,2025-09-29 11:14:19.828365,1020,5214,528.73,send,Mumbai,mobile,0,4G,morning,0
103720,2025-09-29 12:59:28.289857,1587,5085,773.61,send,Chennai,mobile,0,WiFi,afternoon,0
103721,2025-09-29 14:44:36.751350,1912,5794,789.02,merchant_payment,Mumbai,mobile,1,4G,afternoon,0
103722,2025-09-29 16:29:45.212842,1755,5744,342.54,receive,Chennai,mobile,0,WiFi,afternoon,0
103723,2025-09-29 18:14:53.674334,1735,5085,286.43,send,Ahmedabad,tablet,0,4G,evening,0
103724,2025-09-29 20:00:02.135827,1070,5921,2290.87,merchant_payment,Chennai,mobile,0,5G,evening,1
103725,2025-09-29 21:45:10.597319,1824,5489,40.89,receive,Pune,mobile,0,4G,evening,0
103726,2025-09-29 23:30:19.058811,1211,5065,234.79,merchant_payment,Hyderabad,mobile,0,4G,evening,0
103727,2025-09-30 01:15:27.520304,1101,5646,401.91,send,Mumbai,mobile,0,5G,night,0
103728,2025-09-30 03:00:35.981796,1698,5663,862.6,merchant_payment,Mumbai,mobile,0,4G,night,0
103729,2025-09-30 04:45:44.443288,1132,5627,1533.8,send,Chennai,mobile,0,4G,night,0
103730,2025-09-30 06:30:52.904780,1623,5064,3154.96,receive,Ahmedabad,mobile,0,WiFi,morning,0
103731,2025-09-30 08:16:01.366273,1381,5343,449.57,send,Mumbai,mobile,0,WiFi,morning,0
103732,2025-09-30 10:01:09.827765,1132,5939,480.71,receive,Chennai,mobile,0,4G,morning,0
103733,2025-09-30 11:46:18.289257,1020,5875,708.12,receive,Chennai,mobile,0,4G,morning,0
103734,2025-09-30 13:31:26.750750,1906,5919,289.71,send,Kolkata,mobile,0,5G,afternoon,0
103735,2025-09-30 15:16:35.212242,1536,5352,150.77,merchant_payment,Bangalore,mobile,0,WiFi,afternoon,0
103736,2025-09-30 17:01:43.673734,1227,5158,447.53,merchant_payment,Mumbai,mobile,0,WiFi,afternoon,0
103737,2025-09-30 18:46:52.135227,1154,5589,1038.33,merchant_payment,Pune,mobile,0,4G,evening,0
103738,2025-09-30 20:32:00.596719,1805,5491,386.48,merchant_payment,Delhi,mobile,0,5G,evening,0
103739,2025-09-30 22:17:09.058211,1742,5658,745.04,merchant_payment,Kolkata,mobile,0,4G,evening,0
103740,2025-10-01 00:02:17.519703,1469,5855,76.03,merchant_payment,Mumbai,mobile,0,4G,night,1
103741,2025-10-01 01:47:25.981196,1822,5463,501.9,merchant_payment,Pune,tablet,0,4G,night,0
103742,2025-10-01 03:32:34.442688,2000,5225,329.16,send,Ahmedabad,tablet,0,4G,night,0
103743,2025-10-01 05:17:42.904180,1871,5917,137.67,merchant_payment,Mumbai,mobile,0,5G,night,0
103744,2025-10-01 07:02:51.365673,1405,5313,950.71,merchant_payment,Hyderabad,mobile,0,4G,morning,0
103745,2025-10-01 08:47:59.827165,1202,5615,3120.18,merchant_payment,Delhi,mobile,0,WiFi,morning,1
103746,2025-10-01 10:33:08.288657,1038,5919,1326.05,send,Delhi,mobile,0,5G,morning,0
103747,2025-10-01 12:18:16.750150,1942,5859,1413.39,send,Pune,mobile,0,4G,afternoon,0
103748,2025-10-01 14:03:25.211642,1772,5813,1004.73,merchant_payment,Hyderabad,mobile,0,WiFi,afternoon,0
103749,2025-10-01 15:48:33.673134,1188,5940,940.54,merchant_payment,Hyderabad,mobile,0,WiFi,afternoon,1
103750,2025-10-01 17:33:42.134626,1057,5466,81.5,send,Mumbai,mobile,0,5G,afternoon,0
103751,2025-10-01 19:18:50.596119,1941,5088,433.57,send,Bangalore,tablet,0,4G,evening,0
103752,2025-10-01 21:03:59.057611,1020,5883,819.48,send,Pune,tablet,0,4G,evening,0
103753,2025-10-01 22:49:07.519103,1273,5303,838.32,receive,Hyderabad,mobile,0,4G,evening,0
103754,2025-10-02 00:34:15.980596,1119,5680,1757.6,send,Delhi,tablet,0,5G,night,1
103755,2025-10-02 02:19:24.442088,1583,5435,175.49,receive,Pune,mobile,0,4G,night,1
103756,2025-10-02 04:04:32.903580,1516,5682,904.4,merchant_payment,Delhi,mobile,0,5G,night,0
103757,2025-10-02 05:49:41.365073,1221,5135,169.86,merchant_payment,Mumbai,mobile,0,4G,night,1
103758,2025-10-02 07:34:49.826565,1526,5050,398.74,send,Pune,mobile,0,5G,morning,0
103759,2025-10-02 09:19:58.288057,1515,5432,463.14,merchant_payment,Bangalore,tablet,0,4G,morning,0
103760,2025-10-02 11:05:06.749549,1728,5340,1167.44,receive,Chennai,mobile,0,4G,morning,0
103761,2025-10-02 12:50:15.211042,1741,5347,1037.9,send,Pune,mobile,0,4G,afternoon,0
103762,2025-10-02 14:35:23.672534,1336,5646,555.76,receive,Hyderabad,mobile,0,5G,afternoon,0
103763,2025-10-02 16:20:32.134026,1698,5347,57.28,merchant_payment,Hyderabad,mobile,0,WiFi,afternoon,0
103764,2025-10-02 18:05:40.595519,1055,5649,768.8,merchant_payment,Mumbai,mobile,1,5G,evening,0
103765,2025-10-02 19:50:49.057011,1500,5245,377.03,merchant_payment,Kolkata,mobile,0,4G,evening,0
103766,2025-10-02 21:35:57.518503,1900,5109,1981.89,send,Kolkata,mobile,0,WiFi,evening,0
103767,2025-10-02 23:21:05.979996,1888,5825,1561.64,send,Bangalore,mobile,0,5G,evening,0
103768,2025-10-03 01:06:14.441488,1766,5799,192.86,send,Delhi,mobile,0,4G,night,0
103769,2025-10-03 02:51:22.902980,1536,5533,881.98,merchant_payment,Delhi,mobile,1,4G,night,0
103770,2025-10-03 04:36:31.364472,1162,5090,899.56,merchant_payment,Chennai,mobile,0,4G,night,1
103771,2025-10-03 06:21:39.825965,1670,5296,836.46,send,Delhi,tablet,0,4G,morning,0
103772,2025-10-03 08:06:48.287457,1594,5112,734.79,send,Kolkata,mobile,0,4G,morning,0
103773,2025-10-03 09:51:56.748949,1915,5813,925.33,merchant_payment,Kolkata,mobile,1,5G,morning,1
103774,2025-10-03 11:37:05.210442,1159,5589,2211.63,merchant_payment,Ahmedabad,mobile,0,WiFi,morning,0
103775,2025-10-03 13:22:13.671934,1188,5177,283.9,send,Hyderabad,mobile,0,4G,afternoon,0
103776,2025-10-03 15:07:22.133426,1060,5343,199.18,merchant_payment,Chennai,mobile,0,4G,afternoon,0
103777,2025-10-03 16:52:30.594918,1915,5660,1077.84,receive,Bangalore,mobile,0,4G,afternoon,0
103778,2025-10-03 18:37:39.056411,1817,5101,74.94,send,Chennai,mobile,0,WiFi,evening,0
103779,2025-10-03 20:22:47.517903,1319,5758,947.69,send,Pune,tablet,0,4G,evening,0
103780,2025-10-03 22:07:55.979395,1878,5629,793.89,send,Bangalore,mobile,0,4G,evening,0
103781,2025-10-03 23:53:04.440888,1211,5604,47.2,send,Kolkata,mobile,0,4G,evening,0
103782,2025-10-04 01:38:12.902380,1406,5401,260.78,receive,Delhi,tablet,0,5G,night,0
103783,2025-10-04 03:23:21.363872,1664,5028,2382.66,send,Mumbai,mobile,0,4G,night,0
103784,2025-10-04 05:08:29.825365,1109,5937,114.76,send,Chennai,mobile,0,5G,night,0
103785,2025-10-04 06:53:38.286857,1076,5962,609.47,receive,Chennai,mobile,0,4G,morning,0
103786,2025-10-04 08:38:46.748349,1542,5537,180.39,send,Hyderabad,mobile,0,4G,morning,0
103787,2025-10-04 10:23:55.209841,1314,5058,242.51,merchant_payment,Ahmedabad,mobile,0,4G,morning,0
103788,2025-10-04 12:09:03.671334,1998,5498,3348.67,send,Ahmedabad,mobile,1,WiFi,afternoon,1
103789,2025-10-04 13:54:12.132826,1117,5297,557.49,receive,Ahmedabad,mobile,0,4G,afternoon,0
103790,2025-10-04 15:39:20.594318,1927,5134,826.29,merchant_payment,Hyderabad,mobile,0,WiFi,afternoon,0
103791,2025-10-04 17:24:29.055811,1868,5331,440.33,send,Kolkata,mobile,0,4G,afternoon,0
103792,2025-10-04 19:09:37.517303,1704,5249,108.3,receive,Bangalore,mobile,0,4G,evening,0
103793,2025-10-04 20:54:45.978795,1019,5550,150.67,send,Ahmedabad,mobile,0,5G,evening,0
103794,2025-10-04 22:39:54.440288,1432,5902,1601.07,merchant_payment,Mumbai,mobile,0,4G,evening,0
103795,2025-10-05 00:25:02.901780,1685,5941,574.15,merchant_payment,Pune,mobile,0,4G,night,0
103796,2025-10-05 02:10:11.363272,1740,5075,228.08,send,Hyderabad,mobile,0,4G,night,0
103797,2025-10-05 03:55:19.824764,1350,5654,482.0,merchant_payment,Hyderabad,mobile,0,4G,night,0
103798,2025-10-05 05:40:28.286257,1183,5834,954.89,send,Delhi,mobile,0,4G,night,0
103799,2025-10-05 07:25:36.747749,1113,5168,776.26,merchant_payment,Delhi,mobile,0,4G,morning,1
103800,2025-10-05 09:10:45.209241,1183,5771,228.2,send,Kolkata,mobile,0,4G,morning,0
103801,2025-10-05 10:55:53.670734,1481,5503,101.97,merchant_payment,Ahmedabad,mobile,0,5G,morning,0
103802,2025-10-05 12:41:02.132226,1146,5885,327.98,send,Kolkata,mobile,0,5G,afternoon,0
103803,2025-10-05 14:26:10.593718,1831,5355,1493.76,receive,Hyderabad,mobile,0,4G,afternoon,0
103804,2025-10-05 16:11:19.055211,1628,5225,1157.92,merchant_payment,Bangalore,mobile,0,5G,afternoon,0
103805,2025-10-05 17:56:27.516703,1113,5664,742.78,merchant_payment,Pune,mobile,0,4G,afternoon,0
103806,2025-10-05 19:41:35.978195,1763,5531,415.35,send,Ahmedabad,mobile,0,5G,evening,0
103807,2025-10-05 21:26:44.439687,1476,5146,293.9,receive,Mumbai,tablet,0,5G,evening,0
103808,2025-10-05 23:11:52.901180,1763,5960,423.13,send,Hyderabad,mobile,0,5G,evening,0
103809,2025-10-06 00:57:01.362672,1303,5241,1076.82,send,Bangalore,mobile,0,5G,night,0
103810,2025-10-06 02:42:09.824164,1971,5884,1353.15,send,Bangalore,mobile,0,4G,night,0
103811,2025-10-06 04:27:18.285657,1825,5893,379.26,send,Ahmedabad,mobile,0,4G,night,0
103812,2025-10-06 06:12:26.747149,1118,5344,6224.39,receive,Hyderabad,mobile,0,5G,morning,0
103813,2025-10-06 07:57:35.208641,1813,5749,540.45,send,Ahmedabad,mobile,0,4G,morning,0
103814,2025-10-06 09:42:43.670134,1161,5035,348.29,receive,Bangalore,tablet,0,4G,morning,0
103815,2025-10-06 11:27:52.131626,1401,5702,2155.27,send,Chennai,mobile,0,4G,morning,0
103816,2025-10-06 13:13:00.593118,1198,5001,64.18,send,Ahmedabad,mobile,0,4G,afternoon,0
103817,2025-10-06 14:58:09.054610,1260,5996,796.35,merchant_payment,Bangalore,mobile,0,5G,afternoon,0
103818,2025-10-06 16:43:17.516103,1660,5153,458.15,send,Hyderabad,mobile,0,4G,afternoon,0
103819,2025-10-06 18:28:25.977595,1752,5429,2096.83,send,Bangalore,mobile,0,4G,evening,0
103820,2025-10-06 20:13:34.439087,1047,5945,902.28,send,Ahmedabad,mobile,0,WiFi,evening,1
103821,2025-10-06 21:58:42.900580,1987,5508,566.29,receive,Pune,mobile,0,4G,evening,0
103822,2025-10-06 23:43:51.362072,1399,5126,955.88,merchant_payment,Hyderabad,mobile,0,4G,evening,0
103823,2025-10-07 01:28:59.823564,1710,5491,171.47,send,Delhi,mobile,0,WiFi,night,1
103824,2025-10-07 03:14:08.285057,1559,5482,1295.72,send,Hyderabad,mobile,0,4G,night,1
103825,2025-10-07 04:59:16.746549,1078,5345,128.43,merchant_payment,Bangalore,mobile,0,WiFi,night,0
103826,2025-10-07 06:44:25.208041,1124,5912,705.21,merchant_payment,Hyderabad,mobile,0,4G,morning,0
103827,2025-10-07 08:29:33.669533,1075,5738,510.61,send,Mumbai,tablet,0,4G,morning,0
103828,2025-10-07 10:14:42.131026,1871,5221,84.52,receive,Hyderabad,mobile,0,4G,morning,0
103829,2025-10-07 11:59:50.592518,1137,5915,527.92,send,Hyderabad,mobile,0,5G,morning,0
103830,2025-10-07 13:44:59.054010,1602,5919,653.27,send,Ahmedabad,mobile,0,WiFi,afternoon,0
103831,2025-10-07 15:30:07.515503,1400,5723,255.99,send,Mumbai,mobile,0,WiFi,afternoon,0
103832,2025-10-07 17:15:15.976995,1837,5025,179.03,receive,Mumbai,mobile,0,5G,afternoon,0
103833,2025-10-07 19:00:24.438487,1505,5528,806.08,send,Mumbai,mobile,0,4G,evening,0
103834,2025-10-07 20:45:32.899979,1500,5182,707.91,merchant_payment,Kolkata,mobile,0,WiFi,evening,0
103835,2025-10-07 22:30:41.361472,1573,5499,618.2,receive,Chennai,mobile,0,5G,evening,0
103836,2025-10-08 00:15:49.822964,1138,5841,497.13,send,Kolkata,mobile,0,4G,night,0
103837,2025-10-08 02:00:58.284456,1050,5641,279.62,merchant_payment,Hyderabad,mobile,0,WiFi,night,0
103838,2025-10-08 03:46:06.745949,1771,5042,4779.93,send,Kolkata,mobile,0,WiFi,night,0
103839,2025-10-08 05:31:15.207441,1973,5915,365.65,send,Ahmedabad,mobile,1,5G,night,0
103840,2025-10-08 07:16:23.668933,1619,5481,207.45,send,Kolkata,mobile,0,4G,morning,0
103841,2025-10-08 09:01:32.130426,1625,5930,520.31,send,Mumbai,mobile,0,WiFi,morning,0
103842,2025-10-08 10:46:40.591918,1862,5848,411.19,send,Mumbai,mobile,0,4G,morning,0
103843,2025-10-08 12:31:49.053410,1254,5748,357.27,send,Delhi,mobile,0,5G,afternoon,0
103844,2025-10-08 14:16:57.514902,1630,5872,3210.8,send,Kolkata,mobile,0,4G,afternoon,0
103845,2025-10-08 16:02:05.976395,1710,5439,159.21,send,Chennai,mobile,0,WiFi,afternoon,0
103846,2025-10-08 17:47:14.437887,1849,5402,511.55,merchant_payment,Ahmedabad,mobile,1,4G,afternoon,0
103847,2025-10-08 19:32:22.899379,1877,5546,170.26,send,Ahmedabad,mobile,0,5G,evening,0
103848,2025-10-08 21:17:31.360872,1563,5345,286.85,send,Ahmedabad,mobile,0,4G,evening,0
103849,2025-10-08 23:02:39.822364,1757,5893,2796.48,merchant_payment,Hyderabad,mobile,0,5G,evening,0
103850,2025-10-09 00:47:48.283856,1915,5045,652.91,receive,Pune,mobile,0,WiFi,night,0
103851,2025-10-09 02:32:56.745349,1426,5646,645.08,receive,Ahmedabad,mobile,0,WiFi,night,0
103852,2025-10-09 04:18:05.206841,1547,5021,192.58,send,Pune,mobile,0,4G,night,0
103853,2025-10-09 06:03:13.668333,1302,5634,322.27,merchant_payment,Bangalore,mobile,0,4G,morning,0
103854,2025-10-09 07:48:22.129825,1922,5070,3050.69,send,Chennai,mobile,0,4G,morning,0
103855,2025-10-09 09:33:30.591318,1581,5864,811.89,merchant_payment,Chennai,mobile,0,5G,morning,0
103856,2025-10-09 11:18:39.052810,1349,5873,350.82,merchant_payment,Delhi,mobile,0,WiFi,morning,0
103857,2025-10-09 13:03:47.514302,1832,5048,765.56,receive,Hyderabad,mobile,0,5G,afternoon,0
103858,2025-10-09 14:48:55.975795,1933,5491,643.98,send,Hyderabad,mobile,0,4G,afternoon,0
103859,2025-10-09 16:34:04.437287,1980,5551,212.84,receive,Mumbai,mobile,0,4G,afternoon,0
103860,2025-10-09 18:19:12.898779,1049,5287,340.76,receive,Mumbai,mobile,0,5G,evening,0
103861,2025-10-09 20:04:21.360272,1917,5010,4696.33,receive,Chennai,mobile,0,4G,evening,0
103862,2025-10-09 21:49:29.821764,1074,5542,729.24,receive,Delhi,mobile,0,4G,evening,0
103863,2025-10-09 23:34:38.283256,1704,5756,102.61,merchant_payment,Hyderabad,mobile,1,4G,evening,0
103864,2025-10-10 01:19:46.744748,1261,5274,820.74,receive,Delhi,mobile,0,4G,night,1
103865,2025-10-10 03:04:55.206241,1356,5956,1813.63,merchant_payment,Bangalore,mobile,1,4G,night,0
103866,2025-10-10 04:50:03.667733,1582,5600,199.46,merchant_payment,Pune,mobile,0,WiFi,night,0
103867,2025-10-10 06:35:12.129225,1602,5756,312.05,send,Hyderabad,tablet,0,4G,morning,0
103868,2025-10-10 08:20:20.590718,1260,5381,2108.58,merchant_payment,Mumbai,mobile,0,WiFi,morning,0
103869,2025-10-10 10:05:29.052210,1638,5329,510.26,send,Chennai,mobile,0,5G,morning,0
103870,2025-10-10 11:50:37.513702,1743,5479,427.14,merchant_payment,Delhi,mobile,0,5G,morning,0
103871,2025-10-10 13:35:45.975195,1295,5015,129.53,send,Pune,mobile,0,4G,afternoon,0
103872,2025-10-10 15:20:54.436687,1931,5516,1437.36,receive,Pune,mobile,0,4G,afternoon,0
103873,2025-10-10 17:06:02.898179,1641,5191,408.11,merchant_payment,Ahmedabad,mobile,0,4G,afternoon,0
103874,2025-10-10 18:51:11.359671,1792,5168,56.21,send,Pune,mobile,0,5G,evening,0
103875,2025-10-10 20:36:19.821164,1313,5521,102.24,merchant_payment,Mumbai,mobile,0,5G,evening,0
103876,2025-10-10 22:21:28.282656,1612,5621,281.02,receive,Chennai,mobile,0,WiFi,evening,0
103877,2025-10-11 00:06:36.744148,1838,5137,168.54,send,Mumbai,mobile,0,4G,night,0
103878,2025-10-11 01:51:45.205641,1809,5154,197.16,send,Hyderabad,mobile,0,5G,night,0
103879,2025-10-11 03:36:53.667133,1182,5388,5139.29,merchant_payment,Delhi,mobile,1,5G,night,1
103880,2025-10-11 05:22:02.128625,1686,5209,999.77,send,Bangalore,mobile,1,4G,night,0
103881,2025-10-11 07:07:10.590118,1828,5272,37.44,merchant_payment,Ahmedabad,mobile,0,4G,morning,0
103882,2025-10-11 08:52:19.051610,1364,5143,359.85,merchant_payment,Kolkata,tablet,0,WiFi,morning,0
103883,2025-10-11 10:37:27.513102,1188,5611,450.57,merchant_payment,Ahmedabad,mobile,0,4G,morning,0
103884,2025-10-11 12:22:35.974594,1569,5889,112.51,merchant_payment,Pune,mobile,0,WiFi,afternoon,0
103885,2025-10-11 14:07:44.436087,1543,5820,840.83,receive,Mumbai,mobile,0,4G,afternoon,0
103886,2025-10-11 15:52:52.897579,1596,5069,63.98,merchant_payment,Kolkata,tablet,0,4G,afternoon,0
103887,2025-10-11 17:38:01.359071,1664,5247,1475.79,merchant_payment,Delhi,mobile,0,5G,afternoon,0
103888,2025-10-11 19:23:09.820564,1985,5261,2082.93,merchant_payment,Hyderabad,mobile,0,4G,evening,0
103889,2025-10-11 21:08:18.282056,1548,5788,5180.13,send,Ahmedabad,mobile,0,WiFi,evening,0
103890,2025-10-11 22:53:26.743548,1725,5079,102.07,send,Mumbai,mobile,0,WiFi,evening,0
103891,2025-10-12 00:38:35.205041,1926,5658,125.1,receive,Hyderabad,mobile,0,5G,night,0
103892,2025-10-12 02:23:43.666533,1408,5623,985.03,receive,Bangalore,mobile,0,WiFi,night,0
103893,2025-10-12 04:08:52.128025,1876,5770,1607.89,send,Pune,mobile,0,4G,night,0
103894,2025-10-12 05:54:00.589517,1618,5605,1106.5,send,Bangalore,mobile,0,4G,night,0
103895,2025-10-12 07:39:09.051010,1414,5525,1450.58,receive,Pune,mobile,0,WiFi,morning,0
103896,2025-10-12 09:24:17.512502,1342,5772,1952.42,send,Chennai,tablet,0,4G,morning,0
103897,2025-10-12 11:09:25.973994,1220,5938,603.2,send,Chennai,tablet,0,4G,morning,0
103898,2025-10-12 12:54:34.435487,1903,5621,398.4,send,Chennai,mobile,0,4G,afternoon,0
103899,2025-10-12 14:39:42.896979,1163,5330,125.44,merchant_payment,Hyderabad,mobile,1,4G,afternoon,0
103900,2025-10-12 16:24:51.358471,1951,5189,365.73,receive,Chennai,mobile,1,5G,afternoon,1
103901,2025-10-12 18:09:59.819963,1220,5095,426.29,send,Delhi,tablet,0,4G,evening,1
103902,2025-10-12 19:55:08.281456,1270,5617,190.63,send,Kolkata,tablet,0,4G,evening,0
103903,2025-10-12 21:40:16.742948,1632,5008,474.27,receive,Kolkata,mobile,0,4G,evening,0
103904,2025-10-12 23:25:25.204440,1906,5067,170.31,merchant_payment,Hyderabad,mobile,0,5G,evening,0
103905,2025-10-13 01:10:33.665933,1848,5496,1500.17,merchant_payment,Hyderabad,mobile,1,WiFi,night,0
103906,2025-10-13 02:55:42.127425,1400,5191,754.33,send,Chennai,mobile,0,5G,night,1
103907,2025-10-13 04:40:50.588917,1182,5366,311.19,send,Pune,mobile,0,4G,night,1
103908,2025-10-13 06:25:59.050410,1991,5768,595.17,merchant_payment,Kolkata,mobile,0,4G,morning,0
103909,2025-10-13 08:11:07.511902,1618,5521,163.19,send,Ahmedabad,mobile,0,4G,morning,0
103910,2025-10-13 09:56:15.973394,1729,5990,180.6,receive,Kolkata,mobile,0,4G,morning,0
103911,2025-10-13 11:41:24.434886,1205,5117,261.42,send,Chennai,mobile,0,5G,morning,0
103912,2025-10-13 13:26:32.896379,1582,5267,406.7,send,Hyderabad,mobile,0,4G,afternoon,0
103913,2025-10-13 15:11:41.357871,1556,5611,567.48,send,Bangalore,mobile,0,4G,afternoon,0
103914,2025-10-13 16:56:49.819363,1841,5485,569.73,receive,Pune,mobile,0,5G,afternoon,1
103915,2025-10-13 18:41:58.280856,1813,5509,131.79,send,Ahmedabad,tablet,0,5G,evening,1
103916,2025-10-13 20:27:06.742348,1228,5298,454.53,send,Bangalore,mobile,0,5G,evening,0
103917,2025-10-13 22:12:15.203840,1696,5909,217.44,send,Chennai,mobile,0,5G,evening,0
103918,2025-10-13 23:57:23.665333,1619,5164,16.3,send,Bangalore,mobile,0,4G,evening,0
103919,2025-10-14 01:42:32.126825,1596,5376,10674.21,send,Delhi,mobile,0,4G,night,0
103920,2025-10-14 03:27:40.588317,1850,5653,221.71,send,Delhi,mobile,0,5G,night,0
103921,2025-10-14 05:12:49.049809,1250,5268,234.36,send,Delhi,mobile,0,4G,night,0
103922,2025-10-14 06:57:57.511302,1875,5549,128.2,merchant_payment,Hyderabad,mobile,0,4G,morning,0
103923,2025-10-14 08:43:05.972794,1441,5074,171.14,receive,Hyderabad,mobile,0,5G,morning,0
103924,2025-10-14 10:28:14.434286,1533,5508,408.02,send,Hyderabad,mobile,0,5G,morning,0
103925,2025-10-14 12:13:22.895779,1196,5073,1904.19,send,Hyderabad,mobile,0,4G,afternoon,0
103926,2025-10-14 13:58:31.357271,1690,5308,405.72,receive,Hyderabad,mobile,0,4G,afternoon,0
103927,2025-10-14 15:43:39.818763,1929,5199,356.54,send,Chennai,mobile,0,5G,afternoon,0
103928,2025-10-14 17:28:48.280256,1987,5130,1636.43,send,Ahmedabad,mobile,0,4G,afternoon,1
103929,2025-10-14 19:13:56.741748,1519,5758,291.66,merchant_payment,Bangalore,mobile,0,4G,evening,0
103930,2025-10-14 20:59:05.203240,1070,5824,503.28,merchant_payment,Chennai,mobile,0,5G,evening,0
103931,2025-10-14 22:44:13.664732,1639,5572,196.06,receive,Ahmedabad,mobile,0,4G,evening,0
103932,2025-10-15 00:29:22.126225,1399,5791,2657.48,send,Bangalore,mobile,0,4G,night,0
103933,2025-10-15 02:14:30.587717,1978,5615,1406.01,merchant_payment,Chennai,mobile,0,5G,night,0
103934,2025-10-15 03:59:39.049209,1672,5808,422.85,send,Delhi,mobile,0,WiFi,night,0
103935,2025-10-15 05:44:47.510702,1760,5832,330.48,merchant_payment,Mumbai,mobile,0,WiFi,night,0
103936,2025-10-15 07:29:55.972194,1203,5487,477.31,send,Hyderabad,mobile,0,WiFi,morning,0
103937,2025-10-15 09:15:04.433686,1148,5853,429.07,send,Mumbai,mobile,0,4G,morning,1
103938,2025-10-15 11:00:12.895179,1472,5151,104.92,receive,Mumbai,mobile,0,5G,morning,0
103939,2025-10-15 12:45:21.356671,1655,5669,1454.86,merchant_payment,Delhi,mobile,0,WiFi,afternoon,0
103940,2025-10-15 14:30:29.818163,1944,5206,392.63,merchant_payment,Mumbai,mobile,0,5G,afternoon,0
103941,2025-10-15 16:15:38.279655,1199,5986,3289.01,receive,Mumbai,mobile,0,4G,afternoon,0
103942,2025-10-15 18:00:46.741148,1917,5179,751.31,merchant_payment,Delhi,tablet,0,5G,evening,0
103943,2025-10-15 19:45:55.202640,1426,5197,39.6,receive,Ahmedabad,mobile,0,WiFi,evening,0
103944,2025-10-15 21:31:03.664132,1666,5735,136.78,merchant_payment,Bangalore,mobile,0,WiFi,evening,0
103945,2025-10-15 23:16:12.125625,1492,5089,57.62,merchant_payment,Chennai,mobile,0,4G,evening,0
103946,2025-10-16 01:01:20.587117,1888,5799,135.09,send,Kolkata,mobile,1,WiFi,night,1
103947,2025-10-16 02:46:29.048609,1896,5434,96.2,send,Mumbai,mobile,0,5G,night,1
103948,2025-10-16 04:31:37.510102,1142,5788,634.33,merchant_payment,Ahmedabad,mobile,0,4G,night,0
103949,2025-10-16 06:16:45.971594,1313,5748,359.21,merchant_payment,Hyderabad,mobile,0,WiFi,morning,0
103950,2025-10-16 08:01:54.433086,1165,5183,1033.33,send,Delhi,mobile,0,WiFi,morning,0
103951,2025-10-16 09:47:02.894578,1314,5209,474.33,send,Pune,mobile,0,5G,morning,0
103952,2025-10-16 11:32:11.356071,1021,5493,387.49,merchant_payment,Pune,tablet,0,WiFi,morning,0
103953,2025-10-16 13:17:19.817563,1082,5130,3652.65,receive,Mumbai,mobile,0,5G,afternoon,0
103954,2025-10-16 15:02:28.279055,1581,5665,615.74,receive,Kolkata,mobile,0,4G,afternoon,0
103955,2025-10-16 16:47:36.740548,1131,5013,454.63,send,Bangalore,tablet,0,WiFi,afternoon,0
103956,2025-10-16 18:32:45.202040,1599,5634,209.88,merchant_payment,Ahmedabad,tablet,0,WiFi,evening,0
103957,2025-10-16 20:17:53.663532,1730,5871,152.03,send,Bangalore,mobile,0,4G,evening,0
103958,2025-10-16 22:03:02.125025,1933,5732,1064.76,send,Kolkata,mobile,0,4G,evening,0
103959,2025-10-16 23:48:10.586517,1984,5106,1002.95,send,Hyderabad,mobile,0,4G,evening,0
103960,2025-10-17 01:33:19.048009,1305,5375,2372.21,merchant_payment,Mumbai,mobile,0,WiFi,night,0
103961,2025-10-17 03:18:27.509501,1915,5582,795.45,merchant_payment,Hyderabad,mobile,0,5G,night,0
103962,2025-10-17 05:03:35.970994,1371,5707,332.59,merchant_payment,Bangalore,mobile,0,WiFi,night,0
103963,2025-10-17 06:48:44.432486,1857,5698,821.4,send,Pune,mobile,0,5G,morning,0
103964,2025-10-17 08:33:52.893978,1853,5099,454.73,merchant_payment,Bangalore,mobile,1,5G,morning,0
103965,2025-10-17 10:19:01.355471,1384,5594,1170.73,merchant_payment,Chennai,mobile,0,WiFi,morning,0
103966,2025-10-17 12:04:09.816963,1908,5587,1871.19,merchant_payment,Bangalore,mobile,0,4G,afternoon,0
103967,2025-10-17 13:49:18.278455,1445,5886,416.32,merchant_payment,Delhi,tablet,0,5G,afternoon,0
103968,2025-10-17 15:34:26.739947,1425,5852,2856.38,send,Chennai,mobile,0,5G,afternoon,1
103969,2025-10-17 17:19:35.201440,1161,5192,1617.03,receive,Hyderabad,mobile,0,5G,afternoon,0
103970,2025-10-17 19:04:43.662932,1178,5325,501.54,merchant_payment,Bangalore,mobile,0,5G,evening,0
103971,2025-10-17 20:49:52.124424,1629,5979,963.66,merchant_payment,Kolkata,mobile,0,WiFi,evening,0
103972,2025-10-17 22:35:00.585917,1708,5726,668.81,receive,Delhi,mobile,0,4G,evening,0
103973,2025-10-18 00:20:09.047409,1895,5827,503.71,send,Chennai,mobile,0,4G,night,0
103974,2025-10-18 02:05:17.508901,1490,5956,3338.06,merchant_payment,Delhi,mobile,0,WiFi,night,0
103975,2025-10-18 03:50:25.970394,1327,5467,826.83,receive,Chennai,tablet,0,4G,night,0
103976,2025-10-18 05:35:34.431886,1598,5894,212.52,send,Chennai,mobile,0,4G,night,0
103977,2025-10-18 07:20:42.893378,1289,5367,176.27,merchant_payment,Chennai,mobile,0,4G,morning,0
103978,2025-10-18 09:05:51.354870,1593,5318,183.63,send,Ahmedabad,mobile,0,4G,morning,0
103979,2025-10-18 10:50:59.816363,1664,5144,803.92,send,Ahmedabad,mobile,0,5G,morning,0
103980,2025-10-18 12:36:08.277855,1573,5384,350.19,merchant_payment,Kolkata,mobile,0,5G,afternoon,0
103981,2025-10-18 14:21:16.739347,1573,5216,687.66,receive,Hyderabad,mobile,0,5G,afternoon,0
103982,2025-10-18 16:06:25.200840,1354,5361,1256.89,send,Chennai,mobile,0,5G,afternoon,0
103983,2025-10-18 17:51:33.662332,1028,5324,3747.01,send,Chennai,mobile,1,4G,afternoon,1
103984,2025-10-18 19:36:42.123824,1954,5015,358.36,send,Ahmedabad,mobile,0,4G,evening,1
103985,2025-10-18 21:21:50.585317,1043,5217,120.48,send,Delhi,mobile,0,WiFi,evening,1
103986,2025-10-18 23:06:59.046809,1681,5492,2958.39,send,Chennai,tablet,0,4G,evening,0
103987,2025-10-19 00:52:07.508301,1423,5951,114.77,send,Hyderabad,mobile,0,4G,night,0
103988,2025-10-19 02:37:15.969793,1598,5547,110.34,send,Pune,mobile,0,5G,night,0
103989,2025-10-19 04:22:24.431286,1177,5183,2882.61,receive,Kolkata,mobile,0,4G,night,0
103990,2025-10-19 06:07:32.892778,1529,5270,1431.15,merchant_payment,Kolkata,mobile,0,4G,morning,0
103991,2025-10-19 07:52:41.354270,1610,5945,800.18,receive,Delhi,mobile,0,4G,morning,0
103992,2025-10-19 09:37:49.815763,1966,5467,468.75,merchant_payment,Pune,tablet,0,WiFi,morning,0
103993,2025-10-19 11:22:58.277255,1494,5870,387.92,send,Chennai,mobile,0,5G,morning,0
103994,2025-10-19 13:08:06.738747,1198,5612,257.03,merchant_payment,Delhi,mobile,0,4G,afternoon,0
103995,2025-10-19 14:53:15.200240,1610,5519,371.28,receive,Ahmedabad,mobile,0,5G,afternoon,0
103996,2025-10-19 16:38:23.661732,1577,5542,469.93,receive,Kolkata,mobile,0,WiFi,afternoon,0
103997,2025-10-19 18:23:32.123224,1842,5467,124.66,send,Hyderabad,mobile,0,5G,evening,0
103998,2025-10-19 20:08:40.584716,1853,5305,216.97,send,Delhi,tablet,0,4G,evening,0
103999,2025-10-19 21:53:49.046209,1517,5985,59.63,receive,Hyderabad,mobile,0,4G,evening,0
104000,2025-10-19 23:38:57.507701,1514,5144,532.68,send,Ahmedabad,mobile,0,4G,evening,0
104001,2025-10-20 01:24:05.969193,1022,5111,532.78,merchant_payment,Ahmedabad,mobile,0,5G,night,0
104002,2025-10-20 03:09:14.430686,1112,5232,2917.6,send,Pune,mobile,0,5G,night,1
104003,2025-10-20 04:54:22.892178,1057,5691,717.34,send,Pune,mobile,0,4G,night,0
104004,2025-10-20 06:39:31.353670,1066,5584,282.58,receive,Bangalore,mobile,0,5G,morning,0
104005,2025-10-20 08:24:39.815163,1842,5722,403.29,merchant_payment,Chennai,tablet,0,5G,morning,0
104006,2025-10-20 10:09:48.276655,1098,5732,801.77,send,Hyderabad,mobile,0,WiFi,morning,0
104007,2025-10-20 11:54:56.738147,1144,5592,618.7,receive,Chennai,mobile,0,5G,morning,0
104008,2025-10-20 13:40:05.199639,1880,5500,878.56,send,Pune,mobile,0,5G,afternoon,0
104009,2025-10-20 15:25:13.661132,1435,5595,718.41,receive,Hyderabad,mobile,0,WiFi,afternoon,0
104010,2025-10-20 17:10:22.122624,1637,5554,382.74,merchant_payment,Mumbai,mobile,0,4G,afternoon,0
104011,2025-10-20 18:55:30.584116,1679,5273,288.36,merchant_payment,Pune,mobile,0,4G,evening,0
104012,2025-10-20 20:40:39.045609,1086,5703,273.26,send,Mumbai,mobile,0,5G,evening,0
104013,2025-10-20 22:25:47.507101,1588,5173,195.34,send,Mumbai,mobile,0,4G,evening,0
104014,2025-10-21 00:10:55.968593,1344,5973,166.98,receive,Pune,mobile,0,4G,night,0
104015,2025-10-21 01:56:04.430086,1936,5007,3097.85,send,Hyderabad,mobile,0,WiFi,night,1
104016,2025-10-21 03:41:12.891578,1294,5155,558.2,merchant_payment,Kolkata,tablet,0,5G,night,0
104017,2025-10-21 05:26:21.353070,1956,5522,421.87,receive,Kolkata,mobile,0,WiFi,night,0
104018,2025-10-21 07:11:29.814562,1571,5546,300.1,send,Chennai,mobile,0,WiFi,morning,0
104019,2025-10-21 08:56:38.276055,1650,5548,756.63,merchant_payment,Mumbai,mobile,0,4G,morning,0
104020,2025-10-21 10:41:46.737547,1611,5921,1641.99,send,Chennai,mobile,0,5G,morning,0
104021,2025-10-21 12:26:55.199039,1704,5518,1015.63,merchant_payment,Hyderabad,mobile,1,WiFi,afternoon,0
104022,2025-10-21 14:12:03.660532,1243,5920,1238.42,merchant_payment,Chennai,mobile,0,5G,afternoon,0
104023,2025-10-21 15:57:12.122024,1831,5914,274.09,merchant_payment,Chennai,mobile,0,5G,afternoon,0
104024,2025-10-21 17:42:20.583516,1561,5215,490.72,send,Mumbai,mobile,1,5G,afternoon,1
104025,2025-10-21 19:27:29.045009,1960,5134,277.72,merchant_payment,Pune,mobile,0,4G,evening,0
104026,2025-10-21 21:12:37.506501,1032,5285,548.41,merchant_payment,Kolkata,mobile,0,4G,evening,0
104027,2025-10-21 22:57:45.967993,1391,5126,1759.16,send,Delhi,mobile,0,4G,evening,0
104028,2025-10-22 00:42:54.429485,1277,5921,764.64,send,Bangalore,tablet,0,5G,night,0
104029,2025-10-22 02:28:02.890978,1532,5439,2506.68,send,Hyderabad,tablet,0,5G,night,0
104030,2025-10-22 04:13:11.352470,1154,5849,369.25,merchant_payment,Hyderabad,mobile,0,WiFi,night,0
104031,2025-10-22 05:58:19.813962,1383,5686,219.87,merchant_payment,Hyderabad,mobile,0,4G,night,0
104032,2025-10-22 07:43:28.275455,1068,5152,822.32,merchant_payment,Bangalore,mobile,0,4G,morning,0
104033,2025-10-22 09:28:36.736947,1878,5331,554.94,merchant_payment,Delhi,mobile,0,5G,morning,0
104034,2025-10-22 11:13:45.198439,1884,5538,680.41,receive,Kolkata,mobile,0,WiFi,morning,0
104035,2025-10-22 12:58:53.659931,1214,5383,585.94,send,Chennai,mobile,0,5G,afternoon,0
104036,2025-10-22 14:44:02.121424,1655,5115,303.56,send,Kolkata,mobile,0,5G,afternoon,0
104037,2025-10-22 16:29:10.582916,1376,5894,599.28,send,Ahmedabad,mobile,0,5G,afternoon,0
104038,2025-10-22 18:14:19.044408,1744,5482,1304.23,receive,Hyderabad,mobile,0,5G,evening,0
104039,2025-10-22 19:59:27.505901,1213,5284,1445.35,merchant_payment,Chennai,mobile,0,4G,evening,0
104040,2025-10-22 21:44:35.967393,1079,5899,302.02,merchant_payment,Mumbai,mobile,0,4G,evening,0
104041,2025-10-22 23:29:44.428885,1726,5075,620.8,send,Kolkata,mobile,0,4G,evening,0
104042,2025-10-23 01:14:52.890378,1628,5166,2158.38,merchant_payment,Mumbai,mobile,0,4G,night,0
104043,2025-10-23 03:00:01.351870,1604,5189,308.62,receive,Mumbai,mobile,0,4G,night,0
104044,2025-10-23 04:45:09.813362,1782,5078,257.38,receive,Pune,mobile,1,5G,night,0
104045,2025-10-23 06:30:18.274854,1923,5947,1090.51,merchant_payment,Kolkata,mobile,0,4G,morning,0
104046,2025-10-23 08:15:26.736347,1381,5602,915.03,send,Hyderabad,mobile,1,4G,morning,0
104047,2025-10-23 10:00:35.197839,1680,5688,213.37,merchant_payment,Bangalore,mobile,0,5G,morning,0
104048,2025-10-23 11:45:43.659331,1058,5021,121.58,merchant_payment,Hyderabad,mobile,0,4G,morning,0
104049,2025-10-23 13:30:52.120824,1796,5566,608.84,merchant_payment,Mumbai,mobile,0,4G,afternoon,0
104050,2025-10-23 15:16:00.582316,1026,5184,324.21,send,Mumbai,mobile,0,WiFi,afternoon,0
104051,2025-10-23 17:01:09.043808,1881,5871,91.46,send,Hyderabad,mobile,0,4G,afternoon,1
104052,2025-10-23 18:46:17.505301,1447,5222,247.84,send,Bangalore,mobile,0,4G,evening,0
104053,2025-10-23 20:31:25.966793,1066,5827,900.19,merchant_payment,Bangalore,mobile,0,4G,evening,0
104054,2025-10-23 22:16:34.428285,1921,5328,423.52,merchant_payment,Pune,mobile,0,WiFi,evening,1
104055,2025-10-24 00:01:42.889777,1760,5179,2359.26,send,Chennai,mobile,0,5G,night,0
104056,2025-10-24 01:46:51.351270,1254,5788,61.12,merchant_payment,Delhi,mobile,0,4G,night,0
104057,2025-10-24 03:31:59.812762,1899,5112,1878.06,receive,Mumbai,mobile,0,5G,night,0
104058,2025-10-24 05:17:08.274254,1968,5736,349.36,send,Ahmedabad,tablet,0,4G,night,0
104059,2025-10-24 07:02:16.735747,1044,5726,302.35,merchant_payment,Bangalore,mobile,0,5G,morning,0
104060,2025-10-24 08:47:25.197239,1097,5059,104.46,merchant_payment,Kolkata,mobile,0,5G,morning,0
104061,2025-10-24 10:32:33.658731,1554,5327,784.53,send,Pune,mobile,0,4G,morning,0
104062,2025-10-24 12:17:42.120224,1227,5905,79.3,send,Mumbai,mobile,0,5G,afternoon,0
104063,2025-10-24 14:02:50.581716,1774,5621,1116.44,receive,Delhi,mobile,0,5G,afternoon,0
104064,2025-10-24 15:47:59.043208,1679,5897,108.49,send,Kolkata,mobile,0,WiFi,afternoon,0
104065,2025-10-24 17:33:07.504700,1436,5669,127.01,merchant_payment,Mumbai,mobile,0,WiFi,afternoon,0
104066,2025-10-24 19:18:15.966193,1791,5191,149.72,receive,Pune,mobile,0,5G,evening,0
104067,2025-10-24 21:03:24.427685,1601,5200,240.82,send,Pune,mobile,0,WiFi,evening,0
104068,2025-10-24 22:48:32.889177,1379,5312,1264.05,send,Bangalore,mobile,0,5G,evening,0
104069,2025-10-25 00:33:41.350670,1178,5708,2217.1,merchant_payment,Chennai,tablet,0,WiFi,night,0
104070,2025-10-25 02:18:49.812162,1427,5035,267.04,merchant_payment,Hyderabad,mobile,0,4G,night,0
104071,2025-10-25 04:03:58.273654,1915,5379,470.33,merchant_payment,Ahmedabad,mobile,0,5G,night,0
104072,2025-10-25 05:49:06.735147,1709,5387,804.26,send,Pune,mobile,0,WiFi,night,0
104073,2025-10-25 07:34:15.196639,1307,5758,354.49,merchant_payment,Kolkata,mobile,0,WiFi,morning,0
104074,2025-10-25 09:19:23.658131,1779,5237,773.37,send,Hyderabad,mobile,0,4G,morning,0
104075,2025-10-25 11:04:32.119623,1504,5616,490.74,merchant_payment,Bangalore,mobile,0,4G,morning,0
104076,2025-10-25 12:49:40.581116,1268,5519,382.43,merchant_payment,Ahmedabad,mobile,0,WiFi,afternoon,0
104077,2025-10-25 14:34:49.042608,1586,5283,119.13,send,Bangalore,mobile,0,5G,afternoon,0
104078,2025-10-25 16:19:57.504100,1008,5001,571.95,receive,Ahmedabad,tablet,0,WiFi,afternoon,0
104079,2025-10-25 18:05:05.965593,1920,5731,1284.82,send,Ahmedabad,mobile,0,5G,evening,0
104080,2025-10-25 19:50:14.427085,1508,5464,226.27,receive,Kolkata,mobile,0,WiFi,evening,0
104081,2025-10-25 21:35:22.888577,1476,5230,68.84,send,Delhi,mobile,0,4G,evening,0
104082,2025-10-25 23:20:31.350070,1297,5967,357.97,merchant_payment,Ahmedabad,mobile,0,4G,evening,0
104083,2025-10-26 01:05:39.811562,1164,5172,2230.03,send,Pune,mobile,0,5G,night,0
104084,2025-10-26 02:50:48.273054,1485,5087,1655.65,receive,Kolkata,mobile,0,WiFi,night,0
104085,2025-10-26 04:35:56.734546,1597,5553,275.76,merchant_payment,Mumbai,mobile,0,5G,night,0
104086,2025-10-26 06:21:05.196039,1072,5123,777.06,merchant_payment,Delhi,mobile,0,5G,morning,0
104087,2025-10-26 08:06:13.657531,1567,5843,910.09,receive,Ahmedabad,mobile,0,5G,morning,0
104088,2025-10-26 09:51:22.119023,1905,5298,2187.11,receive,Hyderabad,mobile,0,5G,morning,0
104089,2025-10-26 11:36:30.580516,1559,5885,104.52,send,Mumbai,tablet,0,WiFi,morning,0
104090,2025-10-26 13:21:39.042008,1911,5929,169.22,send,Delhi,mobile,0,4G,afternoon,0
104091,2025-10-26 15:06:47.503500,1944,5690,66.04,receive,Hyderabad,mobile,0,4G,afternoon,0
104092,2025-10-26 16:51:55.964993,1238,5575,250.03,send,Mumbai,mobile,0,5G,afternoon,0
104093,2025-10-26 18:37:04.426485,1104,5484,1431.25,send,Chennai,mobile,0,4G,evening,0
104094,2025-10-26 20:22:12.887977,1210,5165,281.54,send,Pune,mobile,0,WiFi,evening,0
104095,2025-10-26 22:07:21.349469,1554,5699,133.19,receive,Kolkata,mobile,0,4G,evening,0
104096,2025-10-26 23:52:29.810962,1828,5383,618.09,send,Kolkata,mobile,0,WiFi,evening,0
104097,2025-10-27 01:37:38.272454,1468,5209,634.2,send,Kolkata,mobile,0,WiFi,night,0
104098,2025-10-27 03:22:46.733946,1454,5739,178.21,send,Ahmedabad,mobile,0,4G,night,0
104099,2025-10-27 05:07:55.195439,1268,5432,297.07,receive,Chennai,mobile,0,WiFi,night,0
104100,2025-10-27 06:53:03.656931,1386,5389,572.82,merchant_payment,Pune,mobile,0,5G,morning,0
104101,2025-10-27 08:38:12.118423,1775,5560,1038.97,receive,Delhi,mobile,0,5G,morning,0
104102,2025-10-27 10:23:20.579915,1848,5224,257.53,merchant_payment,Pune,mobile,1,4G,morning,1
104103,2025-10-27 12:08:29.041408,1387,5003,222.97,send,Bangalore,mobile,0,WiFi,afternoon,0
104104,2025-10-27 13:53:37.502900,1877,5372,3336.09,send,Mumbai,mobile,0,5G,afternoon,0
104105,2025-10-27 15:38:45.964392,1259,5687,374.64,send,Delhi,mobile,0,WiFi,afternoon,0
104106,2025-10-27 17:23:54.425885,1283,5446,632.34,receive,Bangalore,mobile,0,5G,afternoon,0
104107,2025-10-27 19:09:02.887377,1626,5611,942.34,merchant_payment,Kolkata,mobile,0,5G,evening,0
104108,2025-10-27 20:54:11.348869,1875,5116,82.53,send,Kolkata,mobile,0,4G,evening,0
104109,2025-10-27 22:39:19.810362,1040,5270,483.7,receive,Kolkata,mobile,0,4G,evening,0
104110,2025-10-28 00:24:28.271854,1486,5447,95.04,receive,Bangalore,mobile,0,5G,night,0
104111,2025-10-28 02:09:36.733346,1929,5368,432.34,merchant_payment,Mumbai,mobile,0,WiFi,night,0
104112,2025-10-28 03:54:45.194838,1220,5253,1945.21,merchant_payment,Mumbai,mobile,0,4G,night,0
104113,2025-10-28 05:39:53.656331,1129,5317,181.55,merchant_payment,Bangalore,mobile,0,WiFi,night,0
104114,2025-10-28 07:25:02.117823,1520,5415,93.09,receive,Hyderabad,mobile,0,WiFi,morning,0
104115,2025-10-28 09:10:10.579315,1613,5095,3254.15,merchant_payment,Kolkata,mobile,0,4G,morning,0
104116,2025-10-28 10:55:19.040808,1928,5785,156.48,merchant_payment,Delhi,mobile,0,4G,morning,0
104117,2025-10-28 12:40:27.502300,1892,5892,110.1,receive,Mumbai,mobile,0,WiFi,afternoon,0
104118,2025-10-28 14:25:35.963792,1688,5024,2487.5,receive,Pune,mobile,0,4G,afternoon,0
104119,2025-10-28 16:10:44.425285,1619,5628,150.43,receive,Bangalore,mobile,0,4G,afternoon,0
104120,2025-10-28 17:55:52.886777,1613,5663,2552.72,send,Ahmedabad,mobile,0,4G,afternoon,0
104121,2025-10-28 19:41:01.348269,1260,5850,648.13,receive,Hyderabad,mobile,0,WiFi,evening,0
104122,2025-10-28 21:26:09.809761,1990,5050,1779.27,send,Chennai,mobile,0,5G,evening,1
104123,2025-10-28 23:11:18.271254,1966,5502,593.52,merchant_payment,Ahmedabad,mobile,0,4G,evening,0
104124,2025-10-29 00:56:26.732746,1366,5718,1450.56,receive,Ahmedabad,mobile,0,4G,night,0
104125,2025-10-29 02:41:35.194238,1758,5498,196.67,merchant_payment,Bangalore,mobile,0,4G,night,0
104126,2025-10-29 04:26:43.655731,1787,5335,266.77,receive,Pune,mobile,0,4G,night,0
104127,2025-10-29 06:11:52.117223,1544,5079,59.41,merchant_payment,Hyderabad,mobile,0,WiFi,morning,0
104128,2025-10-29 07:57:00.578715,1649,5582,1302.16,send,Chennai,mobile,0,5G,morning,0
104129,2025-10-29 09:42:09.040208,1524,5027,749.62,receive,Hyderabad,tablet,0,5G,morning,0
104130,2025-10-29 11:27:17.501700,1907,5271,179.95,receive,Mumbai,mobile,0,4G,morning,0
104131,2025-10-29 13:12:25.963192,1814,5562,85.72,send,Ahmedabad,mobile,0,5G,afternoon,0
104132,2025-10-29 14:57:34.424684,1887,5804,653.15,merchant_payment,Bangalore,mobile,0,4G,afternoon,0
104133,2025-10-29 16:42:42.886177,1016,5247,2633.2,send,Pune,mobile,0,WiFi,afternoon,0
104134,2025-10-29 18:27:51.347669,1129,5776,429.25,receive,Chennai,mobile,0,5G,evening,0
104135,2025-10-29 20:12:59.809161,1575,5591,255.07,send,Hyderabad,tablet,0,4G,evening,1
104136,2025-10-29 21:58:08.270654,1109,5387,193.05,merchant_payment,Ahmedabad,mobile,0,4G,evening,0
104137,2025-10-29 23:43:16.732146,1887,5702,1718.74,send,Chennai,mobile,1,WiFi,evening,0
104138,2025-10-30 01:28:25.193638,1533,5559,226.05,receive,Ahmedabad,mobile,0,4G,night,0
104139,2025-10-30 03:13:33.655131,1670,5973,339.96,send,Delhi,mobile,0,5G,night,0
104140,2025-10-30 04:58:42.116623,1269,5361,1396.51,send,Pune,tablet,0,5G,night,0
104141,2025-10-30 06:43:50.578115,1162,5866,932.14,merchant_payment,Bangalore,mobile,0,4G,morning,0
104142,2025-10-30 08:28:59.039607,1260,5984,353.22,send,Mumbai,mobile,0,5G,morning,0
104143,2025-10-30 10:14:07.501100,1924,5488,244.94,merchant_payment,Ahmedabad,mobile,0,5G,morning,0
104144,2025-10-30 11:59:15.962592,1102,5352,2133.63,send,Chennai,mobile,0,5G,morning,0
104145,2025-10-30 13:44:24.424084,1506,5701,161.36,send,Kolkata,mobile,0,4G,afternoon,0
104146,2025-10-30 15:29:32.885577,1735,5928,399.3,receive,Hyderabad,mobile,0,WiFi,afternoon,0
104147,2025-10-30 17:14:41.347069,1571,5256,109.3,receive,Kolkata,mobile,1,4G,afternoon,0
104148,2025-10-30 18:59:49.808561,1247,5222,1617.87,receive,Chennai,mobile,1,4G,evening,0
104149,2025-10-30 20:44:58.270054,1640,5884,306.47,receive,Pune,mobile,0,4G,evening,0
104150,2025-10-30 22:30:06.731546,1795,5753,244.78,send,Kolkata,mobile,0,WiFi,evening,0
104151,2025-10-31 00:15:15.193038,1837,5781,954.95,send,Hyderabad,mobile,1,4G,night,1
104152,2025-10-31 02:00:23.654530,1537,5001,118.45,send,Chennai,mobile,0,5G,night,0
104153,2025-10-31 03:45:32.116023,1131,5546,930.18,merchant_payment,Mumbai,mobile,0,5G,night,1
104154,2025-10-31 05:30:40.577515,1353,5446,343.59,merchant_payment,Mumbai,mobile,0,WiFi,night,1
104155,2025-10-31 07:15:49.039007,1196,5079,147.63,send,Bangalore,mobile,0,5G,morning,0
104156,2025-10-31 09:00:57.500500,1793,5236,183.05,send,Mumbai,mobile,0,5G,morning,0
104157,2025-10-31 10:46:05.961992,1916,5334,248.59,send,Chennai,tablet,0,WiFi,morning,0
104158,2025-10-31 12:31:14.423484,1930,5889,316.07,merchant_payment,Pune,mobile,0,5G,afternoon,0
104159,2025-10-31 14:16:22.884976,1666,5349,148.63,merchant_payment,Chennai,mobile,0,WiFi,afternoon,0
104160,2025-10-31 16:01:31.346469,1382,5098,661.5,send,Mumbai,mobile,0,4G,afternoon,0
104161,2025-10-31 17:46:39.807961,1645,5082,144.79,receive,Delhi,tablet,0,5G,afternoon,0
104162,2025-10-31 19:31:48.269453,1227,5502,46.29,send,Chennai,mobile,0,WiFi,evening,0
104163,2025-10-31 21:16:56.730946,1701,5967,3359.74,receive,Bangalore,mobile,0,WiFi,evening,1
104164,2025-10-31 23:02:05.192438,1476,5477,600.6,merchant_payment,Delhi,mobile,0,WiFi,evening,0
104165,2025-11-01 00:47:13.653930,1477,5927,3675.67,send,Mumbai,tablet,0,5G,night,0
104166,2025-11-01 02:32:22.115423,1265,5704,173.53,merchant_payment,Pune,mobile,0,WiFi,night,0
104167,2025-11-01 04:17:30.576915,1372,5765,796.16,receive,Hyderabad,mobile,0,4G,night,0
104168,2025-11-01 06:02:39.038407,1486,5921,1205.45,send,Chennai,mobile,0,4G,morning,0
104169,2025-11-01 07:47:47.499899,1434,5550,407.75,receive,Hyderabad,tablet,0,4G,morning,0
104170,2025-11-01 09:32:55.961392,1646,5014,116.23,receive,Kolkata,mobile,0,WiFi,morning,0
104171,2025-11-01 11:18:04.422884,1211,5392,378.24,merchant_payment,Bangalore,mobile,0,4G,morning,0
104172,2025-11-01 13:03:12.884376,1572,5347,921.86,send,Delhi,mobile,0,5G,afternoon,0
104173,2025-11-01 14:48:21.345869,1940,5310,887.33,send,Ahmedabad,mobile,0,4G,afternoon,0
104174,2025-11-01 16:33:29.807361,1377,5386,491.95,merchant_payment,Hyderabad,mobile,0,4G,afternoon,0
104175,2025-11-01 18:18:38.268853,1395,5209,1208.68,receive,Ahmedabad,mobile,1,5G,evening,0
104176,2025-11-01 20:03:46.730346,1450,5357,1152.96,send,Bangalore,tablet,0,5G,evening,0
104177,2025-11-01 21:48:55.191838,1943,5974,291.88,merchant_payment,Hyderabad,mobile,0,4G,evening,0
104178,2025-11-01 23:34:03.653330,1364,5601,107.72,send,Hyderabad,tablet,0,5G,evening,0
104179,2025-11-02 01:19:12.114822,1876,5568,596.12,send,Bangalore,mobile,0,4G,night,0
104180,2025-11-02 03:04:20.576315,1457,5094,233.54,merchant_payment,Ahmedabad,mobile,0,5G,night,0
104181,2025-11-02 04:49:29.037807,1725,5093,568.92,send,Chennai,mobile,0,4G,night,0
104182,2025-11-02 06:34:37.499299,1728,5340,1892.27,send,Hyderabad,mobile,1,5G,morning,1
104183,2025-11-02 08:19:45.960792,1226,5597,763.18,receive,Bangalore,mobile,0,4G,morning,0
104184,2025-11-02 10:04:54.422284,1982,5445,1801.29,send,Hyderabad,mobile,0,5G,morning,0
104185,2025-11-02 11:50:02.883776,1131,5757,179.2,merchant_payment,Pune,tablet,0,4G,morning,0
104186,2025-11-02 13:35:11.345269,1588,5022,1461.85,receive,Ahmedabad,mobile,0,4G,afternoon,0
104187,2025-11-02 15:20:19.806761,1476,5291,2634.89,receive,Chennai,mobile,0,4G,afternoon,0
104188,2025-11-02 17:05:28.268253,1798,5485,525.49,send,Pune,mobile,0,5G,afternoon,0
104189,2025-11-02 18:50:36.729745,1986,5784,5024.36,send,Pune,mobile,1,5G,evening,0
104190,2025-11-02 20:35:45.191238,1277,5306,209.05,receive,Bangalore,mobile,0,WiFi,evening,0
104191,2025-11-02 22:20:53.652730,1156,5634,260.13,receive,Pune,mobile,0,WiFi,evening,0
104192,2025-11-03 00:06:02.114222,1760,5128,943.82,merchant_payment,Hyderabad,mobile,0,5G,night,1
104193,2025-11-03 01:51:10.575715,1218,5625,520.33,send,Ahmedabad,mobile,0,5G,night,1
104194,2025-11-03 03:36:19.037207,1190,5939,234.41,merchant_payment,Mumbai,tablet,0,5G,night,0
104195,2025-11-03 05:21:27.498699,1417,5273,915.16,send,Chennai,mobile,0,5G,night,0
104196,2025-11-03 07:06:35.960192,1981,5848,703.13,receive,Hyderabad,tablet,0,5G,morning,0
104197,2025-11-03 08:51:44.421684,1675,5442,274.16,receive,Delhi,mobile,0,4G,morning,0
104198,2025-11-03 10:36:52.883176,1692,5503,595.29,send,Bangalore,mobile,0,4G,morning,0
104199,2025-11-03 12:22:01.344668,1546,5130,1052.61,receive,Hyderabad,mobile,0,5G,afternoon,0
104200,2025-11-03 14:07:09.806161,1041,5132,268.15,send,Chennai,mobile,0,5G,afternoon,0
104201,2025-11-03 15:52:18.267653,1307,5597,826.33,receive,Pune,mobile,0,4G,afternoon,0
104202,2025-11-03 17:37:26.729145,1943,5935,207.05,merchant_payment,Chennai,mobile,0,4G,afternoon,0
104203,2025-11-03 19:22:35.190638,1338,5482,251.18,send,Delhi,mobile,0,5G,evening,0
104204,2025-11-03 21:07:43.652130,1314,5862,1497.55,merchant_payment,Pune,mobile,0,WiFi,evening,0
104205,2025-11-03 22:52:52.113622,1075,5390,910.27,receive,Delhi,mobile,0,4G,evening,0
104206,2025-11-04 00:38:00.575115,1953,5593,74.68,merchant_payment,Kolkata,mobile,0,5G,night,0
104207,2025-11-04 02:23:09.036607,1279,5999,338.92,send,Kolkata,mobile,0,WiFi,night,1
104208,2025-11-04 04:08:17.498099,1176,5985,804.08,merchant_payment,Hyderabad,mobile,0,4G,night,1
104209,2025-11-04 05:53:25.959591,1896,5325,566.15,send,Mumbai,mobile,0,WiFi,night,0
104210,2025-11-04 07:38:34.421084,1662,5069,914.34,receive,Pune,mobile,0,WiFi,morning,0
104211,2025-11-04 09:23:42.882576,1273,5660,553.34,merchant_payment,Ahmedabad,mobile,0,4G,morning,0
104212,2025-11-04 11:08:51.344068,1837,5448,431.56,send,Chennai,mobile,0,4G,morning,0
104213,2025-11-04 12:53:59.805561,1620,5528,418.57,send,Ahmedabad,mobile,0,4G,afternoon,0
104214,2025-11-04 14:39:08.267053,1651,5819,1467.3,merchant_payment,Mumbai,mobile,0,4G,afternoon,0
104215,2025-11-04 16:24:16.728545,1862,5617,987.27,receive,Pune,mobile,1,WiFi,afternoon,0
104216,2025-11-04 18:09:25.190038,1783,5165,738.59,receive,Pune,mobile,0,4G,evening,0
104217,2025-11-04 19:54:33.651530,1859,5488,538.52,send,Pune,mobile,0,WiFi,evening,0
104218,2025-11-04 21:39:42.113022,1931,5713,284.63,merchant_payment,Pune,mobile,0,4G,evening,0
104219,2025-11-04 23:24:50.574514,1289,5709,362.58,send,Mumbai,mobile,0,WiFi,evening,0
104220,2025-11-05 01:09:59.036007,1724,5426,1428.92,merchant_payment,Hyderabad,mobile,0,4G,night,0
104221,2025-11-05 02:55:07.497499,1893,5697,1300.5,merchant_payment,Bangalore,tablet,0,5G,night,0
104222,2025-11-05 04:40:15.958991,1272,5834,257.61,merchant_payment,Bangalore,mobile,0,4G,night,1
104223,2025-11-05 06:25:24.420484,1930,5265,544.53,send,Bangalore,tablet,0,4G,morning,0
104224,2025-11-05 08:10:32.881976,1066,5875,811.16,merchant_payment,Delhi,mobile,0,4G,morning,0
104225,2025-11-05 09:55:41.343468,1483,5612,759.9,receive,Pune,mobile,0,4G,morning,0
104226,2025-11-05 11:40:49.804960,1936,5342,754.07,merchant_payment,Pune,mobile,0,4G,morning,0
104227,2025-11-05 13:25:58.266453,1248,5832,162.05,send,Chennai,mobile,0,5G,afternoon,0
104228,2025-11-05 15:11:06.727945,1156,5726,152.71,merchant_payment,Delhi,mobile,0,4G,afternoon,0
104229,2025-11-05 16:56:15.189437,1047,5278,1587.94,receive,Chennai,mobile,0,5G,afternoon,0
104230,2025-11-05 18:41:23.650930,1935,5674,2228.37,send,Ahmedabad,mobile,0,5G,evening,0
104231,2025-11-05 20:26:32.112422,1454,5439,112.0,send,Kolkata,mobile,0,5G,evening,0
104232,2025-11-05 22:11:40.573914,1201,5157,479.26,send,Chennai,mobile,0,WiFi,evening,0
104233,2025-11-05 23:56:49.035407,1660,5422,1112.15,send,Chennai,mobile,0,WiFi,evening,0
104234,2025-11-06 01:41:57.496899,1124,5251,54.39,send,Ahmedabad,mobile,0,4G,night,0
104235,2025-11-06 03:27:05.958391,1001,5878,168.45,receive,Hyderabad,mobile,0,4G,night,0
104236,2025-11-06 05:12:14.419883,1968,5609,449.35,receive,Bangalore,tablet,0,5G,night,0
104237,2025-11-06 06:57:22.881376,1759,5530,271.17,receive,Pune,tablet,0,5G,morning,0
104238,2025-11-06 08:42:31.342868,1855,5327,607.37,send,Delhi,mobile,0,4G,morning,0
104239,2025-11-06 10:27:39.804360,1640,5961,2144.11,merchant_payment,Kolkata,mobile,0,5G,morning,0
104240,2025-11-06 12:12:48.265853,1191,5895,210.02,merchant_payment,Ahmedabad,mobile,0,4G,afternoon,0
104241,2025-11-06 13:57:56.727345,1579,5097,518.15,send,Delhi,mobile,0,4G,afternoon,0
104242,2025-11-06 15:43:05.188837,1516,5513,349.05,send,Pune,tablet,0,5G,afternoon,0
104243,2025-11-06 17:28:13.650330,1442,5216,564.74,receive,Hyderabad,tablet,0,4G,afternoon,0
104244,2025-11-06 19:13:22.111822,1921,5132,495.62,merchant_payment,Chennai,mobile,0,4G,evening,0
104245,2025-11-06 20:58:30.573314,1815,5260,6885.67,merchant_payment,Ahmedabad,mobile,0,4G,evening,0
104246,2025-11-06 22:43:39.034806,1806,5125,2185.45,receive,Kolkata,mobile,0,4G,evening,0
104247,2025-11-07 00:28:47.496299,1143,5082,101.4,send,Bangalore,mobile,0,4G,night,0
104248,2025-11-07 02:13:55.957791,1191,5283,200.31,merchant_payment,Pune,mobile,0,4G,night,0
104249,2025-11-07 03:59:04.419283,1533,5683,226.36,send,Mumbai,tablet,0,4G,night,1
104250,2025-11-07 05:44:12.880776,1227,5059,143.41,send,Mumbai,mobile,0,4G,night,0
104251,2025-11-07 07:29:21.342268,1313,5544,125.42,send,Hyderabad,tablet,0,4G,morning,0
104252,2025-11-07 09:14:29.803760,1629,5161,412.25,send,Bangalore,mobile,1,4G,morning,0
104253,2025-11-07 10:59:38.265253,1949,5284,235.17,receive,Mumbai,mobile,0,4G,morning,0
104254,2025-11-07 12:44:46.726745,1302,5106,202.19,merchant_payment,Mumbai,mobile,0,5G,afternoon,0
104255,2025-11-07 14:29:55.188237,1654,5105,3716.26,merchant_payment,Ahmedabad,mobile,0,5G,afternoon,0
104256,2025-11-07 16:15:03.649729,1996,5439,251.92,send,Ahmedabad,mobile,1,5G,afternoon,0
104257,2025-11-07 18:00:12.111222,1460,5228,316.34,merchant_payment,Pune,mobile,0,5G,evening,0
104258,2025-11-07 19:45:20.572714,1401,5700,1034.28,merchant_payment,Kolkata,tablet,0,4G,evening,0
104259,2025-11-07 21:30:29.034206,1551,5582,315.28,receive,Kolkata,mobile,0,WiFi,evening,0
104260,2025-11-07 23:15:37.495699,1393,5318,153.6,merchant_payment,Pune,mobile,0,4G,evening,0
104261,2025-11-08 01:00:45.957191,1867,5464,380.72,merchant_payment,Delhi,mobile,0,4G,night,0
104262,2025-11-08 02:45:54.418683,1764,5802,3672.89,send,Pune,mobile,0,4G,night,0
104263,2025-11-08 04:31:02.880176,1845,5599,304.47,merchant_payment,Bangalore,mobile,0,WiFi,night,0
104264,2025-11-08 06:16:11.341668,1207,5882,197.99,merchant_payment,Mumbai,mobile,0,WiFi,morning,0
104265,2025-11-08 08:01:19.803160,1210,5874,750.12,merchant_payment,Kolkata,mobile,0,WiFi,morning,0
104266,2025-11-08 09:46:28.264652,1115,5472,362.88,merchant_payment,Pune,mobile,0,4G,morning,0
104267,2025-11-08 11:31:36.726145,1737,5056,7623.52,send,Kolkata,mobile,0,WiFi,morning,0
104268,2025-11-08 13:16:45.187637,1646,5625,224.33,merchant_payment,Kolkata,mobile,0,4G,afternoon,1
104269,2025-11-08 15:01:53.649129,1251,5013,2789.82,merchant_payment,Ahmedabad,mobile,1,5G,afternoon,0
104270,2025-11-08 16:47:02.110622,1219,5440,1577.17,receive,Delhi,mobile,0,WiFi,afternoon,0
104271,2025-11-08 18:32:10.572114,1407,5018,336.52,send,Bangalore,tablet,0,5G,evening,0
104272,2025-11-08 20:17:19.033606,1443,5694,491.02,merchant_payment,Chennai,mobile,0,4G,evening,0
104273,2025-11-08 22:02:27.495099,1603,5973,175.94,send,Kolkata,tablet,0,5G,evening,1
104274,2025-11-08 23:47:35.956591,1354,5113,287.6,merchant_payment,Bangalore,mobile,0,4G,evening,0
104275,2025-11-09 01:32:44.418083,1888,5229,334.14,merchant_payment,Hyderabad,mobile,0,4G,night,0
104276,2025-11-09 03:17:52.879575,1558,5171,577.01,send,Delhi,mobile,0,5G,night,0
104277,2025-11-09 05:03:01.341068,1550,5295,119.98,send,Chennai,tablet,0,4G,night,0
104278,2025-11-09 06:48:09.802560,1142,5189,672.82,send,Kolkata,mobile,0,4G,morning,0
104279,2025-11-09 08:33:18.264052,1612,5426,425.87,receive,Pune,mobile,0,5G,morning,0
104280,2025-11-09 10:18:26.725545,1501,5977,733.71,merchant_payment,Kolkata,mobile,0,5G,morning,0
104281,2025-11-09 12:03:35.187037,1840,5079,851.76,receive,Delhi,mobile,0,4G,afternoon,0
104282,2025-11-09 13:48:43.648529,1702,5658,393.1,send,Ahmedabad,mobile,0,4G,afternoon,0
104283,2025-11-09 15:33:52.110022,1547,5919,802.87,receive,Delhi,tablet,0,WiFi,afternoon,0
104284,2025-11-09 17:19:00.571514,1659,5182,451.61,merchant_payment,Mumbai,tablet,0,4G,afternoon,0
104285,2025-11-09 19:04:09.033006,1542,5499,1036.36,send,Kolkata,mobile,0,5G,evening,0
104286,2025-11-09 20:49:17.494498,1846,5798,675.95,merchant_payment,Ahmedabad,mobile,0,WiFi,evening,0
104287,2025-11-09 22:34:25.955991,1507,5762,590.54,send,Bangalore,mobile,0,5G,evening,0
104288,2025-11-10 00:19:34.417483,1596,5866,444.77,merchant_payment,Delhi,mobile,0,4G,night,1
104289,2025-11-10 02:04:42.878975,1881,5826,1800.49,send,Delhi,mobile,0,4G,night,0
104290,2025-11-10 03:49:51.340468,1281,5708,738.92,send,Hyderabad,mobile,0,5G,night,0
104291,2025-11-10 05:34:59.801960,1424,5835,131.44,merchant_payment,Hyderabad,mobile,1,5G,night,1
104292,2025-11-10 07:20:08.263452,1856,5071,307.37,receive,Hyderabad,mobile,0,5G,morning,0
104293,2025-11-10 09:05:16.724944,1270,5248,392.06,send,Delhi,mobile,0,4G,morning,0
104294,2025-11-10 10:50:25.186437,1154,5146,492.2,merchant_payment,Chennai,mobile,0,4G,morning,0
104295,2025-11-10 12:35:33.647929,1614,5618,587.99,merchant_payment,Ahmedabad,mobile,0,4G,afternoon,0
104296,2025-11-10 14:20:42.109421,1727,5775,191.67,send,Bangalore,mobile,0,5G,afternoon,0
104297,2025-11-10 16:05:50.570914,1662,5296,460.36,receive,Delhi,mobile,0,5G,afternoon,0
104298,2025-11-10 17:50:59.032406,1944,5582,359.92,merchant_payment,Pune,mobile,0,4G,afternoon,0
104299,2025-11-10 19:36:07.493898,1083,5470,1457.89,merchant_payment,Pune,mobile,0,5G,evening,0
104300,2025-11-10 21:21:15.955391,1622,5506,182.17,send,Mumbai,mobile,0,5G,evening,0
104301,2025-11-10 23:06:24.416883,1947,5193,484.26,receive,Pune,mobile,0,WiFi,evening,0
104302,2025-11-11 00:51:32.878375,1899,5068,248.29,receive,Ahmedabad,mobile,0,4G,night,0
104303,2025-11-11 02:36:41.339867,1426,5494,3174.79,merchant_payment,Ahmedabad,mobile,0,5G,night,1
104304,2025-11-11 04:21:49.801360,1275,5817,1731.28,send,Kolkata,mobile,0,4G,night,0
104305,2025-11-11 06:06:58.262852,1713,5052,95.36,merchant_payment,Chennai,mobile,0,5G,morning,0
104306,2025-11-11 07:52:06.724344,1284,5882,222.25,send,Chennai,mobile,0,5G,morning,0
104307,2025-11-11 09:37:15.185837,1980,5363,1177.23,merchant_payment,Bangalore,mobile,0,5G,morning,0
104308,2025-11-11 11:22:23.647329,1173,5797,778.43,merchant_payment,Chennai,mobile,0,4G,morning,0
104309,2025-11-11 13:07:32.108821,1327,5917,754.41,send,Bangalore,mobile,0,5G,afternoon,0
104310,2025-11-11 14:52:40.570314,1718,5474,596.36,send,Pune,mobile,0,4G,afternoon,0
104311,2025-11-11 16:37:49.031806,1063,5846,1275.64,receive,Chennai,mobile,0,WiFi,afternoon,0
104312,2025-11-11 18:22:57.493298,1073,5521,1075.97,merchant_payment,Kolkata,mobile,0,4G,evening,0
104313,2025-11-11 20:08:05.954790,1763,5763,368.5,send,Bangalore,mobile,0,4G,evening,0
104314,2025-11-11 21:53:14.416283,1636,5431,148.52,merchant_payment,Hyderabad,mobile,1,4G,evening,0
104315,2025-11-11 23:38:22.877775,1375,5844,90.92,merchant_payment,Hyderabad,mobile,0,4G,evening,0
104316,2025-11-12 01:23:31.339267,1633,5298,444.24,merchant_payment,Chennai,mobile,0,4G,night,0
104317,2025-11-12 03:08:39.800760,1508,5435,78.26,merchant_payment,Chennai,mobile,0,4G,night,0
104318,2025-11-12 04:53:48.262252,1787,5696,633.33,send,Pune,mobile,0,4G,night,0
104319,2025-11-12 06:38:56.723744,1943,5691,362.12,merchant_payment,Bangalore,mobile,0,4G,morning,0
104320,2025-11-12 08:24:05.185237,1398,5198,3442.35,send,Ahmedabad,mobile,0,WiFi,morning,0
104321,2025-11-12 10:09:13.646729,1120,5128,694.46,send,Pune,mobile,0,4G,morning,0
104322,2025-11-12 11:54:22.108221,1934,5532,478.56,send,Ahmedabad,mobile,0,WiFi,morning,0
104323,2025-11-12 13:39:30.569713,1437,5984,97.89,merchant_payment,Bangalore,mobile,0,WiFi,afternoon,0
104324,2025-11-12 15:24:39.031206,1829,5411,139.45,merchant_payment,Kolkata,mobile,0,4G,afternoon,0
104325,2025-11-12 17:09:47.492698,1676,5934,973.94,send,Delhi,mobile,0,4G,afternoon,0
104326,2025-11-12 18:54:55.954190,1936,5840,360.29,merchant_payment,Hyderabad,mobile,0,4G,evening,0
104327,2025-11-12 20:40:04.415683,1465,5065,6219.07,merchant_payment,Delhi,mobile,0,5G,evening,0
104328,2025-11-12 22:25:12.877175,1286,5694,453.48,receive,Delhi,mobile,0,5G,evening,0
104329,2025-11-13 00:10:21.338667,1265,5241,583.43,merchant_payment,Mumbai,mobile,0,4G,night,0
104330,2025-11-13 01:55:29.800160,1320,5369,132.04,send,Bangalore,mobile,0,4G,night,1
104331,2025-11-13 03:40:38.261652,1673,5536,1270.84,send,Mumbai,mobile,0,5G,night,1
104332,2025-11-13 05:25:46.723144,1376,5384,195.25,merchant_payment,Ahmedabad,mobile,0,4G,night,0
104333,2025-11-13 07:10:55.184636,1820,5431,832.48,receive,Mumbai,mobile,0,WiFi,morning,0
104334,2025-11-13 08:56:03.646129,1089,5967,1109.64,send,Ahmedabad,mobile,0,4G,morning,0
104335,2025-11-13 10:41:12.107621,1654,5083,541.96,merchant_payment,Delhi,mobile,0,4G,morning,0
104336,2025-11-13 12:26:20.569113,1203,5982,2855.41,merchant_payment,Mumbai,mobile,0,4G,afternoon,0
104337,2025-11-13 14:11:29.030606,1821,5831,267.55,receive,Kolkata,mobile,0,5G,afternoon,0
104338,2025-11-13 15:56:37.492098,1739,5697,2632.11,send,Bangalore,mobile,0,4G,afternoon,0
104339,2025-11-13 17:41:45.953590,1955,5951,138.25,receive,Delhi,mobile,0,4G,afternoon,0
104340,2025-11-13 19:26:54.415083,1334,5828,1095.57,merchant_payment,Bangalore,mobile,0,4G,evening,0
104341,2025-11-13 21:12:02.876575,1222,5611,427.34,send,Kolkata,mobile,0,4G,evening,0
104342,2025-11-13 22:57:11.338067,1041,5574,242.71,send,Chennai,mobile,0,5G,evening,1
104343,2025-11-14 00:42:19.799559,1708,5286,93.57,receive,Mumbai,mobile,0,4G,night,0
104344,2025-11-14 02:27:28.261052,1068,5989,379.68,receive,Delhi,mobile,0,5G,night,0
104345,2025-11-14 04:12:36.722544,1988,5534,356.45,send,Ahmedabad,mobile,0,4G,night,0
104346,2025-11-14 05:57:45.184036,1776,5459,585.76,send,Hyderabad,mobile,0,5G,night,0
104347,2025-11-14 07:42:53.645529,1514,5212,1017.21,send,Bangalore,mobile,0,5G,morning,0
104348,2025-11-14 09:28:02.107021,1873,5126,219.54,send,Pune,mobile,1,5G,morning,0
104349,2025-11-14 11:13:10.568513,1637,5413,2859.12,send,Kolkata,mobile,0,5G,morning,0
104350,2025-11-14 12:58:19.030006,1622,5499,287.57,receive,Mumbai,mobile,0,4G,afternoon,0
104351,2025-11-14 14:43:27.491498,1598,5425,899.82,receive,Bangalore,tablet,0,WiFi,afternoon,0
104352,2025-11-14 16:28:35.952990,1937,5554,539.24,receive,Kolkata,mobile,0,5G,afternoon,0
104353,2025-11-14 18:13:44.414482,1632,5610,403.95,send,Bangalore,mobile,0,4G,evening,0
104354,2025-11-14 19:58:52.875975,1127,5961,512.89,send,Chennai,mobile,0,4G,evening,0
104355,2025-11-14 21:44:01.337467,1255,5543,192.43,send,Pune,mobile,0,4G,evening,0
104356,2025-11-14 23:29:09.798959,1695,5158,334.43,send,Kolkata,mobile,0,5G,evening,0
104357,2025-11-15 01:14:18.260452,1016,5112,129.06,send,Bangalore,mobile,0,4G,night,0
104358,2025-11-15 02:59:26.721944,1477,5402,284.5,send,Ahmedabad,mobile,1,WiFi,night,0
104359,2025-11-15 04:44:35.183436,1062,5759,309.0,merchant_payment,Pune,mobile,0,4G,night,1
104360,2025-11-15 06:29:43.644928,1881,5122,1147.36,send,Chennai,mobile,0,5G,morning,0
104361,2025-11-15 08:14:52.106421,1432,5273,353.57,merchant_payment,Chennai,mobile,0,5G,morning,0
104362,2025-11-15 10:00:00.567913,1670,5294,314.79,send,Chennai,mobile,0,WiFi,morning,0
104363,2025-11-15 11:45:09.029405,1268,5398,614.03,send,Mumbai,mobile,0,4G,morning,0
104364,2025-11-15 13:30:17.490898,1035,5471,590.43,merchant_payment,Kolkata,mobile,0,WiFi,afternoon,0
104365,2025-11-15 15:15:25.952390,1779,5985,272.86,send,Bangalore,mobile,0,WiFi,afternoon,0
104366,2025-11-15 17:00:34.413882,1576,5207,730.86,send,Bangalore,mobile,0,WiFi,afternoon,0
104367,2025-11-15 18:45:42.875375,1494,5110,412.14,merchant_payment,Pune,mobile,0,WiFi,evening,0
104368,2025-11-15 20:30:51.336867,1562,5440,272.42,receive,Pune,mobile,0,WiFi,evening,0
104369,2025-11-15 22:15:59.798359,1469,5278,300.22,send,Kolkata,mobile,0,5G,evening,0
104370,2025-11-16 00:01:08.259851,1767,5963,1273.28,send,Chennai,mobile,0,WiFi,night,0
104371,2025-11-16 01:46:16.721344,1661,5568,309.38,merchant_payment,Bangalore,mobile,0,5G,night,0
104372,2025-11-16 03:31:25.182836,1325,5887,639.78,merchant_payment,Bangalore,mobile,0,5G,night,0
104373,2025-11-16 05:16:33.644328,1304,5915,136.67,receive,Chennai,mobile,0,5G,night,1
104374,2025-11-16 07:01:42.105821,1276,5569,1503.13,send,Hyderabad,mobile,0,WiFi,morning,0
104375,2025-11-16 08:46:50.567313,1869,5940,275.06,merchant_payment,Hyderabad,mobile,0,4G,morning,0
104376,2025-11-16 10:31:59.028805,1963,5482,735.31,send,Chennai,mobile,0,WiFi,morning,0
104377,2025-11-16 12:17:07.490298,1684,5803,383.15,send,Pune,mobile,0,4G,afternoon,0
104378,2025-11-16 14:02:15.951790,1929,5114,726.93,merchant_payment,Mumbai,tablet,0,4G,afternoon,0
104379,2025-11-16 15:47:24.413282,1201,5893,767.73,send,Pune,mobile,0,4G,afternoon,0
104380,2025-11-16 17:32:32.874774,1445,5897,426.38,receive,Pune,mobile,0,4G,afternoon,0
104381,2025-11-16 19:17:41.336267,1905,5820,76.25,merchant_payment,Ahmedabad,mobile,0,WiFi,evening,0
104382,2025-11-16 21:02:49.797759,1324,5853,1467.06,merchant_payment,Ahmedabad,mobile,0,4G,evening,0
104383,2025-11-16 22:47:58.259251,1035,5477,428.42,send,Bangalore,mobile,0,5G,evening,0
104384,2025-11-17 00:33:06.720744,1977,5710,711.95,send,Pune,tablet,0,4G,night,1
104385,2025-11-17 02:18:15.182236,1482,5933,984.09,send,Bangalore,mobile,0,WiFi,night,0
104386,2025-11-17 04:03:23.643728,1728,5321,311.94,send,Hyderabad,mobile,0,WiFi,night,0
104387,2025-11-17 05:48:32.105221,1480,5179,826.45,receive,Pune,mobile,0,4G,night,0
104388,2025-11-17 07:33:40.566713,1065,5897,233.32,send,Chennai,tablet,0,4G,morning,0
104389,2025-11-17 09:18:49.028205,1008,5219,725.99,send,Kolkata,mobile,0,4G,morning,0
104390,2025-11-17 11:03:57.489697,1301,5789,502.55,send,Kolkata,mobile,0,4G,morning,0
104391,2025-11-17 12:49:05.951190,1343,5949,322.95,send,Pune,tablet,0,4G,afternoon,0
104392,2025-11-17 14:34:14.412682,1431,5528,516.46,receive,Mumbai,tablet,1,WiFi,afternoon,1
104393,2025-11-17 16:19:22.874174,1424,5492,171.54,receive,Pune,tablet,0,WiFi,afternoon,0
104394,2025-11-17 18:04:31.335667,1332,5891,671.18,receive,Chennai,mobile,0,4G,evening,0
104395,2025-11-17 19:49:39.797159,1438,5061,744.58,merchant_payment,Hyderabad,mobile,0,WiFi,evening,0
104396,2025-11-17 21:34:48.258651,1588,5054,696.2,merchant_payment,Hyderabad,mobile,1,4G,evening,1
104397,2025-11-17 23:19:56.720144,1174,5680,2213.15,send,Pune,mobile,1,4G,evening,1
104398,2025-11-18 01:05:05.181636,1559,5538,448.1,send,Ahmedabad,mobile,0,5G,night,0
104399,2025-11-18 02:50:13.643128,1527,5848,480.04,receive,Bangalore,mobile,0,4G,night,0
104400,2025-11-18 04:35:22.104620,1873,5988,152.89,send,Delhi,mobile,0,4G,night,0
104401,2025-11-18 06:20:30.566113,1659,5065,2374.33,send,Mumbai,mobile,0,4G,morning,0
104402,2025-11-18 08:05:39.027605,1026,5612,110.15,merchant_payment,Mumbai,mobile,0,5G,morning,0
104403,2025-11-18 09:50:47.489097,1820,5586,619.28,send,Delhi,mobile,0,WiFi,morning,0
104404,2025-11-18 11:35:55.950590,1605,5704,266.46,receive,Kolkata,mobile,0,5G,morning,0
104405,2025-11-18 13:21:04.412082,1406,5171,524.43,receive,Kolkata,mobile,0,5G,afternoon,0
104406,2025-11-18 15:06:12.873574,1232,5273,133.21,send,Kolkata,mobile,0,5G,afternoon,0
104407,2025-11-18 16:51:21.335067,1533,5889,1201.91,send,Hyderabad,mobile,0,4G,afternoon,0
104408,2025-11-18 18:36:29.796559,1819,5699,189.58,receive,Chennai,mobile,0,WiFi,evening,0
104409,2025-11-18 20:21:38.258051,1550,5535,1581.7,send,Mumbai,tablet,0,5G,evening,0
104410,2025-11-18 22:06:46.719543,1788,5391,194.88,send,Delhi,mobile,0,4G,evening,0
104411,2025-11-18 23:51:55.181036,1505,5940,1306.64,merchant_payment,Bangalore,mobile,0,4G,evening,0
104412,2025-11-19 01:37:03.642528,1669,5693,214.66,receive,Pune,tablet,0,WiFi,night,0
104413,2025-11-19 03:22:12.104020,1179,5327,266.5,send,Bangalore,mobile,0,4G,night,0
104414,2025-11-19 05:07:20.565513,1132,5108,491.84,send,Pune,mobile,0,WiFi,night,0
104415,2025-11-19 06:52:29.027005,1823,5847,211.05,receive,Hyderabad,mobile,0,4G,morning,0
104416,2025-11-19 08:37:37.488497,1455,5162,204.92,send,Mumbai,mobile,0,5G,morning,0
104417,2025-11-19 10:22:45.949990,1348,5814,213.5,send,Chennai,mobile,0,4G,morning,0
104418,2025-11-19 12:07:54.411482,1540,5452,677.8,send,Mumbai,mobile,0,WiFi,afternoon,0
104419,2025-11-19 13:53:02.872974,1772,5206,492.53,send,Pune,mobile,0,5G,afternoon,0
104420,2025-11-19 15:38:11.334466,1406,5590,519.38,receive,Kolkata,tablet,0,4G,afternoon,0
104421,2025-11-19 17:23:19.795959,1076,5016,356.16,receive,Bangalore,mobile,0,4G,afternoon,0
104422,2025-11-19 19:08:28.257451,1941,5327,852.95,send,Mumbai,mobile,0,4G,evening,0
104423,2025-11-19 20:53:36.718943,1579,5608,1408.19,send,Bangalore,mobile,0,WiFi,evening,0
104424,2025-11-19 22:38:45.180436,1854,5659,876.22,send,Delhi,mobile,0,5G,evening,0
104425,2025-11-20 00:23:53.641928,1492,5002,399.83,receive,Delhi,mobile,0,WiFi,night,1
104426,2025-11-20 02:09:02.103420,1194,5010,145.36,send,Bangalore,mobile,0,4G,night,0
104427,2025-11-20 03:54:10.564912,1984,5434,68.23,send,Chennai,mobile,0,5G,night,0
104428,2025-11-20 05:39:19.026405,1162,5125,461.8,merchant_payment,Ahmedabad,mobile,0,WiFi,night,0
104429,2025-11-20 07:24:27.487897,1347,5081,67.14,send,Chennai,mobile,0,5G,morning,0
104430,2025-11-20 09:09:35.949389,1951,5485,403.71,merchant_payment,Ahmedabad,mobile,0,4G,morning,0
104431,2025-11-20 10:54:44.410882,1361,5652,2003.44,send,Mumbai,mobile,0,5G,morning,0
104432,2025-11-20 12:39:52.872374,1769,5838,155.48,send,Bangalore,mobile,0,5G,afternoon,0
104433,2025-11-20 14:25:01.333866,1584,5150,136.17,receive,Hyderabad,tablet,0,5G,afternoon,0
104434,2025-11-20 16:10:09.795359,1087,5800,931.63,send,Chennai,mobile,0,4G,afternoon,0
104435,2025-11-20 17:55:18.256851,1934,5873,29.79,send,Pune,mobile,0,4G,afternoon,0
104436,2025-11-20 19:40:26.718343,1262,5340,721.84,send,Chennai,mobile,0,WiFi,evening,0
104437,2025-11-20 21:25:35.179835,1214,5129,2139.89,merchant_payment,Kolkata,mobile,0,4G,evening,0
104438,2025-11-20 23:10:43.641328,1665,5438,205.93,send,Delhi,mobile,0,4G,evening,0
104439,2025-11-21 00:55:52.102820,1722,5751,173.43,receive,Chennai,mobile,0,5G,night,0
104440,2025-11-21 02:41:00.564312,1913,5501,888.93,merchant_payment,Pune,mobile,0,5G,night,0
104441,2025-11-21 04:26:09.025805,1573,5058,152.82,merchant_payment,Chennai,mobile,0,WiFi,night,0
104442,2025-11-21 06:11:17.487297,1780,5198,1108.56,merchant_payment,Pune,tablet,1,4G,morning,1
104443,2025-11-21 07:56:25.948789,1262,5211,165.78,send,Ahmedabad,mobile,0,5G,morning,0
104444,2025-11-21 09:41:34.410282,1730,5914,2888.24,send,Kolkata,mobile,0,4G,morning,0
104445,2025-11-21 11:26:42.871774,1283,5902,955.57,send,Ahmedabad,mobile,0,4G,morning,0
104446,2025-11-21 13:11:51.333266,1648,5045,511.86,send,Pune,mobile,0,4G,afternoon,0
104447,2025-11-21 14:56:59.794758,1467,5097,2726.45,send,Chennai,mobile,0,5G,afternoon,0
104448,2025-11-21 16:42:08.256251,1380,5279,1382.35,send,Kolkata,mobile,0,5G,afternoon,0
104449,2025-11-21 18:27:16.717743,1362,5535,712.38,merchant_payment,Bangalore,mobile,0,4G,evening,0
104450,2025-11-21 20:12:25.179235,1449,5410,76.46,merchant_payment,Bangalore,mobile,0,4G,evening,0
104451,2025-11-21 21:57:33.640728,1441,5461,244.33,send,Delhi,mobile,0,5G,evening,0
104452,2025-11-21 23:42:42.102220,1093,5391,1458.86,send,Mumbai,mobile,0,4G,evening,0
104453,2025-11-22 01:27:50.563712,1621,5847,134.27,send,Kolkata,mobile,0,4G,night,0
104454,2025-11-22 03:12:59.025205,1753,5044,229.13,send,Chennai,mobile,0,5G,night,0
104455,2025-11-22 04:58:07.486697,1867,5027,177.31,send,Mumbai,mobile,0,4G,night,0
104456,2025-11-22 06:43:15.948189,1424,5794,736.83,merchant_payment,Bangalore,mobile,0,5G,morning,0
104457,2025-11-22 08:28:24.409681,1142,5097,1291.57,send,Chennai,mobile,0,5G,morning,0
104458,2025-11-22 10:13:32.871174,1291,5975,1292.84,send,Mumbai,mobile,0,4G,morning,0
104459,2025-11-22 11:58:41.332666,1432,5548,210.02,send,Kolkata,mobile,0,WiFi,morning,0
104460,2025-11-22 13:43:49.794158,1749,5621,726.81,merchant_payment,Kolkata,mobile,0,5G,afternoon,0
104461,2025-11-22 15:28:58.255651,1852,5567,200.36,merchant_payment,Mumbai,mobile,0,4G,afternoon,0
104462,2025-11-22 17:14:06.717143,1824,5704,399.2,merchant_payment,Pune,mobile,0,5G,afternoon,0
104463,2025-11-22 18:59:15.178635,1689,5219,828.96,send,Kolkata,tablet,0,5G,evening,0
104464,2025-11-22 20:44:23.640128,1653,5185,1424.21,send,Hyderabad,mobile,0,5G,evening,0
104465,2025-11-22 22:29:32.101620,1701,5069,57.43,send,Bangalore,mobile,0,5G,evening,0
104466,2025-11-23 00:14:40.563112,1998,5829,543.83,send,Delhi,mobile,0,WiFi,night,0
104467,2025-11-23 01:59:49.024604,1049,5130,2012.82,merchant_payment,Delhi,mobile,0,WiFi,night,0
104468,2025-11-23 03:44:57.486097,1302,5567,621.55,send,Hyderabad,mobile,0,5G,night,0
104469,2025-11-23 05:30:05.947589,1881,5890,535.19,send,Mumbai,mobile,0,5G,night,0
104470,2025-11-23 07:15:14.409081,1190,5609,280.62,receive,Kolkata,mobile,0,4G,morning,0
104471,2025-11-23 09:00:22.870574,1136,5848,1960.1,send,Hyderabad,mobile,0,WiFi,morning,0
104472,2025-11-23 10:45:31.332066,1555,5599,293.89,receive,Hyderabad,mobile,0,4G,morning,0
104473,2025-11-23 12:30:39.793558,1404,5806,445.79,send,Kolkata,mobile,0,5G,afternoon,0
104474,2025-11-23 14:15:48.255051,1892,5631,307.9,send,Bangalore,tablet,0,4G,afternoon,1
104475,2025-11-23 16:00:56.716543,1865,5720,549.05,send,Kolkata,mobile,0,4G,afternoon,0
104476,2025-11-23 17:46:05.178035,1602,5334,2050.12,merchant_payment,Ahmedabad,mobile,0,4G,afternoon,0
104477,2025-11-23 19:31:13.639527,1807,5925,199.12,send,Kolkata,tablet,0,4G,evening,0
104478,2025-11-23 21:16:22.101020,1341,5154,551.45,send,Pune,mobile,0,4G,evening,0
104479,2025-11-23 23:01:30.562512,1757,5547,728.56,send,Chennai,mobile,0,4G,evening,0
104480,2025-11-24 00:46:39.024004,1945,5079,218.69,receive,Mumbai,mobile,0,4G,night,0
104481,2025-11-24 02:31:47.485497,1704,5579,464.51,merchant_payment,Delhi,mobile,0,5G,night,0
104482,2025-11-24 04:16:55.946989,1318,5855,3138.0,send,Delhi,mobile,0,4G,night,0
104483,2025-11-24 06:02:04.408481,1618,5413,84.06,send,Hyderabad,mobile,0,5G,morning,0
104484,2025-11-24 07:47:12.869973,1363,5546,323.37,merchant_payment,Pune,tablet,0,WiFi,morning,0
104485,2025-11-24 09:32:21.331466,1822,5609,633.06,merchant_payment,Hyderabad,mobile,0,5G,morning,0
104486,2025-11-24 11:17:29.792958,1382,5169,338.34,receive,Hyderabad,tablet,0,4G,morning,0
104487,2025-11-24 13:02:38.254450,1233,5681,8832.98,send,Mumbai,mobile,0,4G,afternoon,0
104488,2025-11-24 14:47:46.715943,1777,5663,852.94,send,Hyderabad,tablet,0,4G,afternoon,0
104489,2025-11-24 16:32:55.177435,1344,5583,173.41,merchant_payment,Hyderabad,mobile,0,WiFi,afternoon,0
104490,2025-11-24 18:18:03.638927,1549,5515,47.62,receive,Chennai,mobile,0,4G,evening,0
104491,2025-11-24 20:03:12.100420,1817,5314,692.48,receive,Mumbai,mobile,0,5G,evening,1
104492,2025-11-24 21:48:20.561912,1553,5032,231.45,send,Bangalore,mobile,0,4G,evening,0
104493,2025-11-24 23:33:29.023404,1529,5287,1788.08,receive,Pune,mobile,0,4G,evening,0
104494,2025-11-25 01:18:37.484896,1856,5594,374.33,merchant_payment,Bangalore,mobile,0,5G,night,0
104495,2025-11-25 03:03:45.946389,1789,5043,279.12,merchant_payment,Kolkata,mobile,0,4G,night,0
104496,2025-11-25 04:48:54.407881,1819,5903,274.45,send,Chennai,mobile,0,4G,night,0
104497,2025-11-25 06:34:02.869373,1571,5617,1321.48,receive,Delhi,mobile,0,WiFi,morning,0
104498,2025-11-25 08:19:11.330866,1935,5001,746.64,receive,Kolkata,tablet,1,4G,morning,0
104499,2025-11-25 10:04:19.792358,1183,5573,2852.52,merchant_payment,Bangalore,mobile,0,5G,morning,0
104500,2025-11-25 11:49:28.253850,1041,5270,397.38,merchant_payment,Mumbai,mobile,0,4G,morning,1
104501,2025-11-25 13:34:36.715343,1551,5180,1167.1,merchant_payment,Delhi,mobile,0,WiFi,afternoon,0
104502,2025-11-25 15:19:45.176835,1397,5736,1187.23,merchant_payment,Ahmedabad,mobile,0,5G,afternoon,0
104503,2025-11-25 17:04:53.638327,1704,5518,966.63,send,Hyderabad,mobile,0,4G,afternoon,0
104504,2025-11-25 18:50:02.099819,1779,5103,295.94,merchant_payment,Mumbai,mobile,0,WiFi,evening,0
104505,2025-11-25 20:35:10.561312,1494,5010,791.09,receive,Delhi,mobile,0,4G,evening,0
104506,2025-11-25 22:20:19.022804,1659,5583,447.09,send,Bangalore,mobile,0,4G,evening,0
104507,2025-11-26 00:05:27.484296,1907,5090,435.5,send,Kolkata,mobile,0,5G,night,0
104508,2025-11-26 01:50:35.945789,1333,5226,220.12,send,Hyderabad,mobile,0,5G,night,0
104509,2025-11-26 03:35:44.407281,1127,5670,59.13,merchant_payment,Hyderabad,mobile,0,5G,night,0
104510,2025-11-26 05:20:52.868773,1558,5740,1717.07,send,Pune,mobile,0,5G,night,0
104511,2025-11-26 07:06:01.330266,1557,5917,758.66,merchant_payment,Mumbai,mobile,0,5G,morning,0
104512,2025-11-26 08:51:09.791758,1001,5126,128.61,receive,Kolkata,mobile,0,WiFi,morning,0
104513,2025-11-26 10:36:18.253250,1168,5956,1010.0,merchant_payment,Hyderabad,mobile,0,WiFi,morning,0
104514,2025-11-26 12:21:26.714742,1620,5209,1751.34,send,Delhi,mobile,0,5G,afternoon,0
104515,2025-11-26 14:06:35.176235,1019,5097,1072.41,receive,Pune,tablet,0,4G,afternoon,0
104516,2025-11-26 15:51:43.637727,1332,5074,202.02,send,Pune,mobile,0,WiFi,afternoon,0
104517,2025-11-26 17:36:52.099219,1584,5627,236.99,send,Chennai,mobile,0,5G,afternoon,0
104518,2025-11-26 19:22:00.560712,1456,5191,284.9,merchant_payment,Bangalore,mobile,0,WiFi,evening,0
104519,2025-11-26 21:07:09.022204,1957,5682,1165.71,receive,Mumbai,tablet,0,4G,evening,0
104520,2025-11-26 22:52:17.483696,1109,5819,795.49,send,Kolkata,mobile,0,5G,evening,0
104521,2025-11-27 00:37:25.945189,1268,5960,8024.8,merchant_payment,Ahmedabad,mobile,0,WiFi,night,0
104522,2025-11-27 02:22:34.406681,1445,5716,95.5,send,Ahmedabad,mobile,0,5G,night,0
104523,2025-11-27 04:07:42.868173,1240,5056,467.5,send,Chennai,mobile,1,5G,night,0
104524,2025-11-27 05:52:51.329665,1929,5720,71.68,receive,Ahmedabad,mobile,0,WiFi,night,0
104525,2025-11-27 07:37:59.791158,1301,5553,894.84,send,Chennai,mobile,0,5G,morning,0
104526,2025-11-27 09:23:08.252650,1602,5032,1432.1,merchant_payment,Mumbai,mobile,1,5G,morning,0
104527,2025-11-27 11:08:16.714142,1103,5527,2084.13,merchant_payment,Delhi,mobile,0,4G,morning,0
104528,2025-11-27 12:53:25.175635,1988,5574,594.98,merchant_payment,Kolkata,tablet,0,5G,afternoon,0
104529,2025-11-27 14:38:33.637127,1250,5667,72.73,send,Bangalore,tablet,0,4G,afternoon,1
104530,2025-11-27 16:23:42.098619,1453,5284,468.65,send,Mumbai,mobile,0,4G,afternoon,0
104531,2025-11-27 18:08:50.560112,1520,5721,762.64,send,Kolkata,tablet,0,5G,evening,0
104532,2025-11-27 19:53:59.021604,1153,5832,180.34,merchant_payment,Chennai,mobile,0,4G,evening,0
104533,2025-11-27 21:39:07.483096,1859,5494,378.05,send,Chennai,mobile,0,WiFi,evening,0
104534,2025-11-27 23:24:15.944588,1174,5187,137.41,send,Mumbai,tablet,0,5G,evening,0
104535,2025-11-28 01:09:24.406081,1343,5498,267.01,merchant_payment,Kolkata,mobile,0,5G,night,0
104536,2025-11-28 02:54:32.867573,1670,5442,1227.17,merchant_payment,Chennai,mobile,0,4G,night,0
104537,2025-11-28 04:39:41.329065,1431,5130,972.78,merchant_payment,Mumbai,mobile,0,4G,night,0
104538,2025-11-28 06:24:49.790558,1727,5639,122.09,merchant_payment,Pune,mobile,0,4G,morning,0
104539,2025-11-28 08:09:58.252050,1689,5292,243.48,send,Mumbai,mobile,0,4G,morning,0
104540,2025-11-28 09:55:06.713542,1687,5114,521.7,send,Bangalore,mobile,0,WiFi,morning,0
104541,2025-11-28 11:40:15.175035,1852,5199,618.02,send,Mumbai,mobile,0,5G,morning,0
104542,2025-11-28 13:25:23.636527,1850,5013,253.94,send,Pune,tablet,0,WiFi,afternoon,1
104543,2025-11-28 15:10:32.098019,1658,5271,793.5,receive,Kolkata,mobile,0,5G,afternoon,0
104544,2025-11-28 16:55:40.559511,1962,5601,475.67,send,Kolkata,tablet,0,5G,afternoon,0
104545,2025-11-28 18:40:49.021004,1324,5215,37.46,merchant_payment,Ahmedabad,mobile,0,5G,evening,0
104546,2025-11-28 20:25:57.482496,1990,5444,278.2,send,Chennai,mobile,0,4G,evening,0
104547,2025-11-28 22:11:05.943988,1673,5790,270.37,send,Ahmedabad,mobile,0,5G,evening,0
104548,2025-11-28 23:56:14.405481,1639,5512,970.95,merchant_payment,Hyderabad,mobile,0,4G,evening,0
104549,2025-11-29 01:41:22.866973,1420,5447,988.37,send,Bangalore,mobile,0,5G,night,0
104550,2025-11-29 03:26:31.328465,1594,5986,92.56,merchant_payment,Kolkata,mobile,0,4G,night,0
104551,2025-11-29 05:11:39.789957,1485,5993,763.93,merchant_payment,Chennai,mobile,0,5G,night,0
104552,2025-11-29 06:56:48.251450,1659,5715,457.62,merchant_payment,Chennai,mobile,0,4G,morning,0
104553,2025-11-29 08:41:56.712942,1751,5074,559.15,send,Bangalore,tablet,0,4G,morning,0
104554,2025-11-29 10:27:05.174434,1412,5537,266.71,merchant_payment,Ahmedabad,mobile,0,5G,morning,0
104555,2025-11-29 12:12:13.635927,1936,5101,463.21,send,Bangalore,mobile,0,4G,afternoon,0
104556,2025-11-29 13:57:22.097419,1084,5176,1556.71,merchant_payment,Ahmedabad,mobile,0,4G,afternoon,0
104557,2025-11-29 15:42:30.558911,1113,5427,551.25,send,Chennai,mobile,0,4G,afternoon,0
104558,2025-11-29 17:27:39.020404,1737,5117,472.28,send,Pune,mobile,0,4G,afternoon,0
104559,2025-11-29 19:12:47.481896,1332,5166,305.15,merchant_payment,Hyderabad,mobile,0,WiFi,evening,0
104560,2025-11-29 20:57:55.943388,1378,5041,1411.29,send,Pune,mobile,0,5G,evening,0
104561,2025-11-29 22:43:04.404880,1755,5429,136.89,merchant_payment,Delhi,mobile,0,WiFi,evening,0
104562,2025-11-30 00:28:12.866373,1655,5344,220.97,send,Pune,mobile,0,4G,night,0
104563,2025-11-30 02:13:21.327865,1041,5424,129.26,merchant_payment,Chennai,mobile,0,4G,night,0
104564,2025-11-30 03:58:29.789357,1935,5366,602.26,merchant_payment,Bangalore,mobile,0,5G,night,0
104565,2025-11-30 05:43:38.250850,1770,5120,1603.19,send,Mumbai,mobile,0,4G,night,0
104566,2025-11-30 07:28:46.712342,1959,5609,354.68,receive,Mumbai,mobile,0,4G,morning,0
104567,2025-11-30 09:13:55.173834,1797,5657,169.12,receive,Bangalore,mobile,0,5G,morning,0
104568,2025-11-30 10:59:03.635327,1105,5728,2531.19,merchant_payment,Pune,mobile,0,5G,morning,0
104569,2025-11-30 12:44:12.096819,1202,5229,773.78,send,Bangalore,mobile,0,4G,afternoon,0
104570,2025-11-30 14:29:20.558311,1450,5825,650.36,receive,Delhi,mobile,0,4G,afternoon,0
104571,2025-11-30 16:14:29.019803,1819,5130,407.41,send,Kolkata,mobile,0,5G,afternoon,0
104572,2025-11-30 17:59:37.481296,1843,5352,962.0,send,Ahmedabad,tablet,0,4G,afternoon,0
104573,2025-11-30 19:44:45.942788,1973,5889,640.25,send,Bangalore,mobile,0,WiFi,evening,0
104574,2025-11-30 21:29:54.404280,1266,5318,304.52,receive,Ahmedabad,mobile,0,WiFi,evening,0
104575,2025-11-30 23:15:02.865773,1910,5984,360.03,merchant_payment,Ahmedabad,mobile,0,WiFi,evening,0
104576,2025-12-01 01:00:11.327265,1210,5649,177.7,send,Mumbai,mobile,0,4G,night,0
104577,2025-12-01 02:45:19.788757,1563,5836,156.87,receive,Hyderabad,mobile,0,4G,night,0
104578,2025-12-01 04:30:28.250250,1118,5337,366.26,receive,Bangalore,mobile,0,WiFi,night,0
104579,2025-12-01 06:15:36.711742,1713,5273,1562.77,send,Delhi,mobile,0,4G,morning,0
104580,2025-12-01 08:00:45.173234,1377,5117,175.18,merchant_payment,Ahmedabad,mobile,0,4G,morning,0
104581,2025-12-01 09:45:53.634726,1551,5818,1137.25,send,Hyderabad,mobile,0,4G,morning,0
104582,2025-12-01 11:31:02.096219,1540,5368,221.64,send,Delhi,mobile,0,4G,morning,0
104583,2025-12-01 13:16:10.557711,1771,5094,82.55,send,Hyderabad,tablet,0,5G,afternoon,0
104584,2025-12-01 15:01:19.019203,1084,5168,851.16,merchant_payment,Bangalore,mobile,0,WiFi,afternoon,0
104585,2025-12-01 16:46:27.480696,1454,5954,2511.83,merchant_payment,Ahmedabad,mobile,1,5G,afternoon,0
104586,2025-12-01 18:31:35.942188,1667,5715,209.4,send,Mumbai,mobile,0,5G,evening,0
104587,2025-12-01 20:16:44.403680,1629,5341,102.53,send,Hyderabad,mobile,0,4G,evening,0
104588,2025-12-01 22:01:52.865173,1514,5661,776.59,receive,Chennai,mobile,0,5G,evening,0
104589,2025-12-01 23:47:01.326665,1605,5914,195.75,merchant_payment,Kolkata,tablet,0,4G,evening,1
104590,2025-12-02 01:32:09.788157,1678,5695,842.73,receive,Delhi,mobile,0,4G,night,0
104591,2025-12-02 03:17:18.249649,1387,5925,1558.5,merchant_payment,Hyderabad,mobile,0,4G,night,0
104592,2025-12-02 05:02:26.711142,1912,5152,685.82,merchant_payment,Ahmedabad,mobile,0,5G,night,0
104593,2025-12-02 06:47:35.172634,1350,5586,1107.4,merchant_payment,Delhi,mobile,0,4G,morning,0
104594,2025-12-02 08:32:43.634126,1296,5877,1115.0,receive,Mumbai,mobile,0,WiFi,morning,0
104595,2025-12-02 10:17:52.095619,1258,5913,1326.03,send,Delhi,mobile,0,WiFi,morning,1
104596,2025-12-02 12:03:00.557111,1081,5274,515.54,merchant_payment,Delhi,mobile,0,4G,afternoon,0
104597,2025-12-02 13:48:09.018603,1937,5554,1073.93,send,Chennai,mobile,0,4G,afternoon,0
104598,2025-12-02 15:33:17.480096,1268,5496,580.8,send,Delhi,mobile,0,5G,afternoon,0
104599,2025-12-02 17:18:25.941588,1419,5724,728.74,send,Hyderabad,mobile,0,WiFi,afternoon,0
104600,2025-12-02 19:03:34.403080,1235,5101,10422.39,receive,Ahmedabad,mobile,0,WiFi,evening,0
104601,2025-12-02 20:48:42.864572,1833,5557,627.41,receive,Delhi,mobile,0,4G,evening,0
104602,2025-12-02 22:33:51.326065,1311,5082,110.19,receive,Ahmedabad,mobile,0,4G,evening,0
104603,2025-12-03 00:18:59.787557,1813,5529,404.47,send,Bangalore,tablet,0,4G,night,0
104604,2025-12-03 02:04:08.249049,1975,5073,361.22,receive,Delhi,mobile,0,4G,night,1
104605,2025-12-03 03:49:16.710542,1986,5014,378.12,send,Bangalore,mobile,0,4G,night,0
104606,2025-12-03 05:34:25.172034,1357,5433,1278.5,merchant_payment,Kolkata,mobile,0,5G,night,0
104607,2025-12-03 07:19:33.633526,1213,5157,1526.28,send,Delhi,mobile,0,4G,morning,0
104608,2025-12-03 09:04:42.095019,1574,5735,443.35,merchant_payment,Pune,mobile,0,WiFi,morning,0
104609,2025-12-03 10:49:50.556511,1049,5132,122.5,merchant_payment,Kolkata,mobile,0,4G,morning,0
104610,2025-12-03 12:34:59.018003,1127,5338,544.08,merchant_payment,Ahmedabad,mobile,0,4G,afternoon,0
104611,2025-12-03 14:20:07.479495,1223,5404,286.18,merchant_payment,Pune,mobile,0,4G,afternoon,0
104612,2025-12-03 16:05:15.940988,1921,5376,608.14,receive,Delhi,mobile,1,4G,afternoon,0
104613,2025-12-03 17:50:24.402480,1279,5888,436.61,send,Hyderabad,mobile,0,5G,afternoon,0
104614,2025-12-03 19:35:32.863972,1408,5559,1662.97,merchant_payment,Pune,mobile,0,4G,evening,0
104615,2025-12-03 21:20:41.325465,1505,5107,648.59,receive,Bangalore,mobile,0,WiFi,evening,0
104616,2025-12-03 23:05:49.786957,1294,5620,287.09,receive,Ahmedabad,mobile,0,WiFi,evening,0
104617,2025-12-04 00:50:58.248449,1796,5265,123.28,send,Kolkata,mobile,0,WiFi,night,0
104618,2025-12-04 02:36:06.709941,1277,5205,469.65,merchant_payment,Kolkata,mobile,0,5G,night,1
104619,2025-12-04 04:21:15.171434,1438,5079,471.33,send,Bangalore,mobile,0,5G,night,0
104620,2025-12-04 06:06:23.632926,1107,5155,379.0,send,Chennai,mobile,0,4G,morning,0
104621,2025-12-04 07:51:32.094418,1658,5783,1069.9,merchant_payment,Delhi,mobile,0,5G,morning,0
104622,2025-12-04 09:36:40.555911,1420,5988,123.62,merchant_payment,Delhi,mobile,0,WiFi,morning,0
104623,2025-12-04 11:21:49.017403,1611,5997,229.86,send,Hyderabad,mobile,0,4G,morning,0
104624,2025-12-04 13:06:57.478895,1429,5247,519.53,merchant_payment,Chennai,tablet,0,5G,afternoon,1
104625,2025-12-04 14:52:05.940388,1375,5531,281.6,send,Chennai,mobile,0,WiFi,afternoon,0
104626,2025-12-04 16:37:14.401880,1073,5858,344.91,merchant_payment,Pune,mobile,0,WiFi,afternoon,0
104627,2025-12-04 18:22:22.863372,1949,5948,463.94,receive,Ahmedabad,mobile,0,4G,evening,0
104628,2025-12-04 20:07:31.324864,1998,5538,978.45,receive,Hyderabad,mobile,1,4G,evening,0
104629,2025-12-04 21:52:39.786357,1634,5729,445.6,merchant_payment,Kolkata,mobile,0,4G,evening,0
104630,2025-12-04 23:37:48.247849,1030,5154,68.74,send,Bangalore,mobile,0,5G,evening,0
104631,2025-12-05 01:22:56.709341,1188,5154,269.67,send,Kolkata,mobile,0,4G,night,0
104632,2025-12-05 03:08:05.170834,1364,5686,808.99,merchant_payment,Mumbai,mobile,0,4G,night,0
104633,2025-12-05 04:53:13.632326,1866,5092,1056.45,send,Hyderabad,tablet,0,4G,night,1
104634,2025-12-05 06:38:22.093818,1800,5433,1116.39,merchant_payment,Bangalore,tablet,0,4G,morning,1
104635,2025-12-05 08:23:30.555311,1451,5338,1482.04,receive,Kolkata,mobile,0,4G,morning,0
104636,2025-12-05 10:08:39.016803,1195,5480,554.71,send,Kolkata,mobile,0,5G,morning,0
104637,2025-12-05 11:53:47.478295,1156,5693,641.09,merchant_payment,Chennai,mobile,0,WiFi,morning,0
104638,2025-12-05 13:38:55.939787,1172,5131,178.77,send,Hyderabad,mobile,0,4G,afternoon,0
104639,2025-12-05 15:24:04.401280,1847,5450,56.0,send,Mumbai,mobile,0,5G,afternoon,0
104640,2025-12-05 17:09:12.862772,1041,5993,119.39,send,Delhi,tablet,0,5G,afternoon,0
104641,2025-12-05 18:54:21.324264,1063,5810,244.24,merchant_payment,Hyderabad,mobile,0,4G,evening,0
104642,2025-12-05 20:39:29.785757,1023,5787,126.51,send,Ahmedabad,mobile,0,WiFi,evening,0
104643,2025-12-05 22:24:38.247249,1360,5273,367.63,send,Mumbai,mobile,0,4G,evening,0
104644,2025-12-06 00:09:46.708741,1075,5929,310.42,send,Ahmedabad,mobile,0,5G,night,0
104645,2025-12-06 01:54:55.170234,1560,5588,1258.69,send,Mumbai,mobile,0,5G,night,0
104646,2025-12-06 03:40:03.631726,1672,5177,186.95,send,Ahmedabad,mobile,0,5G,night,1
104647,2025-12-06 05:25:12.093218,1825,5696,567.13,merchant_payment,Hyderabad,mobile,0,4G,night,1
104648,2025-12-06 07:10:20.554710,1118,5831,323.83,merchant_payment,Bangalore,tablet,0,5G,morning,0
104649,2025-12-06 08:55:29.016203,1612,5643,180.08,send,Hyderabad,mobile,0,5G,morning,0
104650,2025-12-06 10:40:37.477695,1380,5875,238.0,receive,Kolkata,mobile,0,5G,morning,0
104651,2025-12-06 12:25:45.939187,1929,5049,63.35,merchant_payment,Pune,mobile,0,WiFi,afternoon,0
104652,2025-12-06 14:10:54.400680,1920,5567,1041.43,send,Chennai,mobile,0,5G,afternoon,0
104653,2025-12-06 15:56:02.862172,1679,5666,2002.72,send,Kolkata,mobile,0,4G,afternoon,0
104654,2025-12-06 17:41:11.323664,1290,5355,377.11,merchant_payment,Mumbai,tablet,0,4G,afternoon,1
104655,2025-12-06 19:26:19.785157,1440,5712,507.28,merchant_payment,Mumbai,mobile,0,5G,evening,0
104656,2025-12-06 21:11:28.246649,1668,5308,366.55,send,Delhi,mobile,0,5G,evening,0
104657,2025-12-06 22:56:36.708141,1933,5868,217.0,send,Mumbai,mobile,0,4G,evening,0
104658,2025-12-07 00:41:45.169633,1007,5885,997.15,send,Pune,mobile,0,4G,night,0
104659,2025-12-07 02:26:53.631126,1196,5630,677.95,send,Delhi,mobile,0,4G,night,0
104660,2025-12-07 04:12:02.092618,1421,5775,26.79,merchant_payment,Mumbai,mobile,1,5G,night,1
104661,2025-12-07 05:57:10.554110,1568,5046,175.11,receive,Mumbai,mobile,0,5G,night,0
104662,2025-12-07 07:42:19.015603,1833,5302,63.24,receive,Hyderabad,mobile,0,5G,morning,0
104663,2025-12-07 09:27:27.477095,1193,5868,2334.18,send,Hyderabad,mobile,0,4G,morning,0
104664,2025-12-07 11:12:35.938587,1559,5912,414.96,send,Chennai,tablet,0,4G,morning,0
104665,2025-12-07 12:57:44.400080,1148,5408,626.85,send,Kolkata,mobile,0,5G,afternoon,0
104666,2025-12-07 14:42:52.861572,1787,5189,346.09,merchant_payment,Bangalore,mobile,0,4G,afternoon,0
104667,2025-12-07 16:28:01.323064,1669,5822,1484.3,receive,Chennai,mobile,0,4G,afternoon,0
104668,2025-12-07 18:13:09.784556,1202,5830,1165.27,send,Mumbai,tablet,0,5G,evening,0
104669,2025-12-07 19:58:18.246049,1444,5129,397.23,send,Chennai,mobile,0,WiFi,evening,0
104670,2025-12-07 21:43:26.707541,1914,5561,2746.25,merchant_payment,Hyderabad,mobile,0,4G,evening,0
104671,2025-12-07 23:28:35.169033,1988,5537,593.07,receive,Kolkata,tablet,0,WiFi,evening,0
104672,2025-12-08 01:13:43.630526,1419,5266,114.42,send,Mumbai,mobile,0,4G,night,0
104673,2025-12-08 02:58:52.092018,1427,5118,544.58,send,Ahmedabad,mobile,0,4G,night,0
104674,2025-12-08 04:44:00.553510,1479,5464,826.7,send,Mumbai,mobile,0,5G,night,0
104675,2025-12-08 06:29:09.015003,1475,5144,431.29,merchant_payment,Chennai,mobile,0,5G,morning,0
104676,2025-12-08 08:14:17.476495,1126,5442,326.53,receive,Kolkata,mobile,0,4G,morning,0
104677,2025-12-08 09:59:25.937987,1395,5200,2876.59,merchant_payment,Ahmedabad,mobile,0,5G,morning,0
104678,2025-12-08 11:44:34.399479,1817,5157,150.53,merchant_payment,Pune,mobile,0,4G,morning,0
104679,2025-12-08 13:29:42.860972,1881,5487,31.07,merchant_payment,Delhi,mobile,0,5G,afternoon,0
104680,2025-12-08 15:14:51.322464,1806,5860,2487.55,send,Pune,mobile,0,4G,afternoon,0
104681,2025-12-08 16:59:59.783956,1576,5134,144.6,send,Ahmedabad,mobile,0,5G,afternoon,0
104682,2025-12-08 18:45:08.245449,1325,5912,369.96,receive,Ahmedabad,mobile,0,5G,evening,0
104683,2025-12-08 20:30:16.706941,1392,5148,337.84,send,Bangalore,mobile,0,5G,evening,0
104684,2025-12-08 22:15:25.168433,1930,5336,1688.76,merchant_payment,Ahmedabad,mobile,0,5G,evening,0
104685,2025-12-09 00:00:33.629925,1688,5071,2069.07,merchant_payment,Kolkata,mobile,0,5G,night,0
104686,2025-12-09 01:45:42.091418,1628,5233,135.32,merchant_payment,Chennai,mobile,1,5G,night,1
104687,2025-12-09 03:30:50.552910,1440,5334,1913.92,send,Pune,mobile,0,WiFi,night,0
104688,2025-12-09 05:15:59.014402,1204,5811,1878.84,send,Chennai,mobile,0,5G,night,1
104689,2025-12-09 07:01:07.475895,1486,5666,502.38,send,Bangalore,mobile,0,5G,morning,0
104690,2025-12-09 08:46:15.937387,1833,5090,1252.06,merchant_payment,Mumbai,mobile,0,5G,morning,0
104691,2025-12-09 10:31:24.398879,1031,5334,1384.13,send,Mumbai,mobile,0,5G,morning,0
104692,2025-12-09 12:16:32.860372,1388,5199,382.82,send,Delhi,mobile,0,4G,afternoon,0
104693,2025-12-09 14:01:41.321864,1625,5161,420.92,send,Chennai,mobile,0,5G,afternoon,0
104694,2025-12-09 15:46:49.783356,1877,5538,888.32,merchant_payment,Bangalore,mobile,0,4G,afternoon,0
104695,2025-12-09 17:31:58.244848,1434,5121,96.69,merchant_payment,Chennai,mobile,0,4G,afternoon,0
104696,2025-12-09 19:17:06.706341,1837,5301,345.92,merchant_payment,Hyderabad,mobile,0,5G,evening,0
104697,2025-12-09 21:02:15.167833,1926,5724,148.36,merchant_payment,Chennai,tablet,0,4G,evening,1
104698,2025-12-09 22:47:23.629325,1376,5575,2045.87,receive,Chennai,mobile,0,WiFi,evening,0
104699,2025-12-10 00:32:32.090818,1344,5963,341.87,send,Hyderabad,mobile,0,5G,night,0
104700,2025-12-10 02:17:40.552310,1443,5436,649.61,send,Hyderabad,mobile,0,5G,night,0
104701,2025-12-10 04:02:49.013802,1579,5068,396.07,receive,Pune,mobile,0,4G,night,0
104702,2025-12-10 05:47:57.475295,1075,5765,371.12,merchant_payment,Ahmedabad,tablet,0,5G,night,0
104703,2025-12-10 07:33:05.936787,1557,5922,608.48,send,Ahmedabad,mobile,0,5G,morning,0
104704,2025-12-10 09:18:14.398279,1772,5459,237.31,send,Bangalore,mobile,0,4G,morning,0
104705,2025-12-10 11:03:22.859771,1666,5514,404.04,receive,Pune,mobile,0,WiFi,morning,0
104706,2025-12-10 12:48:31.321264,1155,5398,401.08,send,Mumbai,mobile,0,4G,afternoon,0
104707,2025-12-10 14:33:39.782756,1430,5620,322.72,receive,Delhi,tablet,0,5G,afternoon,0
104708,2025-12-10 16:18:48.244248,1363,5286,728.55,send,Pune,mobile,0,WiFi,afternoon,0
104709,2025-12-10 18:03:56.705741,1448,5561,315.14,send,Hyderabad,mobile,0,WiFi,evening,0
104710,2025-12-10 19:49:05.167233,1987,5140,2467.88,send,Mumbai,mobile,0,5G,evening,0
104711,2025-12-10 21:34:13.628725,1234,5730,924.23,receive,Ahmedabad,mobile,1,5G,evening,0
104712,2025-12-10 23:19:22.090218,1563,5556,127.83,receive,Bangalore,mobile,0,WiFi,evening,0
104713,2025-12-11 01:04:30.551710,1818,5929,854.81,send,Kolkata,tablet,0,WiFi,night,1
104714,2025-12-11 02:49:39.013202,1262,5781,247.28,merchant_payment,Chennai,mobile,0,5G,night,0
104715,2025-12-11 04:34:47.474694,1827,5590,564.36,send,Bangalore,tablet,0,5G,night,0
104716,2025-12-11 06:19:55.936187,1125,5728,237.18,send,Bangalore,tablet,0,5G,morning,0
104717,2025-12-11 08:05:04.397679,1911,5894,54.9,receive,Hyderabad,mobile,0,4G,morning,0
104718,2025-12-11 09:50:12.859171,1245,5610,482.16,send,Delhi,mobile,0,4G,morning,0
104719,2025-12-11 11:35:21.320664,1542,5748,117.4,receive,Pune,mobile,0,5G,morning,0
104720,2025-12-11 13:20:29.782156,1938,5282,749.73,merchant_payment,Hyderabad,mobile,1,4G,afternoon,0
104721,2025-12-11 15:05:38.243648,1485,5661,586.86,merchant_payment,Chennai,mobile,0,5G,afternoon,0
104722,2025-12-11 16:50:46.705141,1122,5924,269.38,receive,Hyderabad,mobile,0,5G,afternoon,0
104723,2025-12-11 18:35:55.166633,1125,5816,3058.06,receive,Chennai,mobile,0,4G,evening,0
104724,2025-12-11 20:21:03.628125,1549,5996,142.7,send,Hyderabad,mobile,0,4G,evening,0
104725,2025-12-11 22:06:12.089617,1170,5936,263.92,send,Kolkata,mobile,0,5G,evening,0
104726,2025-12-11 23:51:20.551110,1124,5578,160.66,send,Ahmedabad,mobile,0,WiFi,evening,0
104727,2025-12-12 01:36:29.012602,1869,5746,3794.53,merchant_payment,Delhi,mobile,0,5G,night,0
104728,2025-12-12 03:21:37.474094,1035,5457,1905.01,send,Kolkata,mobile,0,4G,night,0
104729,2025-12-12 05:06:45.935587,1087,5087,118.85,receive,Mumbai,mobile,0,5G,night,0
104730,2025-12-12 06:51:54.397079,1646,5079,215.81,merchant_payment,Ahmedabad,mobile,0,WiFi,morning,0
104731,2025-12-12 08:37:02.858571,1708,5205,223.26,merchant_payment,Ahmedabad,mobile,0,5G,morning,0
104732,2025-12-12 10:22:11.320064,1786,5791,284.08,merchant_payment,Ahmedabad,mobile,0,4G,morning,0
104733,2025-12-12 12:07:19.781556,1201,5337,173.68,receive,Delhi,mobile,0,4G,afternoon,0
104734,2025-12-12 13:52:28.243048,1369,5254,268.88,send,Pune,mobile,1,4G,afternoon,1
104735,2025-12-12 15:37:36.704540,1797,5304,1345.97,merchant_payment,Hyderabad,mobile,0,4G,afternoon,0
104736,2025-12-12 17:22:45.166033,1077,5380,3452.7,send,Ahmedabad,mobile,0,4G,afternoon,0
104737,2025-12-12 19:07:53.627525,1059,5130,105.17,send,Bangalore,mobile,0,5G,evening,0
104738,2025-12-12 20:53:02.089017,1431,5596,173.97,merchant_payment,Mumbai,mobile,0,5G,evening,0
104739,2025-12-12 22:38:10.550510,1638,5276,610.06,receive,Ahmedabad,tablet,0,5G,evening,0
104740,2025-12-13 00:23:19.012002,1500,5699,101.46,merchant_payment,Bangalore,tablet,0,4G,night,1
104741,2025-12-13 02:08:27.473494,1913,5558,626.05,merchant_payment,Ahmedabad,mobile,0,5G,night,0
104742,2025-12-13 03:53:35.934987,1109,5899,845.65,merchant_payment,Kolkata,mobile,0,5G,night,0
104743,2025-12-13 05:38:44.396479,1736,5183,992.92,send,Pune,mobile,0,WiFi,night,0
104744,2025-12-13 07:23:52.857971,1278,5268,822.33,merchant_payment,Delhi,mobile,0,4G,morning,0
104745,2025-12-13 09:09:01.319463,1068,5808,288.52,merchant_payment,Pune,mobile,0,4G,morning,0
104746,2025-12-13 10:54:09.780956,1069,5322,410.89,merchant_payment,Mumbai,mobile,1,4G,morning,0
104747,2025-12-13 12:39:18.242448,1165,5512,151.48,send,Kolkata,tablet,0,5G,afternoon,0
104748,2025-12-13 14:24:26.703940,1489,5612,783.94,send,Hyderabad,mobile,0,WiFi,afternoon,0
104749,2025-12-13 16:09:35.165433,1305,5078,2448.82,merchant_payment,Bangalore,mobile,0,5G,afternoon,0
104750,2025-12-13 17:54:43.626925,1909,5784,782.27,send,Hyderabad,tablet,0,WiFi,afternoon,1
104751,2025-12-13 19:39:52.088417,1674,5339,245.92,receive,Chennai,tablet,0,5G,evening,0
104752,2025-12-13 21:25:00.549909,1365,5674,1332.47,send,Pune,mobile,0,4G,evening,0
104753,2025-12-13 23:10:09.011402,1854,5556,5248.23,send,Mumbai,mobile,0,WiFi,evening,0
104754,2025-12-14 00:55:17.472894,1821,5509,628.38,merchant_payment,Bangalore,mobile,0,4G,night,0
104755,2025-12-14 02:40:25.934386,1379,5238,857.89,send,Delhi,mobile,0,4G,night,0
104756,2025-12-14 04:25:34.395879,1343,5134,970.39,merchant_payment,Ahmedabad,mobile,0,WiFi,night,1
104757,2025-12-14 06:10:42.857371,1947,5973,99.04,send,Delhi,mobile,0,4G,morning,0
104758,2025-12-14 07:55:51.318863,1899,5192,326.65,send,Delhi,mobile,0,4G,morning,0
104759,2025-12-14 09:40:59.780356,1554,5356,294.75,send,Kolkata,mobile,0,4G,morning,0
104760,2025-12-14 11:26:08.241848,1354,5278,1135.54,merchant_payment,Delhi,mobile,1,5G,morning,0
104761,2025-12-14 13:11:16.703340,1416,5018,1010.67,send,Bangalore,mobile,0,4G,afternoon,0
104762,2025-12-14 14:56:25.164832,1109,5524,436.71,receive,Ahmedabad,tablet,0,4G,afternoon,0
104763,2025-12-14 16:41:33.626325,1563,5180,277.58,merchant_payment,Pune,mobile,0,5G,afternoon,1
104764,2025-12-14 18:26:42.087817,1762,5123,91.23,merchant_payment,Pune,mobile,0,WiFi,evening,0
104765,2025-12-14 20:11:50.549309,1497,5246,485.21,receive,Pune,mobile,0,4G,evening,0
104766,2025-12-14 21:56:59.010802,1341,5734,189.7,send,Kolkata,mobile,0,5G,evening,0
104767,2025-12-14 23:42:07.472294,1942,5373,167.59,send,Chennai,tablet,0,5G,evening,0
104768,2025-12-15 01:27:15.933786,1383,5051,1244.23,receive,Delhi,mobile,0,4G,night,0
104769,2025-12-15 03:12:24.395279,1533,6000,1120.94,send,Pune,mobile,0,4G,night,0
104770,2025-12-15 04:57:32.856771,1300,5071,302.3,merchant_payment,Delhi,mobile,0,5G,night,1
104771,2025-12-15 06:42:41.318263,1139,5480,102.61,merchant_payment,Ahmedabad,mobile,0,5G,morning,0
104772,2025-12-15 08:27:49.779755,1359,5560,215.76,send,Ahmedabad,mobile,1,4G,morning,0
104773,2025-12-15 10:12:58.241248,1836,5019,1330.43,receive,Kolkata,mobile,0,4G,morning,0
104774,2025-12-15 11:58:06.702740,1499,5774,786.6,merchant_payment,Delhi,mobile,0,4G,morning,0
104775,2025-12-15 13:43:15.164232,1385,5084,307.41,send,Chennai,mobile,0,5G,afternoon,0
104776,2025-12-15 15:28:23.625725,1604,5155,522.57,merchant_payment,Kolkata,mobile,0,5G,afternoon,0
104777,2025-12-15 17:13:32.087217,1959,5565,61.88,send,Kolkata,mobile,0,5G,afternoon,0
104778,2025-12-15 18:58:40.548709,1280,5619,57.37,receive,Mumbai,mobile,0,5G,evening,0
104779,2025-12-15 20:43:49.010202,1637,5357,3558.61,merchant_payment,Kolkata,mobile,0,WiFi,evening,0
104780,2025-12-15 22:28:57.471694,1483,5816,817.73,receive,Delhi,mobile,0,WiFi,evening,0
104781,2025-12-16 00:14:05.933186,1909,5647,493.57,receive,Kolkata,mobile,0,5G,night,0
104782,2025-12-16 01:59:14.394678,1111,5443,331.31,merchant_payment,Delhi,mobile,0,5G,night,1
104783,2025-12-16 03:44:22.856171,1866,5069,84.62,merchant_payment,Delhi,mobile,1,4G,night,0
104784,2025-12-16 05:29:31.317663,1139,5523,1330.37,merchant_payment,Pune,mobile,0,4G,night,0
104785,2025-12-16 07:14:39.779155,1996,5143,158.08,receive,Kolkata,mobile,0,5G,morning,0
104786,2025-12-16 08:59:48.240648,1435,5192,996.43,receive,Mumbai,mobile,0,WiFi,morning,0
104787,2025-12-16 10:44:56.702140,1509,5387,562.28,merchant_payment,Delhi,mobile,0,4G,morning,0
104788,2025-12-16 12:30:05.163632,1273,5378,467.74,merchant_payment,Pune,mobile,0,5G,afternoon,0
104789,2025-12-16 14:15:13.625125,1099,5581,133.97,merchant_payment,Mumbai,mobile,0,WiFi,afternoon,0
104790,2025-12-16 16:00:22.086617,1764,5535,135.77,merchant_payment,Mumbai,mobile,0,WiFi,afternoon,0
104791,2025-12-16 17:45:30.548109,1850,5693,727.73,send,Kolkata,mobile,0,5G,afternoon,1
104792,2025-12-16 19:30:39.009601,1104,5293,533.37,merchant_payment,Hyderabad,mobile,0,4G,evening,0
104793,2025-12-16 21:15:47.471094,1214,5009,516.55,merchant_payment,Pune,mobile,0,4G,evening,1
104794,2025-12-16 23:00:55.932586,1761,5271,655.92,merchant_payment,Hyderabad,mobile,0,4G,evening,0
104795,2025-12-17 00:46:04.394078,1664,5387,71.04,send,Delhi,mobile,0,5G,night,0
104796,2025-12-17 02:31:12.855571,1762,5093,1359.87,merchant_payment,Bangalore,mobile,0,4G,night,0
104797,2025-12-17 04:16:21.317063,1787,5966,345.19,send,Hyderabad,tablet,0,4G,night,0
104798,2025-12-17 06:01:29.778555,1165,5529,1587.07,send,Pune,tablet,0,5G,morning,0
104799,2025-12-17 07:46:38.240048,1999,5154,66.13,merchant_payment,Kolkata,mobile,0,5G,morning,1
104800,2025-12-17 09:31:46.701540,1853,5405,870.46,merchant_payment,Pune,tablet,0,5G,morning,0
104801,2025-12-17 11:16:55.163032,1520,5840,862.28,send,Kolkata,tablet,0,WiFi,morning,0
104802,2025-12-17 13:02:03.624524,1284,5149,111.48,merchant_payment,Hyderabad,mobile,0,4G,afternoon,0
104803,2025-12-17 14:47:12.086017,1517,5889,260.02,send,Bangalore,mobile,0,5G,afternoon,0
104804,2025-12-17 16:32:20.547509,1657,5267,170.8,send,Chennai,mobile,0,5G,afternoon,0
104805,2025-12-17 18:17:29.009001,1613,5422,1168.19,send,Delhi,mobile,0,4G,evening,0
104806,2025-12-17 20:02:37.470494,1164,5840,671.08,merchant_payment,Pune,mobile,0,5G,evening,0
104807,2025-12-17 21:47:45.931986,1886,5618,2437.79,send,Chennai,mobile,0,5G,evening,0
104808,2025-12-17 23:32:54.393478,1659,5472,603.63,send,Chennai,mobile,0,5G,evening,0
104809,2025-12-18 01:18:02.854970,1064,5893,1024.79,merchant_payment,Mumbai,mobile,0,4G,night,0
104810,2025-12-18 03:03:11.316463,1091,5547,1590.83,send,Mumbai,mobile,1,WiFi,night,1
104811,2025-12-18 04:48:19.777955,1117,5631,857.85,merchant_payment,Delhi,mobile,0,WiFi,night,0
104812,2025-12-18 06:33:28.239447,1866,5526,335.57,merchant_payment,Bangalore,mobile,0,4G,morning,0
104813,2025-12-18 08:18:36.700940,1267,5503,278.58,merchant_payment,Mumbai,mobile,0,4G,morning,0
104814,2025-12-18 10:03:45.162432,1822,5014,454.99,send,Pune,mobile,0,5G,morning,0
104815,2025-12-18 11:48:53.623924,1685,5778,1092.89,receive,Pune,mobile,0,4G,morning,0
104816,2025-12-18 13:34:02.085417,1559,5652,229.04,merchant_payment,Hyderabad,mobile,0,5G,afternoon,0
104817,2025-12-18 15:19:10.546909,1140,5806,945.92,send,Pune,mobile,0,4G,afternoon,0
104818,2025-12-18 17:04:19.008401,1246,5364,680.37,send,Delhi,mobile,0,WiFi,afternoon,0
104819,2025-12-18 18:49:27.469893,1661,5119,140.71,receive,Kolkata,mobile,0,4G,evening,0
104820,2025-12-18 20:34:35.931386,1758,5238,901.03,send,Chennai,mobile,0,WiFi,evening,0
104821,2025-12-18 22:19:44.392878,1395,5546,567.89,merchant_payment,Pune,mobile,0,4G,evening,0
104822,2025-12-19 00:04:52.854370,1487,5169,284.14,merchant_payment,Delhi,mobile,0,4G,night,0
104823,2025-12-19 01:50:01.315863,1476,5522,559.72,send,Kolkata,mobile,0,4G,night,0
104824,2025-12-19 03:35:09.777355,1517,5634,295.41,send,Kolkata,mobile,0,WiFi,night,0
104825,2025-12-19 05:20:18.238847,1977,5913,631.23,merchant_payment,Mumbai,mobile,0,5G,night,0
104826,2025-12-19 07:05:26.700340,1184,5657,416.56,send,Kolkata,mobile,0,5G,morning,0
104827,2025-12-19 08:50:35.161832,1020,5963,106.71,merchant_payment,Bangalore,mobile,0,4G,morning,0
104828,2025-12-19 10:35:43.623324,1937,5958,429.22,send,Kolkata,mobile,0,4G,morning,0
104829,2025-12-19 12:20:52.084816,1558,5735,316.5,merchant_payment,Kolkata,mobile,0,5G,afternoon,0
104830,2025-12-19 14:06:00.546309,1524,5883,930.37,merchant_payment,Chennai,mobile,0,5G,afternoon,0
104831,2025-12-19 15:51:09.007801,1582,5769,1187.69,send,Bangalore,mobile,0,4G,afternoon,0
104832,2025-12-19 17:36:17.469293,1529,5780,296.19,send,Delhi,mobile,0,4G,afternoon,0
104833,2025-12-19 19:21:25.930786,1883,5871,223.77,receive,Bangalore,mobile,0,5G,evening,0
104834,2025-12-19 21:06:34.392278,1147,5516,91.82,merchant_payment,Bangalore,mobile,0,4G,evening,0
104835,2025-12-19 22:51:42.853770,1666,5938,218.32,send,Delhi,mobile,0,5G,evening,0
104836,2025-12-20 00:36:51.315263,1304,5397,356.64,receive,Chennai,mobile,0,4G,night,0
104837,2025-12-20 02:21:59.776755,1620,5866,129.12,send,Pune,mobile,0,5G,night,0
104838,2025-12-20 04:07:08.238247,1748,5106,1203.68,merchant_payment,Ahmedabad,mobile,0,5G,night,1
104839,2025-12-20 05:52:16.699739,1820,5085,640.44,merchant_payment,Kolkata,mobile,0,5G,night,0
104840,2025-12-20 07:37:25.161232,1864,5214,436.85,send,Bangalore,mobile,0,5G,morning,0
104841,2025-12-20 09:22:33.622724,1582,5121,484.6,send,Bangalore,mobile,0,WiFi,morning,0
104842,2025-12-20 11:07:42.084216,1695,5132,669.17,send,Pune,mobile,0,5G,morning,0
104843,2025-12-20 12:52:50.545709,1762,5850,928.06,receive,Delhi,tablet,0,WiFi,afternoon,0
104844,2025-12-20 14:37:59.007201,1228,5197,1106.56,send,Hyderabad,mobile,0,5G,afternoon,0
104845,2025-12-20 16:23:07.468693,1102,5019,361.72,send,Pune,mobile,0,4G,afternoon,0
104846,2025-12-20 18:08:15.930186,1587,5642,427.55,merchant_payment,Bangalore,mobile,0,4G,evening,0
104847,2025-12-20 19:53:24.391678,1417,5012,585.8,receive,Mumbai,mobile,0,4G,evening,0
104848,2025-12-20 21:38:32.853170,1958,5081,410.44,merchant_payment,Kolkata,mobile,0,4G,evening,0
104849,2025-12-20 23:23:41.314662,1216,5330,1178.88,send,Kolkata,mobile,0,5G,evening,0
104850,2025-12-21 01:08:49.776155,1407,5866,1681.3,send,Pune,mobile,0,5G,night,0
104851,2025-12-21 02:53:58.237647,1399,5774,695.11,send,Chennai,mobile,0,5G,night,1
104852,2025-12-21 04:39:06.699139,1923,5392,198.7,merchant_payment,Pune,mobile,0,5G,night,0
104853,2025-12-21 06:24:15.160632,1715,5637,819.26,receive,Bangalore,mobile,0,5G,morning,0
104854,2025-12-21 08:09:23.622124,1704,5307,723.21,merchant_payment,Delhi,mobile,0,4G,morning,0
104855,2025-12-21 09:54:32.083616,1761,5267,182.72,send,Mumbai,mobile,0,4G,morning,0
104856,2025-12-21 11:39:40.545109,1499,5447,722.42,send,Pune,mobile,0,5G,morning,0
104857,2025-12-21 13:24:49.006601,1754,5441,285.95,merchant_payment,Delhi,mobile,0,4G,afternoon,0
104858,2025-12-21 15:09:57.468093,1465,5895,1039.08,send,Pune,mobile,0,4G,afternoon,0
104859,2025-12-21 16:55:05.929585,1691,5652,812.63,send,Bangalore,mobile,0,4G,afternoon,0
104860,2025-12-21 18:40:14.391078,1949,5841,615.84,send,Mumbai,mobile,0,4G,evening,0
104861,2025-12-21 20:25:22.852570,1974,5002,512.11,merchant_payment,Chennai,mobile,1,4G,evening,0
104862,2025-12-21 22:10:31.314062,1731,5520,58.36,merchant_payment,Chennai,mobile,0,4G,evening,0
104863,2025-12-21 23:55:39.775555,1082,5762,146.31,send,Pune,mobile,0,4G,evening,0
104864,2025-12-22 01:40:48.237047,1604,5651,432.33,send,Ahmedabad,mobile,0,4G,night,1
104865,2025-12-22 03:25:56.698539,1947,5636,2251.57,merchant_payment,Chennai,mobile,0,5G,night,0
104866,2025-12-22 05:11:05.160032,1687,5309,866.69,merchant_payment,Ahmedabad,mobile,1,4G,night,0
104867,2025-12-22 06:56:13.621524,1751,5740,3023.12,send,Ahmedabad,mobile,0,5G,morning,0
104868,2025-12-22 08:41:22.083016,1772,5522,535.39,merchant_payment,Hyderabad,mobile,0,4G,morning,0
104869,2025-12-22 10:26:30.544508,1903,5469,477.78,send,Delhi,mobile,0,WiFi,morning,0
104870,2025-12-22 12:11:39.006001,1365,5212,2049.04,send,Bangalore,mobile,0,5G,afternoon,0
104871,2025-12-22 13:56:47.467493,1163,5112,420.22,send,Mumbai,mobile,0,4G,afternoon,0
104872,2025-12-22 15:41:55.928985,1048,5008,183.74,send,Pune,mobile,0,4G,afternoon,1
104873,2025-12-22 17:27:04.390478,1511,5804,676.38,send,Pune,mobile,0,4G,afternoon,0
104874,2025-12-22 19:12:12.851970,1329,5477,1514.01,merchant_payment,Kolkata,mobile,0,5G,evening,0
104875,2025-12-22 20:57:21.313462,1840,5874,215.74,send,Kolkata,mobile,0,5G,evening,0
104876,2025-12-22 22:42:29.774954,1116,5460,888.06,send,Delhi,mobile,0,4G,evening,0
104877,2025-12-23 00:27:38.236447,1941,5253,448.88,send,Bangalore,mobile,0,WiFi,night,0
104878,2025-12-23 02:12:46.697939,1849,5526,773.83,merchant_payment,Hyderabad,mobile,0,4G,night,0
104879,2025-12-23 03:57:55.159431,1337,5752,674.2,merchant_payment,Bangalore,mobile,0,5G,night,0
104880,2025-12-23 05:43:03.620924,1881,5438,325.61,send,Delhi,mobile,0,WiFi,night,0
104881,2025-12-23 07:28:12.082416,1737,5754,443.11,send,Bangalore,mobile,0,WiFi,morning,0
104882,2025-12-23 09:13:20.543908,1864,5981,346.12,send,Kolkata,mobile,0,5G,morning,0
104883,2025-12-23 10:58:29.005401,1840,5854,554.88,receive,Kolkata,mobile,0,WiFi,morning,0
104884,2025-12-23 12:43:37.466893,1147,5661,211.43,send,Mumbai,mobile,0,WiFi,afternoon,0
104885,2025-12-23 14:28:45.928385,1575,5236,268.52,receive,Hyderabad,mobile,0,WiFi,afternoon,0
104886,2025-12-23 16:13:54.389877,1806,5306,325.72,merchant_payment,Kolkata,mobile,0,4G,afternoon,0
104887,2025-12-23 17:59:02.851370,1323,5478,729.02,receive,Mumbai,mobile,0,4G,afternoon,0
104888,2025-12-23 19:44:11.312862,1443,5679,119.64,send,Hyderabad,mobile,0,4G,evening,0
104889,2025-12-23 21:29:19.774354,1837,5020,442.69,send,Kolkata,mobile,0,WiFi,evening,0
104890,2025-12-23 23:14:28.235847,1013,5216,242.69,receive,Hyderabad,mobile,0,4G,evening,0
104891,2025-12-24 00:59:36.697339,1943,5855,326.55,receive,Ahmedabad,mobile,0,4G,night,0
104892,2025-12-24 02:44:45.158831,1494,5135,254.63,send,Bangalore,mobile,0,4G,night,0
104893,2025-12-24 04:29:53.620324,1701,5905,598.59,merchant_payment,Mumbai,mobile,0,5G,night,0
104894,2025-12-24 06:15:02.081816,1287,5129,421.11,receive,Hyderabad,mobile,0,5G,morning,0
104895,2025-12-24 08:00:10.543308,1720,5410,1003.86,send,Pune,tablet,0,4G,morning,0
104896,2025-12-24 09:45:19.004800,1114,5422,736.37,send,Hyderabad,tablet,0,5G,morning,0
104897,2025-12-24 11:30:27.466293,1480,5294,105.95,merchant_payment,Bangalore,mobile,0,4G,morning,0
104898,2025-12-24 13:15:35.927785,1022,5246,188.67,send,Kolkata,mobile,0,4G,afternoon,0
104899,2025-12-24 15:00:44.389277,1349,5701,414.43,merchant_payment,Kolkata,mobile,0,WiFi,afternoon,0
104900,2025-12-24 16:45:52.850770,1726,5556,472.04,send,Pune,tablet,0,5G,afternoon,0
104901,2025-12-24 18:31:01.312262,1683,5086,206.07,send,Delhi,mobile,0,4G,evening,0
104902,2025-12-24 20:16:09.773754,1835,5556,1815.24,merchant_payment,Delhi,mobile,0,WiFi,evening,0
104903,2025-12-24 22:01:18.235247,1566,5842,1169.92,send,Kolkata,mobile,1,4G,evening,0
104904,2025-12-24 23:46:26.696739,1906,5375,95.13,send,Ahmedabad,mobile,0,5G,evening,0
104905,2025-12-25 01:31:35.158231,1810,5446,696.05,send,Pune,mobile,0,5G,night,1
104906,2025-12-25 03:16:43.619723,1320,5378,470.69,merchant_payment,Chennai,mobile,0,4G,night,0
104907,2025-12-25 05:01:52.081216,1126,5390,1709.36,receive,Chennai,tablet,0,5G,night,0
104908,2025-12-25 06:47:00.542708,1277,5657,102.53,send,Pune,mobile,0,4G,morning,0
104909,2025-12-25 08:32:09.004200,1976,5051,3865.53,send,Hyderabad,mobile,0,5G,morning,0
104910,2025-12-25 10:17:17.465693,1204,5242,212.1,receive,Kolkata,mobile,0,4G,morning,0
104911,2025-12-25 12:02:25.927185,1194,5294,719.48,send,Delhi,mobile,0,5G,afternoon,0
104912,2025-12-25 13:47:34.388677,1681,5920,268.71,send,Hyderabad,mobile,0,5G,afternoon,0
104913,2025-12-25 15:32:42.850170,1664,5563,338.27,send,Mumbai,mobile,0,5G,afternoon,0
104914,2025-12-25 17:17:51.311662,1547,5266,90.97,receive,Pune,tablet,0,5G,afternoon,0
104915,2025-12-25 19:02:59.773154,1696,5120,1630.9,send,Pune,mobile,0,4G,evening,0
104916,2025-12-25 20:48:08.234646,1286,5712,376.29,receive,Ahmedabad,mobile,0,4G,evening,0
104917,2025-12-25 22:33:16.696139,1057,5917,402.76,merchant_payment,Delhi,mobile,0,4G,evening,0
104918,2025-12-26 00:18:25.157631,1734,5248,4976.5,merchant_payment,Delhi,mobile,0,WiFi,night,0
104919,2025-12-26 02:03:33.619123,1303,5070,1286.19,merchant_payment,Delhi,mobile,0,WiFi,night,0
104920,2025-12-26 03:48:42.080616,1163,5853,252.56,send,Pune,mobile,0,WiFi,night,0
104921,2025-12-26 05:33:50.542108,1019,5057,267.67,merchant_payment,Chennai,mobile,0,4G,night,0
104922,2025-12-26 07:18:59.003600,1370,5382,638.93,merchant_payment,Bangalore,mobile,0,5G,morning,0
104923,2025-12-26 09:04:07.465093,1264,5039,1065.0,receive,Ahmedabad,mobile,0,5G,morning,0
104924,2025-12-26 10:49:15.926585,1794,5984,2842.51,send,Bangalore,mobile,0,5G,morning,0
104925,2025-12-26 12:34:24.388077,1113,5801,98.68,send,Ahmedabad,mobile,0,5G,afternoon,0
104926,2025-12-26 14:19:32.849569,1488,5443,1019.45,merchant_payment,Pune,mobile,0,4G,afternoon,0
104927,2025-12-26 16:04:41.311062,1327,5018,1197.11,send,Chennai,mobile,0,5G,afternoon,0
104928,2025-12-26 17:49:49.772554,1542,5952,223.74,send,Ahmedabad,mobile,0,5G,afternoon,0
104929,2025-12-26 19:34:58.234046,1647,5732,343.69,receive,Kolkata,mobile,1,4G,evening,1
104930,2025-12-26 21:20:06.695539,1579,5825,96.51,merchant_payment,Kolkata,mobile,0,WiFi,evening,0
104931,2025-12-26 23:05:15.157031,1065,5756,298.6,send,Pune,mobile,0,5G,evening,0
104932,2025-12-27 00:50:23.618523,1292,5352,621.47,merchant_payment,Pune,mobile,0,5G,night,0
104933,2025-12-27 02:35:32.080016,1025,5972,2426.29,merchant_payment,Chennai,mobile,0,5G,night,0
104934,2025-12-27 04:20:40.541508,1549,5816,2660.76,receive,Chennai,mobile,0,5G,night,0
104935,2025-12-27 06:05:49.003000,1001,5298,176.04,receive,Kolkata,mobile,0,4G,morning,0
104936,2025-12-27 07:50:57.464492,1911,5283,2117.22,receive,Bangalore,mobile,0,5G,morning,0
104937,2025-12-27 09:36:05.925985,1549,5586,70.15,merchant_payment,Hyderabad,mobile,0,4G,morning,0
104938,2025-12-27 11:21:14.387477,1141,5110,274.53,merchant_payment,Chennai,mobile,0,WiFi,morning,0
104939,2025-12-27 13:06:22.848969,1744,5180,364.38,merchant_payment,Hyderabad,mobile,0,4G,afternoon,0
104940,2025-12-27 14:51:31.310462,1648,5938,633.84,send,Hyderabad,mobile,0,4G,afternoon,0
104941,2025-12-27 16:36:39.771954,1901,5544,548.13,send,Mumbai,mobile,0,WiFi,afternoon,1
104942,2025-12-27 18:21:48.233446,1188,5746,710.31,send,Bangalore,mobile,0,4G,evening,0
104943,2025-12-27 20:06:56.694938,1128,5794,410.36,receive,Ahmedabad,mobile,0,4G,evening,0
104944,2025-12-27 21:52:05.156431,1201,5025,1286.38,merchant_payment,Pune,mobile,0,WiFi,evening,0
104945,2025-12-27 23:37:13.617923,1127,5843,984.21,send,Hyderabad,mobile,0,4G,evening,0
104946,2025-12-28 01:22:22.079415,1257,5791,368.87,send,Pune,mobile,0,4G,night,0
104947,2025-12-28 03:07:30.540908,1676,5738,1144.12,send,Pune,mobile,0,4G,night,0
104948,2025-12-28 04:52:39.002400,1547,5057,3898.84,send,Bangalore,mobile,0,WiFi,night,0
104949,2025-12-28 06:37:47.463892,1194,5180,251.32,send,Bangalore,mobile,0,4G,morning,0
104950,2025-12-28 08:22:55.925385,1703,5232,2631.57,send,Mumbai,mobile,0,5G,morning,0
104951,2025-12-28 10:08:04.386877,1104,5894,274.93,merchant_payment,Ahmedabad,mobile,0,4G,morning,0
104952,2025-12-28 11:53:12.848369,1535,5343,2018.94,send,Pune,mobile,0,4G,morning,0
104953,2025-12-28 13:38:21.309861,1265,5477,285.45,receive,Kolkata,tablet,0,4G,afternoon,0
104954,2025-12-28 15:23:29.771354,1802,5799,1059.62,receive,Ahmedabad,mobile,0,WiFi,afternoon,0
104955,2025-12-28 17:08:38.232846,1942,5576,589.71,merchant_payment,Ahmedabad,mobile,0,5G,afternoon,0
104956,2025-12-28 18:53:46.694338,1974,5455,82.66,send,Bangalore,mobile,0,4G,evening,0
104957,2025-12-28 20:38:55.155831,1384,5232,3346.11,merchant_payment,Hyderabad,mobile,0,4G,evening,0
104958,2025-12-28 22:24:03.617323,1260,5289,201.25,receive,Kolkata,mobile,0,4G,evening,0
104959,2025-12-29 00:09:12.078815,1414,5213,138.43,send,Kolkata,mobile,0,5G,night,0
104960,2025-12-29 01:54:20.540308,1991,5258,259.97,send,Delhi,mobile,0,4G,night,0
104961,2025-12-29 03:39:29.001800,1358,5530,6193.45,send,Hyderabad,mobile,0,4G,night,0
104962,2025-12-29 05:24:37.463292,1075,5687,140.65,merchant_payment,Hyderabad,mobile,0,5G,night,0
104963,2025-12-29 07:09:45.924784,1355,5929,588.89,receive,Bangalore,tablet,0,4G,morning,0
104964,2025-12-29 08:54:54.386277,1584,5229,160.27,send,Hyderabad,mobile,0,4G,morning,0
104965,2025-12-29 10:40:02.847769,1771,5226,190.24,send,Ahmedabad,mobile,0,4G,morning,0
104966,2025-12-29 12:25:11.309261,1910,5596,99.54,merchant_payment,Pune,mobile,0,4G,afternoon,0
104967,2025-12-29 14:10:19.770754,1188,5803,675.31,merchant_payment,Delhi,mobile,0,4G,afternoon,0
104968,2025-12-29 15:55:28.232246,1973,5435,419.38,receive,Bangalore,mobile,0,4G,afternoon,0
104969,2025-12-29 17:40:36.693738,1685,5882,158.96,receive,Chennai,mobile,0,5G,afternoon,1
104970,2025-12-29 19:25:45.155231,1992,5758,1179.92,merchant_payment,Hyderabad,mobile,0,5G,evening,0
104971,2025-12-29 21:10:53.616723,1290,5402,1311.23,merchant_payment,Hyderabad,mobile,0,5G,evening,1
104972,2025-12-29 22:56:02.078215,1045,5622,740.42,send,Mumbai,mobile,0,5G,evening,0
104973,2025-12-30 00:41:10.539707,1573,5766,1588.7,send,Chennai,mobile,0,5G,night,0
104974,2025-12-30 02:26:19.001200,1083,5088,347.58,merchant_payment,Chennai,mobile,0,4G,night,1
104975,2025-12-30 04:11:27.462692,1123,5584,680.19,send,Pune,tablet,0,4G,night,0
104976,2025-12-30 05:56:35.924184,1358,5893,348.92,send,Delhi,mobile,0,4G,night,0
104977,2025-12-30 07:41:44.385677,1528,5542,109.14,merchant_payment,Pune,mobile,0,WiFi,morning,0
104978,2025-12-30 09:26:52.847169,1066,5684,613.54,receive,Chennai,mobile,0,5G,morning,0
104979,2025-12-30 11:12:01.308661,1936,5309,577.48,merchant_payment,Pune,mobile,0,4G,morning,0
104980,2025-12-30 12:57:09.770154,1657,5906,478.09,receive,Ahmedabad,mobile,0,4G,afternoon,0
104981,2025-12-30 14:42:18.231646,1375,5343,716.14,merchant_payment,Pune,tablet,0,5G,afternoon,1
104982,2025-12-30 16:27:26.693138,1162,5436,2022.12,send,Mumbai,mobile,0,4G,afternoon,0
104983,2025-12-30 18:12:35.154630,1746,5177,401.65,merchant_payment,Ahmedabad,mobile,0,5G,evening,0
104984,2025-12-30 19:57:43.616123,1380,5139,189.21,send,Delhi,mobile,0,WiFi,evening,1
104985,2025-12-30 21:42:52.077615,1656,5194,384.62,send,Pune,mobile,0,4G,evening,0
104986,2025-12-30 23:28:00.539107,1358,5186,429.73,send,Pune,mobile,0,4G,evening,0
104987,2025-12-31 01:13:09.000600,1188,5218,1317.63,merchant_payment,Chennai,mobile,0,4G,night,0
104988,2025-12-31 02:58:17.462092,1322,5164,548.21,send,Delhi,mobile,0,4G,night,0
104989,2025-12-31 04:43:25.923584,1450,5161,156.31,receive,Ahmedabad,mobile,0,5G,night,0
104990,2025-12-31 06:28:34.385077,1474,5943,1102.63,send,Chennai,mobile,0,4G,morning,0
104991,2025-12-31 08:13:42.846569,1013,5525,939.29,send,Chennai,mobile,0,4G,morning,0
104992,2025-12-31 09:58:51.308061,1184,5808,548.45,receive,Pune,mobile,0,5G,morning,0
104993,2025-12-31 11:43:59.769553,1111,5601,1271.87,merchant_payment,Kolkata,mobile,0,WiFi,morning,0
104994,2025-12-31 13:29:08.231046,1927,5836,1503.58,send,Chennai,mobile,0,5G,afternoon,0
104995,2025-12-31 15:14:16.692538,1508,5042,337.84,receive,Pune,mobile,0,4G,afternoon,0
104996,2025-12-31 16:59:25.154030,1290,5915,200.3,merchant_payment,Hyderabad,mobile,0,4G,afternoon,0
104997,2025-12-31 18:44:33.615523,1295,5210,486.93,merchant_payment,Chennai,mobile,0,5G,evening,0
104998,2025-12-31 20:29:42.077015,1451,5741,842.7,merchant_payment,Hyderabad,mobile,0,4G,evening,0
104999,2025-12-31 22:14:50.538507,1904,5862,443.48,send,Ahmedabad,mobile,0,4G,evening,0
105000,2025-12-31 23:59:59.000000,1215,5275,183.38,receive,Bangalore,mobile,1,WiFi,evening,0
